Symbol,Timestamp,Last,Bid,Ask,BidSize,AskSize,Volume,Open,High,Low,Close,Spread,VWAP,RSI,EMA9,EMA26,ALMA,ATR,up_001_002,up_002_005,up_005_010,up_010_plus,dn_001_002,dn_002_005,dn_005_010,dn_010_plus
NVDA,1749244357914,141.9200,141.9100,141.9300,1400,200,170,141.9300,141.9300,141.9300,141.9300,0.0200,142.1569,0.0000,0.0000,0.0000,0.0000,0.0000,0.00,0.00,0.00,0.00,0.00,0.00,0.00,0.00
NVDA,1749244360462,141.9200,141.9100,141.9200,1400,400,170,141.9300,141.9300,141.9300,141.9300,0.0100,142.1569,0.0000,0.0000,0.0000,0.0000,0.0000,0.00,0.00,0.00,0.00,0.00,0.00,0.00,0.00
NVDA,1749244360997,141.9200,141.9100,141.9200,1400,400,170,141.9200,141.9200,141.9200,141.9200,0.0100,142.1569,0.0000,0.0000,0.0000,0.0000,0.0000,0.00,0.00,0.00,0.00,0.00,0.00,0.00,0.00
NVDA,1749244361261,141.9200,141.9100,141.9200,1400,400,170,141.9200,141.9200,141.9200,141.9200,0.0100,142.1569,0.0000,0.0000,0.0000,0.0000,0.0000,0.00,0.00,0.00,0.00,0.00,0.00,0.00,0.00
NVDA,1749244361751,141.9200,141.9100,141.9200,1300,400,170,141.9200,141.9200,141.9200,141.9200,0.0100,142.1569,0.0000,0.0000,0.0000,0.0000,0.0000,0.00,0.00,0.00,0.00,0.00,0.00,0.00,0.00
NVDA,1749244361751,141.9100,141.9100,141.9200,1300,400,173,141.9200,141.9200,141.9200,141.9200,0.0100,142.1569,0.0000,0.0000,0.0000,0.0000,0.0000,0.00,0.00,0.00,0.00,0.00,0.00,0.00,0.00
NVDA,1749244361751,141.9200,141.9100,141.9200,1300,400,183,141.9200,141.9200,141.9200,141.9200,0.0100,142.1569,0.0000,0.0000,0.0000,0.0000,0.0000,0.00,0.00,0.00,0.00,0.00,0.00,0.00,0.00
NVDA,1749244361751,141.9100,141.9100,141.9200,1300,400,186,141.9200,141.9200,141.9200,141.9200,0.0100,142.1569,0.0000,0.0000,0.0000,0.0000,0.0000,0.00,0.00,0.00,0.00,0.00,0.00,0.00,0.00
NVDA,1749244362484,141.9100,141.9100,141.9200,1200,400,186,141.9200,141.9200,141.9200,141.9200,0.0100,142.1569,0.0000,0.0000,0.0000,0.0000,0.0000,0.00,0.00,0.00,0.00,0.00,0.00,0.00,0.00
NVDA,1749244364260,141.9100,141.9100,141.9200,1200,400,186,141.9200,141.9200,141.9200,141.9200,0.0100,142.1569,0.0000,0.0000,0.0000,0.0000,0.0000,0.00,0.00,0.00,0.00,0.00,0.00,0.00,0.00
NVDA,1749244364783,141.9200,141.9100,141.9200,1200,400,189,141.9200,141.9200,141.9200,141.9200,0.0100,142.1569,0.0000,0.0000,0.0000,0.0000,0.0000,0.00,0.00,0.00,0.00,0.00,0.00,0.00,0.00
NVDA,1749244365510,141.9200,141.9100,141.9200,1200,400,189,141.9200,141.9200,141.9200,141.9200,0.0100,142.1569,0.0000,0.0000,0.0000,0.0000,0.0000,0.00,0.00,0.00,0.00,0.00,0.00,0.00,0.00
NVDA,1749244366009,141.9200,141.9100,141.9200,1200,400,189,141.9200,141.9200,141.9200,141.9200,0.0100,142.1569,0.0000,0.0000,0.0000,0.0000,0.0000,0.00,0.00,0.00,0.00,0.00,0.00,0.00,0.00
NVDA,1749244366162,141.9100,141.9100,141.9200,1200,400,190,141.9200,141.9200,141.9200,141.9200,0.0100,142.1569,0.0000,0.0000,0.0000,0.0000,0.0000,0.00,0.00,0.00,0.00,0.00,0.00,0.00,0.00
NVDA,1749244367017,141.9100,141.9100,141.9200,1200,400,190,141.9200,141.9200,141.9200,141.9200,0.0100,142.1569,0.0000,0.0000,0.0000,0.0000,0.0000,0.00,0.00,0.00,0.00,0.00,0.00,0.00,0.00
NVDA,1749244367414,141.9200,141.9100,141.9200,1200,400,455,141.9200,141.9200,141.9200,141.9200,0.0100,142.1569,0.0000,0.0000,0.0000,0.0000,0.0000,0.00,0.00,0.00,0.00,0.00,0.00,0.00,0.00
NVDA,1749244368274,141.9200,141.9100,141.9200,1200,400,720,141.9200,141.9200,141.9200,141.9200,0.0100,142.1569,0.0000,0.0000,0.0000,0.0000,0.0000,0.00,0.00,0.00,0.00,0.00,0.00,0.00,0.00
NVDA,1749244369001,141.9100,141.9100,141.9200,1200,400,773,141.9200,141.9200,141.9200,141.9200,0.0100,142.1569,0.0000,0.0000,0.0000,0.0000,0.0000,0.00,0.00,0.00,0.00,0.00,0.00,0.00,0.00
NVDA,1749244371006,141.9100,141.9100,141.9200,1200,400,773,141.9200,141.9200,141.9100,141.9200,0.0100,142.1569,0.0000,0.0000,0.0000,0.0000,0.0000,0.00,0.00,0.00,0.00,0.00,0.00,0.00,0.00
NVDA,1749244375891,141.9100,141.9100,141.9300,1200,200,773,141.9200,141.9200,141.9100,141.9200,0.0200,142.1569,0.0000,0.0000,0.0000,0.0000,0.0000,0.00,0.00,0.00,0.00,0.00,0.00,0.00,0.00
NVDA,1749244376065,141.9100,141.9100,141.9300,1200,200,773,141.9100,141.9100,141.9100,141.9100,0.0200,142.1569,0.0000,0.0000,0.0000,0.0000,0.0000,0.00,0.00,0.00,0.00,0.00,0.00,0.00,0.00
NVDA,1749244377531,141.9100,141.9100,141.9300,1200,200,773,141.9100,141.9100,141.9100,141.9100,0.0200,142.1569,0.0000,0.0000,0.0000,0.0000,0.0000,0.00,0.00,0.00,0.00,0.00,0.00,0.00,0.00
NVDA,1749244377531,141.9100,141.9100,141.9300,1200,100,773,141.9100,141.9100,141.9100,141.9100,0.0200,142.1569,0.0000,0.0000,0.0000,0.0000,0.0000,0.00,0.00,0.00,0.00,0.00,0.00,0.00,0.00
NVDA,1749244377531,141.9100,141.9100,141.9300,1200,200,773,141.9100,141.9100,141.9100,141.9100,0.0200,142.1569,0.0000,0.0000,0.0000,0.0000,0.0000,0.00,0.00,0.00,0.00,0.00,0.00,0.00,0.00
NVDA,1749244378240,141.9100,141.9100,141.9300,1200,200,823,141.9100,141.9100,141.9100,141.9100,0.0200,142.1569,0.0000,0.0000,0.0000,0.0000,0.0000,0.00,0.00,0.00,0.00,0.00,0.00,0.00,0.00
NVDA,1749244378787,141.9100,141.9100,141.9300,1200,200,823,141.9100,141.9100,141.9100,141.9100,0.0200,142.1569,0.0000,0.0000,0.0000,0.0000,0.0000,0.00,0.00,0.00,0.00,0.00,0.00,0.00,0.00
NVDA,1749244379278,141.9100,141.9100,141.9300,1200,200,823,141.9100,141.9100,141.9100,141.9100,0.0200,142.1569,0.0000,0.0000,0.0000,0.0000,0.0000,0.00,0.00,0.00,0.00,0.00,0.00,0.00,0.00
NVDA,1749244379432,141.9200,141.9100,141.9300,1200,200,824,141.9100,141.9100,141.9100,141.9100,0.0200,142.1569,0.0000,0.0000,0.0000,0.0000,0.0000,0.00,0.00,0.00,0.00,0.00,0.00,0.00,0.00
NVDA,1749244379781,141.9200,141.9100,141.9300,1200,200,824,141.9100,141.9100,141.9100,141.9100,0.0200,142.1569,0.0000,0.0000,0.0000,0.0000,0.0000,0.00,0.00,0.00,0.00,0.00,0.00,0.00,0.00
NVDA,1749244380029,141.9200,141.9200,141.9300,100,200,824,141.9100,141.9100,141.9100,141.9100,0.0100,142.1569,50.0000,141.9200,141.9200,0.0000,0.0000,0.00,0.00,0.00,0.00,0.00,0.00,0.00,0.00
NVDA,1749244380784,141.9200,141.9200,141.9300,100,200,1024,141.9100,141.9100,141.9100,141.9100,0.0100,142.1569,50.0000,141.9200,141.9200,0.0000,0.0000,0.00,0.00,0.00,0.00,0.00,0.00,0.00,0.00
NVDA,1749244381007,141.9200,141.9200,141.9300,100,200,1024,141.9100,141.9100,141.9100,141.9100,0.0100,142.1569,50.0000,141.9200,141.9200,0.0000,0.0000,0.00,0.00,0.00,0.00,0.00,0.00,0.00,0.00
NVDA,1749244381235,141.9200,141.9200,141.9300,100,200,1025,141.9100,141.9100,141.9100,141.9100,0.0100,142.1569,50.0000,141.9200,141.9200,0.0000,0.0000,0.00,0.00,0.00,0.00,0.00,0.00,0.00,0.00
NVDA,1749244381779,141.9200,141.9200,141.9300,100,200,1025,141.9100,141.9100,141.9100,141.9100,0.0100,142.1569,50.0000,141.9200,141.9200,0.0000,0.0000,0.00,0.00,0.00,0.00,0.00,0.00,0.00,0.00
NVDA,1749244386010,141.9200,141.9200,141.9300,100,200,1130,141.9200,141.9200,141.9200,141.9200,0.0100,142.1569,50.0000,141.9200,141.9200,0.0000,0.0000,0.00,0.00,0.00,0.00,0.00,0.00,0.00,0.00
NVDA,1749244388542,141.9200,141.9200,141.9300,100,200,1130,141.9200,141.9200,141.9200,141.9200,0.0100,142.1569,50.0000,141.9200,141.9200,0.0000,0.0000,0.00,0.00,0.00,0.00,0.00,0.00,0.00,0.00
NVDA,1749244389059,141.9300,141.9200,141.9300,100,200,1131,141.9200,141.9200,141.9200,141.9200,0.0100,142.1569,50.0000,141.9200,141.9200,0.0000,0.0000,0.00,0.00,0.00,0.00,0.00,0.00,0.00,0.00
NVDA,1749244389543,141.9300,141.9200,141.9300,100,200,1131,141.9200,141.9200,141.9200,141.9200,0.0100,142.1569,50.0000,141.9200,141.9200,0.0000,0.0000,0.00,0.00,0.00,0.00,0.00,0.00,0.00,0.00
NVDA,1749244390154,141.9200,141.9200,141.9300,100,200,1231,141.9200,141.9200,141.9200,141.9200,0.0100,142.1569,50.0000,141.9200,141.9200,0.0000,0.0000,0.00,0.00,0.00,0.00,0.00,0.00,0.00,0.00
NVDA,1749244390802,141.9200,141.9200,141.9300,100,200,1231,141.9200,141.9200,141.9200,141.9200,0.0100,142.1569,50.0000,141.9200,141.9200,0.0000,0.0000,0.00,0.00,0.00,0.00,0.00,0.00,0.00,0.00
NVDA,1749244391005,141.9200,141.9200,141.9300,100,200,1231,141.9200,141.9200,141.9200,141.9200,0.0100,142.1569,50.0000,141.9200,141.9200,0.0000,0.0000,0.00,0.00,0.00,0.00,0.00,0.00,0.00,0.00
NVDA,1749244391307,141.9200,141.9200,141.9300,100,200,1251,141.9200,141.9200,141.9200,141.9200,0.0100,142.1569,50.0000,141.9200,141.9200,0.0000,0.0000,0.00,0.00,0.00,0.00,0.00,0.00,0.00,0.00
NVDA,1749244392051,141.9200,141.9200,141.9300,100,200,1251,141.9200,141.9200,141.9200,141.9200,0.0100,142.1569,50.0000,141.9200,141.9200,0.0000,0.0000,0.00,0.00,0.00,0.00,0.00,0.00,0.00,0.00
NVDA,1749244392299,141.9200,141.9200,141.9300,100,200,1251,141.9200,141.9200,141.9200,141.9200,0.0100,142.1569,50.0000,141.9200,141.9200,0.0000,0.0000,0.00,0.00,0.00,0.00,0.00,0.00,0.00,0.00
NVDA,1749244392787,141.9200,141.9200,141.9300,100,200,1253,141.9200,141.9200,141.9200,141.9200,0.0100,142.1569,50.0000,141.9200,141.9200,0.0000,0.0000,0.00,0.00,0.00,0.00,0.00,0.00,0.00,0.00
NVDA,1749244392787,141.9300,141.9200,141.9300,100,200,1254,141.9200,141.9200,141.9200,141.9200,0.0100,142.1569,50.0000,141.9200,141.9200,0.0000,0.0000,0.00,0.00,0.00,0.00,0.00,0.00,0.00,0.00
NVDA,1749244396002,141.9300,141.9200,141.9300,100,200,1254,141.9200,141.9200,141.9200,141.9200,0.0100,142.1569,50.0000,141.9200,141.9200,0.0000,0.0000,0.00,0.00,0.00,0.00,0.00,0.00,0.00,0.00
NVDA,1749244399059,141.9300,141.9200,141.9300,100,200,1254,141.9200,141.9200,141.9200,141.9200,0.0100,142.1569,50.0000,141.9200,141.9200,0.0000,0.0000,0.00,0.00,0.00,0.00,0.00,0.00,0.00,0.00
NVDA,1749244399759,141.9300,141.9200,141.9300,100,200,1354,141.9200,141.9200,141.9200,141.9200,0.0100,142.1569,50.0000,141.9200,141.9200,0.0000,0.0000,0.00,0.00,0.00,0.00,0.00,0.00,0.00,0.00
NVDA,1749244400808,141.9300,141.9200,141.9300,100,200,1354,141.9200,141.9200,141.9200,141.9200,0.0100,142.1569,50.0000,141.9200,141.9200,0.0000,0.0000,0.00,0.00,0.00,0.00,0.00,0.00,0.00,0.00
NVDA,1749244401006,141.9300,141.9200,141.9300,100,200,1354,141.9300,141.9300,141.9300,141.9300,0.0100,142.1569,50.0000,141.9200,141.9200,0.0000,0.0000,0.00,0.00,0.00,0.00,0.00,0.00,0.00,0.00
NVDA,1749244401291,141.9200,141.9200,141.9300,100,200,1399,141.9300,141.9300,141.9300,141.9300,0.0100,142.1569,50.0000,141.9200,141.9200,0.0000,0.0000,0.00,0.00,0.00,0.00,0.00,0.00,0.00,0.00
NVDA,1749244401291,141.9200,141.9100,141.9300,1400,200,1399,141.9300,141.9300,141.9300,141.9300,0.0200,142.1569,50.0000,141.9200,141.9200,0.0000,0.0000,0.00,0.00,0.00,0.00,0.00,0.00,0.00,0.00
NVDA,1749244401558,141.9200,141.9100,141.9300,1400,200,1399,141.9300,141.9300,141.9300,141.9300,0.0200,142.1569,50.0000,141.9200,141.9200,0.0000,0.0000,0.00,0.00,0.00,0.00,0.00,0.00,0.00,0.00
NVDA,1749244402019,141.9200,141.9100,141.9300,1400,200,1483,141.9300,141.9300,141.9300,141.9300,0.0200,142.1569,50.0000,141.9200,141.9200,0.0000,0.0000,0.00,0.00,0.00,0.00,0.00,0.00,0.00,0.00
NVDA,1749244402019,141.9200,141.9100,141.9300,1300,200,1483,141.9300,141.9300,141.9300,141.9300,0.0200,142.1569,50.0000,141.9200,141.9200,0.0000,0.0000,0.00,0.00,0.00,0.00,0.00,0.00,0.00,0.00
NVDA,1749244402115,141.9200,141.9100,141.9300,1300,200,1483,141.9300,141.9300,141.9300,141.9300,0.0200,142.1569,50.0000,141.9200,141.9200,0.0000,0.0000,0.00,0.00,0.00,0.00,0.00,0.00,0.00,0.00
NVDA,1749244402762,141.9200,141.9100,141.9300,1200,200,1483,141.9300,141.9300,141.9300,141.9300,0.0200,142.1569,50.0000,141.9200,141.9200,0.0000,0.0000,0.00,0.00,0.00,0.00,0.00,0.00,0.00,0.00
NVDA,1749244402762,141.9200,141.9100,141.9200,1100,1900,1483,141.9300,141.9300,141.9300,141.9300,0.0100,142.1569,50.0000,141.9200,141.9200,0.0000,0.0000,0.00,0.00,0.00,0.00,0.00,0.00,0.00,0.00
NVDA,1749244402762,141.9200,141.9100,141.9200,1000,1900,1483,141.9300,141.9300,141.9300,141.9300,0.0100,142.1569,50.0000,141.9200,141.9200,0.0000,0.0000,0.00,0.00,0.00,0.00,0.00,0.00,0.00,0.00
NVDA,1749244402762,141.9100,141.9100,141.9200,1000,1900,1564,141.9300,141.9300,141.9300,141.9300,0.0100,142.1569,50.0000,141.9200,141.9200,0.0000,0.0000,0.00,0.00,0.00,0.00,0.00,0.00,0.00,0.00
NVDA,1749244404316,141.9100,141.9100,141.9200,1000,1900,1864,141.9300,141.9300,141.9300,141.9300,0.0100,142.1569,50.0000,141.9200,141.9200,0.0000,0.0000,0.00,0.00,0.00,0.00,0.00,0.00,0.00,0.00
NVDA,1749244404561,141.9100,141.9100,141.9200,1000,1900,1864,141.9300,141.9300,141.9300,141.9300,0.0100,142.1569,50.0000,141.9200,141.9200,0.0000,0.0000,0.00,0.00,0.00,0.00,0.00,0.00,0.00,0.00
NVDA,1749244404711,141.9100,141.9100,141.9200,1000,1900,1865,141.9300,141.9300,141.9300,141.9300,0.0100,142.1569,50.0000,141.9200,141.9200,0.0000,0.0000,0.00,0.00,0.00,0.00,0.00,0.00,0.00,0.00
NVDA,1749244404824,141.9100,141.9100,141.9200,1000,1900,1865,141.9300,141.9300,141.9300,141.9300,0.0100,142.1569,50.0000,141.9200,141.9200,0.0000,0.0000,0.00,0.00,0.00,0.00,0.00,0.00,0.00,0.00
NVDA,1749244405073,141.9100,141.9100,141.9200,1000,1900,1865,141.9300,141.9300,141.9300,141.9300,0.0100,142.1569,50.0000,141.9200,141.9200,0.0000,0.0000,0.00,0.00,0.00,0.00,0.00,0.00,0.00,0.00
NVDA,1749244405242,141.9200,141.9100,141.9200,1000,1900,1915,141.9300,141.9300,141.9300,141.9300,0.0100,142.1569,50.0000,141.9200,141.9200,0.0000,0.0000,0.00,0.00,0.00,0.00,0.00,0.00,0.00,0.00
NVDA,1749244405242,141.9100,141.9100,141.9200,1000,1900,1966,141.9300,141.9300,141.9300,141.9300,0.0100,142.1569,50.0000,141.9200,141.9200,0.0000,0.0000,0.00,0.00,0.00,0.00,0.00,0.00,0.00,0.00
NVDA,1749244405320,141.9100,141.9100,141.9200,1000,1900,1973,141.9300,141.9300,141.9300,141.9300,0.0100,142.1569,50.0000,141.9200,141.9200,0.0000,0.0000,0.00,0.00,0.00,0.00,0.00,0.00,0.00,0.00
NVDA,1749244405561,141.9100,141.9100,141.9200,1000,1900,1973,141.9300,141.9300,141.9300,141.9300,0.0100,142.1569,50.0000,141.9200,141.9200,0.0000,0.0000,0.00,0.00,0.00,0.00,0.00,0.00,0.00,0.00
NVDA,1749244406005,141.9100,141.9100,141.9200,1000,1900,1973,141.9100,141.9100,141.9100,141.9100,0.0100,142.1569,50.0000,141.9200,141.9200,0.0000,0.0000,0.00,0.00,0.00,0.00,0.00,0.00,0.00,0.00
NVDA,1749244406005,141.9100,141.9100,141.9200,1000,2000,1973,141.9100,141.9100,141.9100,141.9100,0.0100,142.1569,50.0000,141.9200,141.9200,0.0000,0.0000,0.00,0.00,0.00,0.00,0.00,0.00,0.00,0.00
NVDA,1749244406820,141.9100,141.9100,141.9200,1000,2000,1975,141.9100,141.9100,141.9100,141.9100,0.0100,142.1569,50.0000,141.9200,141.9200,0.0000,0.0000,0.00,0.00,0.00,0.00,0.00,0.00,0.00,0.00
NVDA,1749244407066,141.9100,141.9100,141.9200,1000,2000,1975,141.9100,141.9100,141.9100,141.9100,0.0100,142.1569,50.0000,141.9200,141.9200,0.0000,0.0000,0.00,0.00,0.00,0.00,0.00,0.00,0.00,0.00
NVDA,1749244407552,141.9100,141.9100,141.9200,1000,1700,1975,141.9100,141.9100,141.9100,141.9100,0.0100,142.1569,50.0000,141.9200,141.9200,0.0000,0.0000,0.00,0.00,0.00,0.00,0.00,0.00,0.00,0.00
NVDA,1749244407552,141.9100,141.9100,141.9200,1000,1600,1975,141.9100,141.9100,141.9100,141.9100,0.0100,142.1569,50.0000,141.9200,141.9200,0.0000,0.0000,0.00,0.00,0.00,0.00,0.00,0.00,0.00,0.00
NVDA,1749244407552,141.9200,141.9100,141.9200,1000,1600,2275,141.9100,141.9100,141.9100,141.9100,0.0100,142.1569,50.0000,141.9200,141.9200,0.0000,0.0000,0.00,0.00,0.00,0.00,0.00,0.00,0.00,0.00
NVDA,1749244407552,141.9100,141.9100,141.9200,1000,1600,2284,141.9100,141.9100,141.9100,141.9100,0.0100,142.1569,50.0000,141.9200,141.9200,0.0000,0.0000,0.00,0.00,0.00,0.00,0.00,0.00,0.00,0.00
NVDA,1749244408317,141.9100,141.9100,141.9200,1000,1600,2284,141.9100,141.9100,141.9100,141.9100,0.0100,142.1569,50.0000,141.9200,141.9200,0.0000,0.0000,0.00,0.00,0.00,0.00,0.00,0.00,0.00,0.00
NVDA,1749244408573,141.9100,141.9100,141.9200,1000,1600,2284,141.9100,141.9100,141.9100,141.9100,0.0100,142.1569,50.0000,141.9200,141.9200,0.0000,0.0000,0.00,0.00,0.00,0.00,0.00,0.00,0.00,0.00
NVDA,1749244408741,141.9200,141.9100,141.9200,1000,1600,2285,141.9100,141.9100,141.9100,141.9100,0.0100,142.1569,50.0000,141.9200,141.9200,0.0000,0.0000,0.00,0.00,0.00,0.00,0.00,0.00,0.00,0.00
NVDA,1749244408741,141.9100,141.9100,141.9200,1000,1600,2286,141.9100,141.9100,141.9100,141.9100,0.0100,142.1569,50.0000,141.9200,141.9200,0.0000,0.0000,0.00,0.00,0.00,0.00,0.00,0.00,0.00,0.00
NVDA,1749244409320,141.9100,141.9100,141.9200,1000,1600,2286,141.9100,141.9100,141.9100,141.9100,0.0100,142.1569,50.0000,141.9200,141.9200,0.0000,0.0000,0.00,0.00,0.00,0.00,0.00,0.00,0.00,0.00
NVDA,1749244409963,141.9100,141.9100,141.9200,1000,1600,2366,141.9100,141.9100,141.9100,141.9100,0.0100,142.1569,50.0000,141.9200,141.9200,0.0000,0.0000,0.00,0.00,0.00,0.00,0.00,0.00,0.00,0.00
NVDA,1749244410995,141.9100,141.9100,141.9200,1000,1600,2366,141.9200,141.9200,141.9200,141.9200,0.0100,142.1569,50.0000,141.9200,141.9200,0.0000,0.0000,0.00,0.00,0.00,0.00,0.00,0.00,0.00,0.00
NVDA,1749244411573,141.9100,141.9100,141.9200,1000,1600,2366,141.9200,141.9200,141.9200,141.9200,0.0100,142.1569,50.0000,141.9200,141.9200,0.0000,0.0000,0.00,0.00,0.00,0.00,0.00,0.00,0.00,0.00
NVDA,1749244411968,141.9200,141.9100,141.9200,1000,1600,2381,141.9200,141.9200,141.9200,141.9200,0.0100,142.1569,50.0000,141.9200,141.9200,0.0000,0.0000,0.00,0.00,0.00,0.00,0.00,0.00,0.00,0.00
NVDA,1749244412073,141.9200,141.9100,141.9200,1000,1600,2381,141.9200,141.9200,141.9200,141.9200,0.0100,142.1569,50.0000,141.9200,141.9200,0.0000,0.0000,0.00,0.00,0.00,0.00,0.00,0.00,0.00,0.00
NVDA,1749244412492,141.9200,141.9100,141.9200,1000,1600,2388,141.9200,141.9200,141.9200,141.9200,0.0100,142.1569,50.0000,141.9200,141.9200,0.0000,0.0000,0.00,0.00,0.00,0.00,0.00,0.00,0.00,0.00
NVDA,1749244412492,141.9100,141.9100,141.9200,1000,1600,2389,141.9200,141.9200,141.9200,141.9200,0.0100,142.1569,50.0000,141.9200,141.9200,0.0000,0.0000,0.00,0.00,0.00,0.00,0.00,0.00,0.00,0.00
NVDA,1749244413322,141.9100,141.9100,141.9200,1000,1600,2389,141.9200,141.9200,141.9200,141.9200,0.0100,142.1569,50.0000,141.9200,141.9200,0.0000,0.0000,0.00,0.00,0.00,0.00,0.00,0.00,0.00,0.00
NVDA,1749244413827,141.9100,141.9100,141.9200,1000,1600,2389,141.9200,141.9200,141.9200,141.9200,0.0100,142.1569,50.0000,141.9200,141.9200,0.0000,0.0000,0.00,0.00,0.00,0.00,0.00,0.00,0.00,0.00
NVDA,1749244414439,141.9100,141.9100,141.9200,1000,1600,2417,141.9200,141.9200,141.9200,141.9200,0.0100,142.1569,50.0000,141.9200,141.9200,0.0000,0.0000,0.00,0.00,0.00,0.00,0.00,0.00,0.00,0.00
NVDA,1749244414823,141.9100,141.9100,141.9200,1000,1600,2417,141.9200,141.9200,141.9200,141.9200,0.0100,142.1569,50.0000,141.9200,141.9200,0.0000,0.0000,0.00,0.00,0.00,0.00,0.00,0.00,0.00,0.00
NVDA,1749244415074,141.9100,141.9100,141.9200,1000,1600,2417,141.9200,141.9200,141.9200,141.9200,0.0100,142.1569,50.0000,141.9200,141.9200,0.0000,0.0000,0.00,0.00,0.00,0.00,0.00,0.00,0.00,0.00
NVDA,1749244415223,141.9200,141.9100,141.9200,1000,1600,2513,141.9200,141.9200,141.9200,141.9200,0.0100,142.1569,50.0000,141.9200,141.9200,0.0000,0.0000,0.00,0.00,0.00,0.00,0.00,0.00,0.00,0.00
NVDA,1749244415223,141.9300,141.9100,141.9200,1000,1600,2612,141.9200,141.9200,141.9200,141.9200,0.0100,142.1569,50.0000,141.9200,141.9200,0.0000,0.0000,0.00,0.00,0.00,0.00,0.00,0.00,0.00,0.00
NVDA,1749244415223,141.9200,141.9100,141.9200,1000,1600,2711,141.9200,141.9200,141.9200,141.9200,0.0100,142.1569,50.0000,141.9200,141.9200,0.0000,0.0000,0.00,0.00,0.00,0.00,0.00,0.00,0.00,0.00
NVDA,1749244415223,141.9300,141.9100,141.9200,1000,1600,2836,141.9200,141.9200,141.9200,141.9200,0.0100,142.1569,50.0000,141.9200,141.9200,0.0000,0.0000,0.00,0.00,0.00,0.00,0.00,0.00,0.00,0.00
NVDA,1749244415223,141.9400,141.9100,141.9200,1000,1600,2933,141.9200,141.9200,141.9200,141.9200,0.0100,142.1569,50.0000,141.9200,141.9200,0.0000,0.0000,0.00,0.00,0.00,0.00,0.00,0.00,0.00,0.00
NVDA,1749244415223,141.9200,141.9100,141.9200,1000,1600,4548,141.9200,141.9200,141.9200,141.9200,0.0100,142.1569,50.0000,141.9200,141.9200,0.0000,0.0000,0.00,0.00,0.00,0.00,0.00,0.00,0.00,0.00
NVDA,1749244415223,141.9400,141.9100,141.9200,1000,1600,4872,141.9200,141.9200,141.9200,141.9200,0.0100,142.1569,50.0000,141.9200,141.9200,0.0000,0.0000,0.00,0.00,0.00,0.00,0.00,0.00,0.00,0.00
NVDA,1749244415223,141.9500,141.9100,141.9200,1000,1600,5328,141.9200,141.9200,141.9200,141.9200,0.0100,142.1569,50.0000,141.9200,141.9200,0.0000,0.0000,0.00,0.00,0.00,0.00,0.00,0.00,0.00,0.00
NVDA,1749244415223,141.9500,141.9100,141.9400,1000,200,5981,141.9200,141.9200,141.9200,141.9200,0.0300,142.1569,50.0000,141.9200,141.9200,0.0000,0.0000,0.00,0.00,0.00,0.00,0.00,0.00,0.00,0.00
NVDA,1749244415223,141.9500,141.9100,141.9500,1100,1400,5981,141.9200,141.9200,141.9200,141.9200,0.0400,142.1569,50.0000,141.9200,141.9200,0.0000,0.0000,0.00,0.00,0.00,0.00,0.00,0.00,0.00,0.00
NVDA,1749244415223,141.9500,141.9100,141.9500,1100,800,5981,141.9200,141.9200,141.9200,141.9200,0.0400,142.1569,50.0000,141.9200,141.9200,0.0000,0.0000,0.00,0.00,0.00,0.00,0.00,0.00,0.00,0.00
NVDA,1749244415223,141.9500,141.9100,141.9500,1000,800,5981,141.9200,141.9200,141.9200,141.9200,0.0400,142.1569,50.0000,141.9200,141.9200,0.0000,0.0000,0.00,0.00,0.00,0.00,0.00,0.00,0.00,0.00
NVDA,1749244415505,141.9500,141.9100,141.9500,1000,800,5981,141.9300,141.9500,141.9200,141.9500,0.0400,142.1569,50.0000,141.9200,141.9200,0.0000,0.0000,0.00,0.00,0.00,0.00,0.00,0.00,0.00,0.00
NVDA,1749244415762,141.9100,141.9100,141.9500,1000,800,6081,141.9300,141.9500,141.9200,141.9500,0.0400,142.1569,50.0000,141.9200,141.9200,0.0000,0.0000,0.00,0.00,0.00,0.00,0.00,0.00,0.00,0.00
NVDA,1749244416079,141.9100,141.9100,141.9500,1000,800,6081,141.9300,141.9500,141.9200,141.9500,0.0400,142.1569,50.0000,141.9200,141.9200,0.0000,0.0000,0.00,0.00,0.00,0.00,0.00,0.00,0.00,0.00
NVDA,1749244416525,141.9100,141.9100,141.9200,1000,1600,6081,141.9300,141.9500,141.9200,141.9500,0.0100,142.1569,50.0000,141.9200,141.9200,0.0000,0.0000,0.00,0.00,0.00,0.00,0.00,0.00,0.00,0.00
NVDA,1749244416525,141.9300,141.9100,141.9200,1000,1600,6082,141.9300,141.9500,141.9200,141.9500,0.0100,142.1569,50.0000,141.9200,141.9200,0.0000,0.0000,0.00,0.00,0.00,0.00,0.00,0.00,0.00,0.00
NVDA,1749244416525,141.9200,141.9100,141.9200,1000,1600,6107,141.9300,141.9500,141.9200,141.9500,0.0100,142.1569,50.0000,141.9200,141.9200,0.0000,0.0000,0.00,0.00,0.00,0.00,0.00,0.00,0.00,0.00
NVDA,1749244417831,141.9200,141.9100,141.9200,1100,1600,6453,141.9300,141.9500,141.9200,141.9500,0.0100,142.1569,50.0000,141.9200,141.9200,0.0000,0.0000,0.00,0.00,0.00,0.00,0.00,0.00,0.00,0.00
NVDA,1749244418331,141.9200,141.9100,141.9200,1100,1600,6453,141.9300,141.9500,141.9200,141.9500,0.0100,142.1569,50.0000,141.9200,141.9200,0.0000,0.0000,0.00,0.00,0.00,0.00,0.00,0.00,0.00,0.00
NVDA,1749244418603,141.9200,141.9100,141.9200,1100,1600,6651,141.9300,141.9500,141.9200,141.9500,0.0100,142.1569,50.0000,141.9200,141.9200,0.0000,0.0000,0.00,0.00,0.00,0.00,0.00,0.00,0.00,0.00
NVDA,1749244418603,141.9200,141.9100,141.9200,1100,1400,6651,141.9300,141.9500,141.9200,141.9500,0.0100,142.1569,50.0000,141.9200,141.9200,0.0000,0.0000,0.00,0.00,0.00,0.00,0.00,0.00,0.00,0.00
NVDA,1749244419078,141.9200,141.9100,141.9200,1100,1400,6651,141.9300,141.9500,141.9200,141.9500,0.0100,142.1569,50.0000,141.9200,141.9200,0.0000,0.0000,0.00,0.00,0.00,0.00,0.00,0.00,0.00,0.00
NVDA,1749244419757,141.7900,141.9100,141.9200,1100,1400,6731,141.9300,141.9500,141.9200,141.9500,0.0100,142.1569,50.0000,141.9200,141.9200,0.0000,0.0000,0.00,0.00,0.00,0.00,0.00,0.00,0.00,0.00
NVDA,1749244419757,141.7900,141.9100,141.9200,1000,1400,6731,141.9300,141.9500,141.9200,141.9500,0.0100,142.1569,50.0000,141.9200,141.9200,0.0000,0.0000,0.00,0.00,0.00,0.00,0.00,0.00,0.00,0.00
NVDA,1749244420087,141.7900,141.9100,141.9200,1000,1400,6731,141.9300,141.9500,141.9200,141.9500,0.0100,142.1569,50.0000,141.9200,141.9200,0.0000,0.0000,0.00,0.00,0.00,0.00,0.00,0.00,0.00,0.00
NVDA,1749244420793,141.9200,141.9100,141.9200,1000,1400,6752,141.9300,141.9500,141.9200,141.9500,0.0100,142.1569,50.0000,141.9200,141.9200,0.0000,0.0000,0.00,0.00,0.00,0.00,0.00,0.00,0.00,0.00
NVDA,1749244421002,141.9200,141.9100,141.9200,1000,1400,6752,141.9100,141.9200,141.9100,141.9200,0.0100,142.1569,50.0000,141.9200,141.9200,0.0000,0.0000,0.00,0.00,0.00,0.00,0.00,0.00,0.00,0.00
NVDA,1749244421422,141.9200,141.9100,141.9200,1000,3400,6752,141.9100,141.9200,141.9100,141.9200,0.0100,142.1569,50.0000,141.9200,141.9200,0.0000,0.0000,0.00,0.00,0.00,0.00,0.00,0.00,0.00,0.00
NVDA,1749244422384,141.9200,141.9100,141.9200,1000,3500,6752,141.9100,141.9200,141.9100,141.9200,0.0100,142.1569,50.0000,141.9200,141.9200,0.0000,0.0000,0.00,0.00,0.00,0.00,0.00,0.00,0.00,0.00
NVDA,1749244423342,141.9200,141.9100,141.9200,1000,3500,6752,141.9100,141.9200,141.9100,141.9200,0.0100,142.1569,50.0000,141.9200,141.9200,0.0000,0.0000,0.00,0.00,0.00,0.00,0.00,0.00,0.00,0.00
NVDA,1749244423837,141.9200,141.9100,141.9200,100,3500,6752,141.9100,141.9200,141.9100,141.9200,0.0100,142.1569,50.0000,141.9200,141.9200,0.0000,0.0000,0.00,0.00,0.00,0.00,0.00,0.00,0.00,0.00
NVDA,1749244423837,141.9100,141.9100,141.9200,100,3500,7674,141.9100,141.9200,141.9100,141.9200,0.0100,142.1569,50.0000,141.9200,141.9200,0.0000,0.0000,0.00,0.00,0.00,0.00,0.00,0.00,0.00,0.00
NVDA,1749244424457,141.9100,141.9100,141.9200,100,3400,7752,141.9100,141.9200,141.9100,141.9200,0.0100,142.1569,50.0000,141.9200,141.9200,0.0000,0.0000,0.00,0.00,0.00,0.00,0.00,0.00,0.00,0.00
NVDA,1749244424457,141.9100,141.9000,141.9200,2100,3400,7752,141.9100,141.9200,141.9100,141.9200,0.0200,142.1569,50.0000,141.9200,141.9200,0.0000,0.0000,0.00,0.00,0.00,0.00,0.00,0.00,0.00,0.00
NVDA,1749244424457,141.9200,141.9000,141.9200,2100,3400,7853,141.9100,141.9200,141.9100,141.9200,0.0200,142.1569,50.0000,141.9200,141.9200,0.0000,0.0000,0.00,0.00,0.00,0.00,0.00,0.00,0.00,0.00
NVDA,1749244424835,141.9200,141.9000,141.9200,2100,3400,7853,141.9100,141.9200,141.9100,141.9200,0.0200,142.1569,50.0000,141.9200,141.9200,0.0000,0.0000,0.00,0.00,0.00,0.00,0.00,0.00,0.00,0.00
NVDA,1749244425341,141.9200,141.9000,141.9200,2100,3400,7853,141.9100,141.9200,141.9100,141.9200,0.0200,142.1569,50.0000,141.9200,141.9200,0.0000,0.0000,0.00,0.00,0.00,0.00,0.00,0.00,0.00,0.00
NVDA,1749244425341,141.9200,141.9000,141.9100,2100,900,7853,141.9100,141.9200,141.9100,141.9200,0.0100,142.1569,50.0000,141.9200,141.9200,0.0000,0.0000,0.00,0.00,0.00,0.00,0.00,0.00,0.00,0.00
NVDA,1749244425341,141.9100,141.9000,141.9100,2100,900,7863,141.9100,141.9200,141.9100,141.9200,0.0100,142.1569,50.0000,141.9200,141.9200,0.0000,0.0000,0.00,0.00,0.00,0.00,0.00,0.00,0.00,0.00
NVDA,1749244425996,141.9100,141.9000,141.9100,2100,900,7884,141.9100,141.9100,141.9100,141.9100,0.0100,142.1569,50.0000,141.9200,141.9200,0.0000,0.0000,0.00,0.00,0.00,0.00,0.00,0.00,0.00,0.00
NVDA,1749244426075,141.9000,141.9000,141.9100,2100,900,7886,141.9100,141.9100,141.9100,141.9100,0.0100,142.1569,50.0000,141.9200,141.9200,0.0000,0.0000,0.00,0.00,0.00,0.00,0.00,0.00,0.00,0.00
NVDA,1749244426340,141.9000,141.9000,141.9100,2100,900,7886,141.9100,141.9100,141.9100,141.9100,0.0100,142.1569,50.0000,141.9200,141.9200,0.0000,0.0000,0.00,0.00,0.00,0.00,0.00,0.00,0.00,0.00
NVDA,1749244426841,141.9000,141.9000,141.9100,2100,900,7886,141.9100,141.9100,141.9100,141.9100,0.0100,142.1569,50.0000,141.9200,141.9200,0.0000,0.0000,0.00,0.00,0.00,0.00,0.00,0.00,0.00,0.00
NVDA,1749244426841,141.9100,141.9000,141.9100,2100,900,7895,141.9100,141.9100,141.9100,141.9100,0.0100,142.1569,50.0000,141.9200,141.9200,0.0000,0.0000,0.00,0.00,0.00,0.00,0.00,0.00,0.00,0.00
NVDA,1749244427343,141.9100,141.9000,141.9100,2100,900,7896,141.9100,141.9100,141.9100,141.9100,0.0100,142.1569,50.0000,141.9200,141.9200,0.0000,0.0000,0.00,0.00,0.00,0.00,0.00,0.00,0.00,0.00
NVDA,1749244427448,141.9100,141.9000,141.9200,2100,3400,7896,141.9100,141.9100,141.9100,141.9100,0.0200,142.1569,50.0000,141.9200,141.9200,0.0000,0.0000,0.00,0.00,0.00,0.00,0.00,0.00,0.00,0.00
NVDA,1749244427448,141.9100,141.9000,141.9200,2100,5400,7896,141.9100,141.9100,141.9100,141.9100,0.0200,142.1569,50.0000,141.9200,141.9200,0.0000,0.0000,0.00,0.00,0.00,0.00,0.00,0.00,0.00,0.00
NVDA,1749244428082,141.9100,141.9000,141.9200,1100,5400,7896,141.9100,141.9100,141.9100,141.9100,0.0200,142.1569,50.0000,141.9200,141.9200,0.0000,0.0000,0.00,0.00,0.00,0.00,0.00,0.00,0.00,0.00
NVDA,1749244428082,141.9000,141.9000,141.9200,1100,5400,7906,141.9100,141.9100,141.9100,141.9100,0.0200,142.1569,50.0000,141.9200,141.9200,0.0000,0.0000,0.00,0.00,0.00,0.00,0.00,0.00,0.00,0.00
NVDA,1749244428845,141.9000,141.9000,141.9200,1100,5400,8896,141.9100,141.9100,141.9100,141.9100,0.0200,142.1569,50.0000,141.9200,141.9200,0.0000,0.0000,0.00,0.00,0.00,0.00,0.00,0.00,0.00,0.00
NVDA,1749244429282,141.9200,141.9000,141.9200,1100,5400,8901,141.9100,141.9100,141.9100,141.9100,0.0200,142.1569,50.0000,141.9200,141.9200,0.0000,0.0000,0.00,0.00,0.00,0.00,0.00,0.00,0.00,0.00
NVDA,1749244429841,141.9200,141.9000,141.9200,1100,5400,8901,141.9100,141.9100,141.9100,141.9100,0.0200,142.1569,50.0000,141.9200,141.9200,0.0000,0.0000,0.00,0.00,0.00,0.00,0.00,0.00,0.00,0.00
NVDA,1749244430475,141.9100,141.9000,141.9200,1100,5400,8904,141.9100,141.9100,141.9100,141.9100,0.0200,142.1569,50.0000,141.9200,141.9200,0.0000,0.0000,0.00,0.00,0.00,0.00,0.00,0.00,0.00,0.00
NVDA,1749244430597,141.9100,141.9000,141.9200,1100,5400,8904,141.9100,141.9100,141.9100,141.9100,0.0200,142.1569,50.0000,141.9200,141.9200,0.0000,0.0000,0.00,0.00,0.00,0.00,0.00,0.00,0.00,0.00
NVDA,1749244431003,141.9100,141.9000,141.9200,1100,5400,8904,141.9000,141.9000,141.9000,141.9000,0.0200,142.1569,50.0000,141.9200,141.9200,0.0000,0.0000,0.00,0.00,0.00,0.00,0.00,0.00,0.00,0.00
NVDA,1749244431262,141.9000,141.9000,141.9200,1100,5400,8955,141.9000,141.9000,141.9000,141.9000,0.0200,142.1569,50.0000,141.9200,141.9200,0.0000,0.0000,0.00,0.00,0.00,0.00,0.00,0.00,0.00,0.00
NVDA,1749244431262,141.9000,141.9000,141.9200,800,5400,9204,141.9000,141.9000,141.9000,141.9000,0.0200,142.1569,50.0000,141.9200,141.9200,0.0000,0.0000,0.00,0.00,0.00,0.00,0.00,0.00,0.00,0.00
NVDA,1749244432098,141.9000,141.9000,141.9200,800,5400,9204,141.9000,141.9000,141.9000,141.9000,0.0200,142.1569,50.0000,141.9200,141.9200,0.0000,0.0000,0.00,0.00,0.00,0.00,0.00,0.00,0.00,0.00
NVDA,1749244432346,141.9000,141.9000,141.9200,800,5400,9204,141.9000,141.9000,141.9000,141.9000,0.0200,142.1569,50.0000,141.9200,141.9200,0.0000,0.0000,0.00,0.00,0.00,0.00,0.00,0.00,0.00,0.00
NVDA,1749244432703,141.9100,141.9000,141.9200,800,5400,9205,141.9000,141.9000,141.9000,141.9000,0.0200,142.1569,50.0000,141.9200,141.9200,0.0000,0.0000,0.00,0.00,0.00,0.00,0.00,0.00,0.00,0.00
NVDA,1749244432703,141.9000,141.9000,141.9200,800,5400,9206,141.9000,141.9000,141.9000,141.9000,0.0200,142.1569,50.0000,141.9200,141.9200,0.0000,0.0000,0.00,0.00,0.00,0.00,0.00,0.00,0.00,0.00
NVDA,1749244432703,141.9200,141.9000,141.9200,800,5400,9216,141.9000,141.9000,141.9000,141.9000,0.0200,142.1569,50.0000,141.9200,141.9200,0.0000,0.0000,0.00,0.00,0.00,0.00,0.00,0.00,0.00,0.00
NVDA,1749244432703,141.9100,141.9000,141.9200,800,5400,9217,141.9000,141.9000,141.9000,141.9000,0.0200,142.1569,50.0000,141.9200,141.9200,0.0000,0.0000,0.00,0.00,0.00,0.00,0.00,0.00,0.00,0.00
NVDA,1749244434099,141.9100,141.9000,141.9200,800,5400,9217,141.9000,141.9000,141.9000,141.9000,0.0200,142.1569,50.0000,141.9200,141.9200,0.0000,0.0000,0.00,0.00,0.00,0.00,0.00,0.00,0.00,0.00
NVDA,1749244434713,141.9000,141.9000,141.9200,800,5400,9237,141.9000,141.9000,141.9000,141.9000,0.0200,142.1569,50.0000,141.9200,141.9200,0.0000,0.0000,0.00,0.00,0.00,0.00,0.00,0.00,0.00,0.00
NVDA,1749244436006,141.9000,141.9000,141.9200,800,5400,9237,141.9000,141.9000,141.9000,141.9000,0.0200,142.1569,50.0000,141.9200,141.9200,0.0000,0.0000,0.00,0.00,0.00,0.00,0.00,0.00,0.00,0.00
NVDA,1749244436193,141.9000,141.9000,141.9200,800,6300,9237,141.9000,141.9000,141.9000,141.9000,0.0200,142.1569,50.0000,141.9200,141.9200,0.0000,0.0000,0.00,0.00,0.00,0.00,0.00,0.00,0.00,0.00
NVDA,1749244437102,141.9000,141.9000,141.9200,800,6300,9237,141.9000,141.9000,141.9000,141.9000,0.0200,142.1569,50.0000,141.9200,141.9200,0.0000,0.0000,0.00,0.00,0.00,0.00,0.00,0.00,0.00,0.00
NVDA,1749244437361,141.9000,141.9000,141.9200,800,6300,9237,141.9000,141.9000,141.9000,141.9000,0.0200,142.1569,50.0000,141.9200,141.9200,0.0000,0.0000,0.00,0.00,0.00,0.00,0.00,0.00,0.00,0.00
NVDA,1749244437533,141.9000,141.8800,141.9200,500,6300,9237,141.9000,141.9000,141.9000,141.9000,0.0400,142.1569,50.0000,141.9200,141.9200,0.0000,0.0000,0.00,0.00,0.00,0.00,0.00,0.00,0.00,0.00
NVDA,1749244438604,141.9000,141.8800,141.9200,500,6300,10115,141.9000,141.9000,141.9000,141.9000,0.0400,142.1569,50.0000,141.9200,141.9200,0.0000,0.0000,0.00,0.00,0.00,0.00,0.00,0.00,0.00,0.00
NVDA,1749244439132,141.9200,141.8800,141.9200,500,6300,10126,141.9000,141.9000,141.9000,141.9000,0.0400,142.1569,50.0000,141.9200,141.9200,0.0000,0.0000,0.00,0.00,0.00,0.00,0.00,0.00,0.00,0.00
NVDA,1749244439353,141.9200,141.8800,141.9200,500,6300,10126,141.9000,141.9000,141.9000,141.9000,0.0400,142.1569,50.0000,141.9200,141.9200,0.0000,0.0000,0.00,0.00,0.00,0.00,0.00,0.00,0.00,0.00
NVDA,1749244439612,141.9200,141.8800,141.9200,500,6300,10126,141.9000,141.9000,141.9000,141.9000,0.0400,142.1569,50.0000,141.9200,141.9200,0.0000,0.0000,0.00,0.00,0.00,0.00,0.00,0.00,0.00,0.00
NVDA,1749244439956,141.8800,141.8800,141.9200,500,6300,10131,141.9000,141.9000,141.9000,141.9000,0.0400,142.1569,50.0000,141.9200,141.9200,0.0000,0.0000,0.00,0.00,0.00,0.00,0.00,0.00,0.00,0.00
NVDA,1749244439956,141.9000,141.8800,141.9200,500,6300,10132,141.9000,141.9000,141.9000,141.9000,0.0400,142.1569,50.0000,141.9200,141.9200,0.0000,0.0000,0.00,0.00,0.00,0.00,0.00,0.00,0.00,0.00
NVDA,1749244441012,141.9000,141.8800,141.9200,500,6300,10132,141.9000,141.9000,141.9000,141.9000,0.0400,142.1569,50.0000,141.9160,141.9185,0.0000,0.1600,0.00,0.00,0.00,0.00,0.00,0.00,0.00,0.00
NVDA,1749244441866,141.9000,141.8800,141.9200,500,6300,10132,141.9000,141.9000,141.9000,141.9000,0.0400,142.1569,50.0000,141.9160,141.9185,0.0000,0.1600,0.00,0.00,0.00,0.00,0.00,0.00,0.00,0.00
NVDA,1749244442537,141.9200,141.8800,141.9200,500,6300,10135,141.9000,141.9000,141.9000,141.9000,0.0400,142.1569,50.0000,141.9160,141.9185,0.0000,0.1600,0.00,0.00,0.00,0.00,0.00,0.00,0.00,0.00
NVDA,1749244446005,141.9200,141.8800,141.9200,500,6300,10135,141.9000,141.9000,141.9000,141.9000,0.0400,142.1569,50.0000,141.9160,141.9185,0.0000,0.1600,0.00,0.00,0.00,0.00,0.00,0.00,0.00,0.00
NVDA,1749244446867,141.9200,141.8800,141.9200,500,6300,10135,141.9000,141.9000,141.9000,141.9000,0.0400,142.1569,50.0000,141.9160,141.9185,0.0000,0.1600,0.00,0.00,0.00,0.00,0.00,0.00,0.00,0.00
NVDA,1749244447382,141.9000,141.8800,141.9200,500,6300,10136,141.9000,141.9000,141.9000,141.9000,0.0400,142.1569,50.0000,141.9160,141.9185,0.0000,0.1600,0.00,0.00,0.00,0.00,0.00,0.00,0.00,0.00
NVDA,1749244447382,141.8900,141.8800,141.9200,500,6300,10166,141.9000,141.9000,141.9000,141.9000,0.0400,142.1569,50.0000,141.9160,141.9185,0.0000,0.1600,0.00,0.00,0.00,0.00,0.00,0.00,0.00,0.00
NVDA,1749244450999,141.8900,141.8800,141.9200,500,6300,10181,141.9000,141.9000,141.9000,141.9000,0.0400,142.1569,50.0000,141.9160,141.9185,0.0000,0.1600,0.00,0.00,0.00,0.00,0.00,0.00,0.00,0.00
NVDA,1749244452867,141.8900,141.8800,141.9200,500,6300,10181,141.9000,141.9000,141.9000,141.9000,0.0400,142.1569,50.0000,141.9160,141.9185,0.0000,0.1600,0.00,0.00,0.00,0.00,0.00,0.00,0.00,0.00
NVDA,1749244453128,141.8900,141.8800,141.9200,500,6300,10181,141.9000,141.9000,141.9000,141.9000,0.0400,142.1569,50.0000,141.9160,141.9185,0.0000,0.1600,0.00,0.00,0.00,0.00,0.00,0.00,0.00,0.00
NVDA,1749244453372,141.8900,141.8800,141.9000,500,100,10181,141.9000,141.9000,141.9000,141.9000,0.0200,142.1569,50.0000,141.9160,141.9185,0.0000,0.1600,0.00,0.00,0.00,0.00,0.00,0.00,0.00,0.00
NVDA,1749244453372,141.9000,141.8800,141.9000,500,100,10182,141.9000,141.9000,141.9000,141.9000,0.0200,142.1569,50.0000,141.9160,141.9185,0.0000,0.1600,0.00,0.00,0.00,0.00,0.00,0.00,0.00,0.00
NVDA,1749244453372,141.9000,141.8800,141.9200,500,6300,10277,141.9000,141.9000,141.9000,141.9000,0.0400,142.1569,50.0000,141.9160,141.9185,0.0000,0.1600,0.00,0.00,0.00,0.00,0.00,0.00,0.00,0.00
NVDA,1749244454881,141.9000,141.8800,141.9200,500,6300,10277,141.9000,141.9000,141.9000,141.9000,0.0400,142.1569,50.0000,141.9160,141.9185,0.0000,0.1600,0.00,0.00,0.00,0.00,0.00,0.00,0.00,0.00
NVDA,1749244455452,141.9000,141.8800,141.9200,500,6300,10278,141.9000,141.9000,141.9000,141.9000,0.0400,142.1569,50.0000,141.9160,141.9185,0.0000,0.1600,0.00,0.00,0.00,0.00,0.00,0.00,0.00,0.00
NVDA,1749244456006,141.9000,141.8800,141.9200,500,6300,10278,141.9000,141.9000,141.9000,141.9000,0.0400,142.1569,50.0000,141.9160,141.9185,0.0000,0.1600,0.00,0.00,0.00,0.00,0.00,0.00,0.00,0.00
NVDA,1749244459131,141.9000,141.8800,141.9200,500,6300,10278,141.9000,141.9000,141.9000,141.9000,0.0400,142.1569,50.0000,141.9160,141.9185,0.0000,0.1600,0.00,0.00,0.00,0.00,0.00,0.00,0.00,0.00
NVDA,1749244459675,141.9000,141.8800,141.9200,500,6300,10279,141.9000,141.9000,141.9000,141.9000,0.0400,142.1569,50.0000,141.9160,141.9185,0.0000,0.1600,0.00,0.00,0.00,0.00,0.00,0.00,0.00,0.00
NVDA,1749244459880,141.9000,141.8800,141.9200,500,6300,10279,141.9000,141.9000,141.9000,141.9000,0.0400,142.1569,50.0000,141.9160,141.9185,0.0000,0.1600,0.00,0.00,0.00,0.00,0.00,0.00,0.00,0.00
NVDA,1749244460134,141.9000,141.8800,141.9200,500,6300,10279,141.9000,141.9000,141.9000,141.9000,0.0400,142.1569,50.0000,141.9160,141.9185,0.0000,0.1600,0.00,0.00,0.00,0.00,0.00,0.00,0.00,0.00
NVDA,1749244460273,141.9000,141.8800,141.9200,500,6300,10304,141.9000,141.9000,141.9000,141.9000,0.0400,142.1569,50.0000,141.9160,141.9185,0.0000,0.1600,0.00,0.00,0.00,0.00,0.00,0.00,0.00,0.00
NVDA,1749244460273,141.8800,141.8800,141.9200,500,6300,10309,141.9000,141.9000,141.9000,141.9000,0.0400,142.1569,50.0000,141.9160,141.9185,0.0000,0.1600,0.00,0.00,0.00,0.00,0.00,0.00,0.00,0.00
NVDA,1749244461008,141.8800,141.8800,141.9200,500,6300,10309,141.9000,141.9000,141.9000,141.9000,0.0400,142.1569,50.0000,141.9160,141.9185,0.0000,0.1600,0.00,0.00,0.00,0.00,0.00,0.00,0.00,0.00
NVDA,1749244462522,141.8800,141.8800,141.9000,500,100,10309,141.9000,141.9000,141.9000,141.9000,0.0200,142.1569,50.0000,141.9160,141.9185,0.0000,0.1600,0.00,0.00,0.00,0.00,0.00,0.00,0.00,0.00
NVDA,1749244462889,141.8800,141.8800,141.9000,500,100,10309,141.9000,141.9000,141.9000,141.9000,0.0200,142.1569,50.0000,141.9160,141.9185,0.0000,0.1600,0.00,0.00,0.00,0.00,0.00,0.00,0.00,0.00
NVDA,1749244463417,141.9000,141.8800,141.9000,500,100,10359,141.9000,141.9000,141.9000,141.9000,0.0200,142.1569,50.0000,141.9160,141.9185,0.0000,0.1600,0.00,0.00,0.00,0.00,0.00,0.00,0.00,0.00
NVDA,1749244463417,141.9000,141.8800,141.9000,800,100,10359,141.9000,141.9000,141.9000,141.9000,0.0200,142.1569,50.0000,141.9160,141.9185,0.0000,0.1600,0.00,0.00,0.00,0.00,0.00,0.00,0.00,0.00
NVDA,1749244464142,141.9000,141.8800,141.9000,800,100,10359,141.9000,141.9000,141.9000,141.9000,0.0200,142.1569,50.0000,141.9160,141.9185,0.0000,0.1600,0.00,0.00,0.00,0.00,0.00,0.00,0.00,0.00
NVDA,1749244464815,141.8900,141.8800,141.9000,800,100,10360,141.9000,141.9000,141.9000,141.9000,0.0200,142.1569,50.0000,141.9160,141.9185,0.0000,0.1600,0.00,0.00,0.00,0.00,0.00,0.00,0.00,0.00
NVDA,1749244465640,141.8900,141.8800,141.9000,800,100,10360,141.9000,141.9000,141.9000,141.9000,0.0200,142.1569,50.0000,141.9160,141.9185,0.0000,0.1600,0.00,0.00,0.00,0.00,0.00,0.00,0.00,0.00
NVDA,1749244466000,141.8900,141.8800,141.9000,800,100,10360,141.9000,141.9000,141.9000,141.9000,0.0200,142.1569,50.0000,141.9160,141.9185,0.0000,0.1600,0.00,0.00,0.00,0.00,0.00,0.00,0.00,0.00
NVDA,1749244466339,141.9000,141.8800,141.9000,800,100,10370,141.9000,141.9000,141.9000,141.9000,0.0200,142.1569,50.0000,141.9160,141.9185,0.0000,0.1600,0.00,0.00,0.00,0.00,0.00,0.00,0.00,0.00
NVDA,1749244466339,141.8800,141.8800,141.9000,800,100,10373,141.9000,141.9000,141.9000,141.9000,0.0200,142.1569,50.0000,141.9160,141.9185,0.0000,0.1600,0.00,0.00,0.00,0.00,0.00,0.00,0.00,0.00
NVDA,1749244469898,141.8800,141.8800,141.9000,800,100,10373,141.9000,141.9000,141.9000,141.9000,0.0200,142.1569,50.0000,141.9160,141.9185,0.0000,0.1600,0.00,0.00,0.00,0.00,0.00,0.00,0.00,0.00
NVDA,1749244470382,141.8900,141.8800,141.9000,800,100,10374,141.9000,141.9000,141.9000,141.9000,0.0200,142.1569,50.0000,141.9160,141.9185,0.0000,0.1600,0.00,0.00,0.00,0.00,0.00,0.00,0.00,0.00
NVDA,1749244470999,141.8900,141.8800,141.9000,800,100,10374,141.9000,141.9000,141.9000,141.9000,0.0200,142.1569,50.0000,141.9160,141.9185,0.0000,0.1600,0.00,0.00,0.00,0.00,0.00,0.00,0.00,0.00
NVDA,1749244472401,141.8900,141.8800,141.9000,800,100,10374,141.9000,141.9000,141.9000,141.9000,0.0200,142.1569,50.0000,141.9160,141.9185,0.0000,0.1600,0.00,0.00,0.00,0.00,0.00,0.00,0.00,0.00
NVDA,1749244472993,141.8900,141.8800,141.9000,800,100,10375,141.9000,141.9000,141.9000,141.9000,0.0200,142.1569,50.0000,141.9160,141.9185,0.0000,0.1600,0.00,0.00,0.00,0.00,0.00,0.00,0.00,0.00
NVDA,1749244472993,141.9000,141.8800,141.9000,800,100,10379,141.9000,141.9000,141.9000,141.9000,0.0200,142.1569,50.0000,141.9160,141.9185,0.0000,0.1600,0.00,0.00,0.00,0.00,0.00,0.00,0.00,0.00
NVDA,1749244473144,141.9000,141.8800,141.9000,800,100,10379,141.9000,141.9000,141.9000,141.9000,0.0200,142.1569,50.0000,141.9160,141.9185,0.0000,0.1600,0.00,0.00,0.00,0.00,0.00,0.00,0.00,0.00
NVDA,1749244473675,141.9000,141.8800,141.9000,800,100,10392,141.9000,141.9000,141.9000,141.9000,0.0200,142.1569,50.0000,141.9160,141.9185,0.0000,0.1600,0.00,0.00,0.00,0.00,0.00,0.00,0.00,0.00
NVDA,1749244473902,141.9000,141.8800,141.9000,800,100,10392,141.9000,141.9000,141.9000,141.9000,0.0200,142.1569,50.0000,141.9160,141.9185,0.0000,0.1600,0.00,0.00,0.00,0.00,0.00,0.00,0.00,0.00
NVDA,1749244474156,141.9000,141.8800,141.9000,800,100,10392,141.9000,141.9000,141.9000,141.9000,0.0200,142.1569,50.0000,141.9160,141.9185,0.0000,0.1600,0.00,0.00,0.00,0.00,0.00,0.00,0.00,0.00
NVDA,1749244474475,141.8900,141.8800,141.9000,800,100,10521,141.9000,141.9000,141.9000,141.9000,0.0200,142.1569,50.0000,141.9160,141.9185,0.0000,0.1600,0.00,0.00,0.00,0.00,0.00,0.00,0.00,0.00
NVDA,1749244474475,141.8800,141.8800,141.9000,800,100,10525,141.9000,141.9000,141.9000,141.9000,0.0200,142.1569,50.0000,141.9160,141.9185,0.0000,0.1600,0.00,0.00,0.00,0.00,0.00,0.00,0.00,0.00
NVDA,1749244474896,141.8800,141.8800,141.9000,800,100,10525,141.9000,141.9000,141.9000,141.9000,0.0200,142.1569,50.0000,141.9160,141.9185,0.0000,0.1600,0.00,0.00,0.00,0.00,0.00,0.00,0.00,0.00
NVDA,1749244475555,141.8800,141.8800,141.9000,800,100,10533,141.9000,141.9000,141.9000,141.9000,0.0200,142.1569,50.0000,141.9160,141.9185,0.0000,0.1600,0.00,0.00,0.00,0.00,0.00,0.00,0.00,0.00
NVDA,1749244475998,141.8800,141.8800,141.9000,800,100,10533,141.8900,141.8900,141.8900,141.8900,0.0200,142.1569,50.0000,141.9160,141.9185,0.0000,0.1600,0.00,0.00,0.00,0.00,0.00,0.00,0.00,0.00
NVDA,1749244479654,141.8800,141.8800,141.9000,800,100,10533,141.8900,141.8900,141.8900,141.8900,0.0200,142.1569,50.0000,141.9160,141.9185,0.0000,0.1600,0.00,0.00,0.00,0.00,0.00,0.00,0.00,0.00
NVDA,1749244479910,141.8800,141.8800,141.9000,800,100,10533,141.8900,141.8900,141.8900,141.8900,0.0200,142.1569,50.0000,141.9160,141.9185,0.0000,0.1600,0.00,0.00,0.00,0.00,0.00,0.00,0.00,0.00
NVDA,1749244480219,141.8900,141.8800,141.9000,800,100,10534,141.8900,141.8900,141.8900,141.8900,0.0200,142.1569,50.0000,141.9160,141.9185,0.0000,0.1600,0.00,0.00,0.00,0.00,0.00,0.00,0.00,0.00
NVDA,1749244480219,141.9000,141.8800,141.9000,800,100,10536,141.8900,141.8900,141.8900,141.8900,0.0200,142.1569,50.0000,141.9160,141.9185,0.0000,0.1600,0.00,0.00,0.00,0.00,0.00,0.00,0.00,0.00
NVDA,1749244480219,141.9000,141.8800,141.9200,800,6400,10536,141.8900,141.8900,141.8900,141.8900,0.0400,142.1569,50.0000,141.9160,141.9185,0.0000,0.1600,0.00,0.00,0.00,0.00,0.00,0.00,0.00,0.00
NVDA,1749244480902,141.9000,141.8800,141.9000,800,500,10536,141.8900,141.8900,141.8900,141.8900,0.0200,142.1569,50.0000,141.9160,141.9185,0.0000,0.1600,0.00,0.00,0.00,0.00,0.00,0.00,0.00,0.00
NVDA,1749244481001,141.9000,141.8800,141.9000,800,500,10536,141.8900,141.8900,141.8900,141.8900,0.0200,142.1569,50.0000,141.9160,141.9185,0.0000,0.1600,0.00,0.00,0.00,0.00,0.00,0.00,0.00,0.00
NVDA,1749244482912,141.9000,141.8800,141.9000,800,500,10536,141.8900,141.8900,141.8900,141.8900,0.0200,142.1569,50.0000,141.9160,141.9185,0.0000,0.1600,0.00,0.00,0.00,0.00,0.00,0.00,0.00,0.00
NVDA,1749244483456,141.9000,141.8800,141.9000,800,500,10553,141.8900,141.8900,141.8900,141.8900,0.0200,142.1569,50.0000,141.9160,141.9185,0.0000,0.1600,0.00,0.00,0.00,0.00,0.00,0.00,0.00,0.00
NVDA,1749244486005,141.9000,141.8800,141.9000,800,500,10553,141.8900,141.8900,141.8900,141.8900,0.0200,142.1569,50.0000,141.9160,141.9185,0.0000,0.1600,0.00,0.00,0.00,0.00,0.00,0.00,0.00,0.00
NVDA,1749244486914,141.9000,141.8800,141.9000,800,500,10553,141.8900,141.8900,141.8900,141.8900,0.0200,142.1569,50.0000,141.9160,141.9185,0.0000,0.1600,0.00,0.00,0.00,0.00,0.00,0.00,0.00,0.00
NVDA,1749244487416,141.9000,141.8800,141.9000,800,500,10563,141.8900,141.8900,141.8900,141.8900,0.0200,142.1569,50.0000,141.9160,141.9185,0.0000,0.1600,0.00,0.00,0.00,0.00,0.00,0.00,0.00,0.00
NVDA,1749244488164,141.9000,141.8800,141.9000,800,500,10563,141.8900,141.8900,141.8900,141.8900,0.0200,142.1569,50.0000,141.9160,141.9185,0.0000,0.1600,0.00,0.00,0.00,0.00,0.00,0.00,0.00,0.00
NVDA,1749244488768,141.9000,141.8800,141.9000,800,500,10566,141.8900,141.8900,141.8900,141.8900,0.0200,142.1569,50.0000,141.9160,141.9185,0.0000,0.1600,0.00,0.00,0.00,0.00,0.00,0.00,0.00,0.00
NVDA,1749244489414,141.9000,141.8800,141.9000,800,500,10566,141.8900,141.8900,141.8900,141.8900,0.0200,142.1569,50.0000,141.9160,141.9185,0.0000,0.1600,0.00,0.00,0.00,0.00,0.00,0.00,0.00,0.00
NVDA,1749244489671,141.9000,141.8800,141.9000,800,500,10566,141.8900,141.8900,141.8900,141.8900,0.0200,142.1569,50.0000,141.9160,141.9185,0.0000,0.1600,0.00,0.00,0.00,0.00,0.00,0.00,0.00,0.00
NVDA,1749244489852,141.8900,141.8800,141.9000,800,500,10567,141.8900,141.8900,141.8900,141.8900,0.0200,142.1569,50.0000,141.9160,141.9185,0.0000,0.1600,0.00,0.00,0.00,0.00,0.00,0.00,0.00,0.00
NVDA,1749244489852,141.8900,141.8800,141.8900,800,900,10567,141.8900,141.8900,141.8900,141.8900,0.0100,142.1569,50.0000,141.9160,141.9185,0.0000,0.1600,0.00,0.00,0.00,0.00,0.00,0.00,0.00,0.00
NVDA,1749244490586,141.8900,141.8800,141.8900,800,900,10668,141.8900,141.8900,141.8900,141.8900,0.0100,142.1569,50.0000,141.9160,141.9185,0.0000,0.1600,0.00,0.00,0.00,0.00,0.00,0.00,0.00,0.00
NVDA,1749244490924,141.8900,141.8800,141.8900,800,900,10668,141.8900,141.8900,141.8900,141.8900,0.0100,142.1569,50.0000,141.9160,141.9185,0.0000,0.1600,0.00,0.00,0.00,0.00,0.00,0.00,0.00,0.00
NVDA,1749244491173,141.8900,141.8800,141.8900,800,900,10668,141.8900,141.8900,141.8900,141.8900,0.0100,142.1569,50.0000,141.9160,141.9185,0.0000,0.1600,0.00,0.00,0.00,0.00,0.00,0.00,0.00,0.00
NVDA,1749244491417,141.8900,141.8800,141.8900,800,900,10668,141.8900,141.8900,141.8900,141.8900,0.0100,142.1569,50.0000,141.9160,141.9185,0.0000,0.1600,0.00,0.00,0.00,0.00,0.00,0.00,0.00,0.00
NVDA,1749244491639,141.8800,141.8800,141.8900,800,900,11168,141.8900,141.8900,141.8900,141.8900,0.0100,142.1569,50.0000,141.9160,141.9185,0.0000,0.1600,0.00,0.00,0.00,0.00,0.00,0.00,0.00,0.00
NVDA,1749244491639,141.8900,141.8800,141.8900,800,900,11178,141.8900,141.8900,141.8900,141.8900,0.0100,142.1569,50.0000,141.9160,141.9185,0.0000,0.1600,0.00,0.00,0.00,0.00,0.00,0.00,0.00,0.00
NVDA,1749244491639,141.8800,141.8800,141.8900,800,900,11179,141.8900,141.8900,141.8900,141.8900,0.0100,142.1569,50.0000,141.9160,141.9185,0.0000,0.1600,0.00,0.00,0.00,0.00,0.00,0.00,0.00,0.00
NVDA,1749244492174,141.8800,141.8800,141.8900,800,900,11179,141.8900,141.8900,141.8900,141.8900,0.0100,142.1569,50.0000,141.9160,141.9185,0.0000,0.1600,0.00,0.00,0.00,0.00,0.00,0.00,0.00,0.00
NVDA,1749244492688,141.8800,141.8800,141.8900,800,900,11180,141.8900,141.8900,141.8900,141.8900,0.0100,142.1569,50.0000,141.9160,141.9185,0.0000,0.1600,0.00,0.00,0.00,0.00,0.00,0.00,0.00,0.00
NVDA,1749244493672,141.8800,141.8800,141.8900,800,900,11181,141.8900,141.8900,141.8900,141.8900,0.0100,142.1569,50.0000,141.9160,141.9185,0.0000,0.1600,0.00,0.00,0.00,0.00,0.00,0.00,0.00,0.00
NVDA,1749244494154,141.8800,141.8800,141.8900,800,900,11187,141.8900,141.8900,141.8900,141.8900,0.0100,142.1569,50.0000,141.9160,141.9185,0.0000,0.1600,0.00,0.00,0.00,0.00,0.00,0.00,0.00,0.00
NVDA,1749244496004,141.8800,141.8800,141.8900,800,900,11187,141.8800,141.8800,141.8800,141.8800,0.0100,142.1569,50.0000,141.9160,141.9185,0.0000,0.1600,0.00,0.00,0.00,0.00,0.00,0.00,0.00,0.00
NVDA,1749244496496,141.8900,141.8800,141.8900,800,900,11587,141.8800,141.8800,141.8800,141.8800,0.0100,142.1569,50.0000,141.9160,141.9185,0.0000,0.1600,0.00,0.00,0.00,0.00,0.00,0.00,0.00,0.00
NVDA,1749244497931,141.8900,141.8800,141.8900,800,900,11587,141.8800,141.8800,141.8800,141.8800,0.0100,142.1569,50.0000,141.9160,141.9185,0.0000,0.1600,0.00,0.00,0.00,0.00,0.00,0.00,0.00,0.00
NVDA,1749244498351,141.8800,141.8800,141.8900,800,900,11588,141.8800,141.8800,141.8800,141.8800,0.0100,142.1569,50.0000,141.9160,141.9185,0.0000,0.1600,0.00,0.00,0.00,0.00,0.00,0.00,0.00,0.00
NVDA,1749244500429,141.8800,141.8800,141.8900,800,900,11588,141.8800,141.8800,141.8800,141.8800,0.0100,142.1569,50.0000,141.9088,141.9157,0.0000,0.2000,0.00,0.00,0.00,0.00,0.00,0.00,0.00,0.00
NVDA,1749244501004,141.8800,141.8800,141.8900,800,900,11588,141.8900,141.8900,141.8900,141.8900,0.0100,142.1569,50.0000,141.9088,141.9157,0.0000,0.2000,0.00,0.00,0.00,0.00,0.00,0.00,0.00,0.00
NVDA,1749244501004,141.8900,141.8800,141.8900,800,900,11625,141.8900,141.8900,141.8900,141.8900,0.0100,142.1569,50.0000,141.9088,141.9157,0.0000,0.2000,0.00,0.00,0.00,0.00,0.00,0.00,0.00,0.00
NVDA,1749244501681,141.8900,141.8800,141.8900,800,900,11625,141.8900,141.8900,141.8900,141.8900,0.0100,142.1569,50.0000,141.9088,141.9157,0.0000,0.2000,0.00,0.00,0.00,0.00,0.00,0.00,0.00,0.00
NVDA,1749244502064,141.8900,141.8800,141.8900,800,900,12025,141.8900,141.8900,141.8900,141.8900,0.0100,142.1569,50.0000,141.9088,141.9157,0.0000,0.2000,0.00,0.00,0.00,0.00,0.00,0.00,0.00,0.00
NVDA,1749244502180,141.8900,141.8800,141.8900,800,900,12025,141.8900,141.8900,141.8900,141.8900,0.0100,142.1569,50.0000,141.9088,141.9157,0.0000,0.2000,0.00,0.00,0.00,0.00,0.00,0.00,0.00,0.00
NVDA,1749244502435,141.8900,141.8800,141.8900,800,900,12025,141.8900,141.8900,141.8900,141.8900,0.0100,142.1569,50.0000,141.9088,141.9157,0.0000,0.2000,0.00,0.00,0.00,0.00,0.00,0.00,0.00,0.00
NVDA,1749244502728,141.8900,141.8800,141.8900,800,900,12027,141.8900,141.8900,141.8900,141.8900,0.0100,142.1569,50.0000,141.9088,141.9157,0.0000,0.2000,0.00,0.00,0.00,0.00,0.00,0.00,0.00,0.00
NVDA,1749244502728,141.8800,141.8800,141.8900,800,900,12029,141.8900,141.8900,141.8900,141.8900,0.0100,142.1569,50.0000,141.9088,141.9157,0.0000,0.2000,0.00,0.00,0.00,0.00,0.00,0.00,0.00,0.00
NVDA,1749244506006,141.8800,141.8800,141.8900,800,900,12029,141.8900,141.8900,141.8900,141.8900,0.0100,142.1569,50.0000,141.9088,141.9157,0.0000,0.2000,0.00,0.00,0.00,0.00,0.00,0.00,0.00,0.00
NVDA,1749244507945,141.8800,141.8800,141.8900,800,900,12029,141.8900,141.8900,141.8900,141.8900,0.0100,142.1569,50.0000,141.9088,141.9157,0.0000,0.2000,0.00,0.00,0.00,0.00,0.00,0.00,0.00,0.00
NVDA,1749244508490,141.8900,141.8800,141.8900,800,900,12129,141.8900,141.8900,141.8900,141.8900,0.0100,142.1569,50.0000,141.9088,141.9157,0.0000,0.2000,0.00,0.00,0.00,0.00,0.00,0.00,0.00,0.00
NVDA,1749244511000,141.8900,141.8800,141.8900,800,900,12129,141.8900,141.8900,141.8900,141.8900,0.0100,142.1569,50.0000,141.9088,141.9157,0.0000,0.2000,0.00,0.00,0.00,0.00,0.00,0.00,0.00,0.00
NVDA,1749244511190,141.8900,141.8800,141.8900,800,900,12129,141.8900,141.8900,141.8900,141.8900,0.0100,142.1569,50.0000,141.9088,141.9157,0.0000,0.2000,0.00,0.00,0.00,0.00,0.00,0.00,0.00,0.00
NVDA,1749244511455,141.8900,141.8800,141.8900,800,900,12129,141.8900,141.8900,141.8900,141.8900,0.0100,142.1569,50.0000,141.9088,141.9157,0.0000,0.2000,0.00,0.00,0.00,0.00,0.00,0.00,0.00,0.00
NVDA,1749244511635,141.8900,141.8800,141.8900,800,900,12172,141.8900,141.8900,141.8900,141.8900,0.0100,142.1569,50.0000,141.9088,141.9157,0.0000,0.2000,0.00,0.00,0.00,0.00,0.00,0.00,0.00,0.00
NVDA,1749244511635,141.8800,141.8800,141.8900,800,900,12173,141.8900,141.8900,141.8900,141.8900,0.0100,142.1569,50.0000,141.9088,141.9157,0.0000,0.2000,0.00,0.00,0.00,0.00,0.00,0.00,0.00,0.00
NVDA,1749244511635,141.8900,141.8800,141.8900,800,900,12216,141.8900,141.8900,141.8900,141.8900,0.0100,142.1569,50.0000,141.9088,141.9157,0.0000,0.2000,0.00,0.00,0.00,0.00,0.00,0.00,0.00,0.00
NVDA,1749244511949,141.8900,141.8800,141.8900,800,900,12216,141.8900,141.8900,141.8900,141.8900,0.0100,142.1569,50.0000,141.9088,141.9157,0.0000,0.2000,0.00,0.00,0.00,0.00,0.00,0.00,0.00,0.00
NVDA,1749244512594,141.8900,141.8800,141.8900,800,900,12226,141.8900,141.8900,141.8900,141.8900,0.0100,142.1569,50.0000,141.9088,141.9157,0.0000,0.2000,0.00,0.00,0.00,0.00,0.00,0.00,0.00,0.00
NVDA,1749244515997,141.8900,141.8800,141.8900,800,900,12226,141.8900,141.8900,141.8900,141.8900,0.0100,142.1569,50.0000,141.9088,141.9157,0.0000,0.2000,0.00,0.00,0.00,0.00,0.00,0.00,0.00,0.00
NVDA,1749244519205,141.8900,141.8800,141.8900,800,900,12226,141.8900,141.8900,141.8900,141.8900,0.0100,142.1569,50.0000,141.9088,141.9157,0.0000,0.2000,0.00,0.00,0.00,0.00,0.00,0.00,0.00,0.00
NVDA,1749244519597,141.8800,141.8800,141.8900,800,900,12227,141.8900,141.8900,141.8900,141.8900,0.0100,142.1569,50.0000,141.9088,141.9157,0.0000,0.2000,0.00,0.00,0.00,0.00,0.00,0.00,0.00,0.00
NVDA,1749244521007,141.8800,141.8800,141.8900,800,900,12227,141.8900,141.8900,141.8900,141.8900,0.0100,142.1569,50.0000,141.9088,141.9157,0.0000,0.2000,0.00,0.00,0.00,0.00,0.00,0.00,0.00,0.00
NVDA,1749244521705,141.8800,141.8800,141.8900,800,900,12227,141.8900,141.8900,141.8900,141.8900,0.0100,142.1569,50.0000,141.9088,141.9157,0.0000,0.2000,0.00,0.00,0.00,0.00,0.00,0.00,0.00,0.00
NVDA,1749244522239,141.8900,141.8800,141.8900,800,900,12277,141.8900,141.8900,141.8900,141.8900,0.0100,142.1569,50.0000,141.9088,141.9157,0.0000,0.2000,0.00,0.00,0.00,0.00,0.00,0.00,0.00,0.00
NVDA,1749244522709,141.8900,141.8800,141.8900,800,900,12277,141.8900,141.8900,141.8900,141.8900,0.0100,142.1569,50.0000,141.9088,141.9157,0.0000,0.2000,0.00,0.00,0.00,0.00,0.00,0.00,0.00,0.00
NVDA,1749244523232,141.8900,141.8800,141.8900,800,900,12377,141.8900,141.8900,141.8900,141.8900,0.0100,142.1569,50.0000,141.9088,141.9157,0.0000,0.2000,0.00,0.00,0.00,0.00,0.00,0.00,0.00,0.00
NVDA,1749244524958,141.8900,141.8800,141.8900,800,900,12377,141.8900,141.8900,141.8900,141.8900,0.0100,142.1569,50.0000,141.9088,141.9157,0.0000,0.2000,0.00,0.00,0.00,0.00,0.00,0.00,0.00,0.00
NVDA,1749244525213,141.8900,141.8800,141.8900,800,900,12377,141.8900,141.8900,141.8900,141.8900,0.0100,142.1569,50.0000,141.9088,141.9157,0.0000,0.2000,0.00,0.00,0.00,0.00,0.00,0.00,0.00,0.00
NVDA,1749244525469,141.8900,141.8800,141.8900,800,900,12377,141.8900,141.8900,141.8900,141.8900,0.0100,142.1569,50.0000,141.9088,141.9157,0.0000,0.2000,0.00,0.00,0.00,0.00,0.00,0.00,0.00,0.00
NVDA,1749244525634,141.8800,141.8800,141.8900,800,900,12378,141.8900,141.8900,141.8900,141.8900,0.0100,142.1569,50.0000,141.9088,141.9157,0.0000,0.2000,0.00,0.00,0.00,0.00,0.00,0.00,0.00,0.00
NVDA,1749244525634,141.8900,141.8800,141.8900,800,900,12381,141.8900,141.8900,141.8900,141.8900,0.0100,142.1569,50.0000,141.9088,141.9157,0.0000,0.2000,0.00,0.00,0.00,0.00,0.00,0.00,0.00,0.00
NVDA,1749244525634,141.8800,141.8800,141.8900,800,900,12382,141.8900,141.8900,141.8900,141.8900,0.0100,142.1569,50.0000,141.9088,141.9157,0.0000,0.2000,0.00,0.00,0.00,0.00,0.00,0.00,0.00,0.00
NVDA,1749244526007,141.8800,141.8800,141.8900,800,900,12382,141.8900,141.8900,141.8900,141.8900,0.0100,142.1569,50.0000,141.9088,141.9157,0.0000,0.2000,0.00,0.00,0.00,0.00,0.00,0.00,0.00,0.00
NVDA,1749244529218,141.8800,141.8800,141.8900,800,900,12382,141.8900,141.8900,141.8900,141.8900,0.0100,142.1569,50.0000,141.9088,141.9157,0.0000,0.2000,0.00,0.00,0.00,0.00,0.00,0.00,0.00,0.00
NVDA,1749244529614,141.8900,141.8800,141.8900,800,900,12383,141.8900,141.8900,141.8900,141.8900,0.0100,142.1569,50.0000,141.9088,141.9157,0.0000,0.2000,0.00,0.00,0.00,0.00,0.00,0.00,0.00,0.00
NVDA,1749244530222,141.8900,141.8800,141.8900,800,900,12383,141.8900,141.8900,141.8900,141.8900,0.0100,142.1569,50.0000,141.9088,141.9157,0.0000,0.2000,0.00,0.00,0.00,0.00,0.00,0.00,0.00,0.00
NVDA,1749244530830,141.8900,141.8800,141.8900,800,900,12463,141.8900,141.8900,141.8900,141.8900,0.0100,142.1569,50.0000,141.9088,141.9157,0.0000,0.2000,0.00,0.00,0.00,0.00,0.00,0.00,0.00,0.00
NVDA,1749244531000,141.8900,141.8800,141.8900,800,900,12463,141.8900,141.8900,141.8900,141.8900,0.0100,142.1569,50.0000,141.9088,141.9157,0.0000,0.2000,0.00,0.00,0.00,0.00,0.00,0.00,0.00,0.00
NVDA,1749244532717,141.8900,141.8800,141.8900,800,900,12463,141.8900,141.8900,141.8900,141.8900,0.0100,142.1569,50.0000,141.9088,141.9157,0.0000,0.2000,0.00,0.00,0.00,0.00,0.00,0.00,0.00,0.00
NVDA,1749244532975,141.8900,141.8800,141.8900,800,900,12463,141.8900,141.8900,141.8900,141.8900,0.0100,142.1569,50.0000,141.9088,141.9157,0.0000,0.2000,0.00,0.00,0.00,0.00,0.00,0.00,0.00,0.00
NVDA,1749244533369,141.8900,141.8800,141.8900,300,900,12463,141.8900,141.8900,141.8900,141.8900,0.0100,142.1569,50.0000,141.9088,141.9157,0.0000,0.2000,0.00,0.00,0.00,0.00,0.00,0.00,0.00,0.00
NVDA,1749244533369,141.8800,141.8800,141.8900,300,900,12993,141.8900,141.8900,141.8900,141.8900,0.0100,142.1569,50.0000,141.9088,141.9157,0.0000,0.2000,0.00,0.00,0.00,0.00,0.00,0.00,0.00,0.00
NVDA,1749244535231,141.8800,141.8800,141.8900,300,900,13023,141.8900,141.8900,141.8900,141.8900,0.0100,142.1569,50.0000,141.9088,141.9157,0.0000,0.2000,0.00,0.00,0.00,0.00,0.00,0.00,0.00,0.00
NVDA,1749244535879,141.8800,141.8800,141.8900,300,900,13024,141.8900,141.8900,141.8900,141.8900,0.0100,142.1569,50.0000,141.9088,141.9157,0.0000,0.2000,0.00,0.00,0.00,0.00,0.00,0.00,0.00,0.00
NVDA,1749244535995,141.8800,141.8800,141.8900,300,900,13024,141.8900,141.8900,141.8900,141.8900,0.0100,142.1569,50.0000,141.9088,141.9157,0.0000,0.2000,0.00,0.00,0.00,0.00,0.00,0.00,0.00,0.00
NVDA,1749244536231,141.8800,141.8800,141.8900,300,900,13024,141.8900,141.8900,141.8900,141.8900,0.0100,142.1569,50.0000,141.9088,141.9157,0.0000,0.2000,0.00,0.00,0.00,0.00,0.00,0.00,0.00,0.00
NVDA,1749244536477,141.8800,141.8800,141.8900,300,900,13024,141.8900,141.8900,141.8900,141.8900,0.0100,142.1569,50.0000,141.9088,141.9157,0.0000,0.2000,0.00,0.00,0.00,0.00,0.00,0.00,0.00,0.00
NVDA,1749244536735,141.8800,141.8800,141.8900,300,900,13025,141.8900,141.8900,141.8900,141.8900,0.0100,142.1569,50.0000,141.9088,141.9157,0.0000,0.2000,0.00,0.00,0.00,0.00,0.00,0.00,0.00,0.00
NVDA,1749244536976,141.8800,141.8800,141.8900,300,900,13026,141.8900,141.8900,141.8900,141.8900,0.0100,142.1569,50.0000,141.9088,141.9157,0.0000,0.2000,0.00,0.00,0.00,0.00,0.00,0.00,0.00,0.00
NVDA,1749244537230,141.8800,141.8800,141.8900,300,900,13026,141.8900,141.8900,141.8900,141.8900,0.0100,142.1569,50.0000,141.9088,141.9157,0.0000,0.2000,0.00,0.00,0.00,0.00,0.00,0.00,0.00,0.00
NVDA,1749244537476,141.8800,141.8800,141.8900,300,900,13027,141.8900,141.8900,141.8900,141.8900,0.0100,142.1569,50.0000,141.9088,141.9157,0.0000,0.2000,0.00,0.00,0.00,0.00,0.00,0.00,0.00,0.00
NVDA,1749244537476,141.8800,141.8800,141.8900,300,1000,13027,141.8900,141.8900,141.8900,141.8900,0.0100,142.1569,50.0000,141.9088,141.9157,0.0000,0.2000,0.00,0.00,0.00,0.00,0.00,0.00,0.00,0.00
NVDA,1749244537732,141.8800,141.8800,141.8900,300,1000,13028,141.8900,141.8900,141.8900,141.8900,0.0100,142.1569,50.0000,141.9088,141.9157,0.0000,0.2000,0.00,0.00,0.00,0.00,0.00,0.00,0.00,0.00
NVDA,1749244537732,141.8800,141.8300,141.8900,200,1000,13028,141.8900,141.8900,141.8900,141.8900,0.0600,142.1569,50.0000,141.9088,141.9157,0.0000,0.2000,0.00,0.00,0.00,0.00,0.00,0.00,0.00,0.00
NVDA,1749244537732,141.8700,141.8300,141.8900,200,1000,13508,141.8900,141.8900,141.8900,141.8900,0.0600,142.1569,50.0000,141.9088,141.9157,0.0000,0.2000,0.00,0.00,0.00,0.00,0.00,0.00,0.00,0.00
NVDA,1749244537809,141.8600,141.8300,141.8900,200,1000,13532,141.8900,141.8900,141.8900,141.8900,0.0600,142.1569,50.0000,141.9088,141.9157,0.0000,0.2000,0.00,0.00,0.00,0.00,0.00,0.00,0.00,0.00
NVDA,1749244537809,141.8500,141.8300,141.8900,200,1000,13536,141.8900,141.8900,141.8900,141.8900,0.0600,142.1569,50.0000,141.9088,141.9157,0.0000,0.2000,0.00,0.00,0.00,0.00,0.00,0.00,0.00,0.00
NVDA,1749244537809,141.8400,141.8300,141.8900,200,1000,13599,141.8900,141.8900,141.8900,141.8900,0.0600,142.1569,50.0000,141.9088,141.9157,0.0000,0.2000,0.00,0.00,0.00,0.00,0.00,0.00,0.00,0.00
NVDA,1749244537809,141.8300,141.8300,141.8900,200,1000,13699,141.8900,141.8900,141.8900,141.8900,0.0600,142.1569,50.0000,141.9088,141.9157,0.0000,0.2000,0.00,0.00,0.00,0.00,0.00,0.00,0.00,0.00
NVDA,1749244537809,141.8300,141.8100,141.8900,700,1000,13699,141.8900,141.8900,141.8900,141.8900,0.0800,142.1569,50.0000,141.9088,141.9157,0.0000,0.2000,0.00,0.00,0.00,0.00,0.00,0.00,0.00,0.00
NVDA,1749244537809,141.8300,141.8100,141.8400,400,100,13699,141.8900,141.8900,141.8900,141.8900,0.0300,142.1569,50.0000,141.9088,141.9157,0.0000,0.2000,0.00,0.00,0.00,0.00,0.00,0.00,0.00,0.00
NVDA,1749244537809,141.8300,141.8100,141.8400,200,200,13699,141.8900,141.8900,141.8900,141.8900,0.0300,142.1569,50.0000,141.9088,141.9157,0.0000,0.2000,0.00,0.00,0.00,0.00,0.00,0.00,0.00,0.00
NVDA,1749244537809,141.8300,141.8100,141.8400,200,100,13699,141.8900,141.8900,141.8900,141.8900,0.0300,142.1569,50.0000,141.9088,141.9157,0.0000,0.2000,0.00,0.00,0.00,0.00,0.00,0.00,0.00,0.00
NVDA,1749244537809,141.8300,141.8100,141.8900,200,1000,13699,141.8900,141.8900,141.8900,141.8900,0.0800,142.1569,50.0000,141.9088,141.9157,0.0000,0.2000,0.00,0.00,0.00,0.00,0.00,0.00,0.00,0.00
NVDA,1749244537809,141.8200,141.8100,141.8900,200,1000,14114,141.8900,141.8900,141.8900,141.8900,0.0800,142.1569,50.0000,141.9088,141.9157,0.0000,0.2000,0.00,0.00,0.00,0.00,0.00,0.00,0.00,0.00
NVDA,1749244537809,141.8100,141.8100,141.8900,200,1000,14415,141.8900,141.8900,141.8900,141.8900,0.0800,142.1569,50.0000,141.9088,141.9157,0.0000,0.2000,0.00,0.00,0.00,0.00,0.00,0.00,0.00,0.00
NVDA,1749244537809,141.8000,141.8100,141.8900,200,1000,15865,141.8900,141.8900,141.8900,141.8900,0.0800,142.1569,50.0000,141.9088,141.9157,0.0000,0.2000,0.00,0.00,0.00,0.00,0.00,0.00,0.00,0.00
NVDA,1749244537887,141.8000,141.8100,141.8900,200,1000,16015,141.8900,141.8900,141.8900,141.8900,0.0800,142.1569,50.0000,141.9088,141.9157,0.0000,0.2000,0.00,0.00,0.00,0.00,0.00,0.00,0.00,0.00
NVDA,1749244537887,141.8000,141.8000,141.8900,500,1000,16103,141.8900,141.8900,141.8900,141.8900,0.0900,142.1569,50.0000,141.9088,141.9157,0.0000,0.2000,0.00,0.00,0.00,0.00,0.00,0.00,0.00,0.00
NVDA,1749244537887,141.8000,141.8000,141.8900,400,1000,16103,141.8900,141.8900,141.8900,141.8900,0.0900,142.1569,50.0000,141.9088,141.9157,0.0000,0.2000,0.00,0.00,0.00,0.00,0.00,0.00,0.00,0.00
NVDA,1749244537887,141.8000,141.8000,141.8900,200,1000,16103,141.8900,141.8900,141.8900,141.8900,0.0900,142.1569,50.0000,141.9088,141.9157,0.0000,0.2000,0.00,0.00,0.00,0.00,0.00,0.00,0.00,0.00
NVDA,1749244537887,141.8000,141.7900,141.8900,200,1000,16103,141.8900,141.8900,141.8900,141.8900,0.1000,142.1569,50.0000,141.9088,141.9157,0.0000,0.2000,0.00,0.00,0.00,0.00,0.00,0.00,0.00,0.00
NVDA,1749244537979,141.8000,141.7900,141.8900,200,1000,16483,141.8900,141.8900,141.8900,141.8900,0.1000,142.1569,50.0000,141.9088,141.9157,0.0000,0.2000,0.00,0.00,0.00,0.00,0.00,0.00,0.00,0.00
NVDA,1749244538229,141.8000,141.7900,141.8900,200,1000,16483,141.8900,141.8900,141.8900,141.8900,0.1000,142.1569,50.0000,141.9088,141.9157,0.0000,0.2000,0.00,0.00,0.00,0.00,0.00,0.00,0.00,0.00
NVDA,1749244538305,141.8000,141.7900,141.8900,200,1000,18972,141.8900,141.8900,141.8900,141.8900,0.1000,142.1569,50.0000,141.9088,141.9157,0.0000,0.2000,0.00,0.00,0.00,0.00,0.00,0.00,0.00,0.00
NVDA,1749244538305,141.8000,141.7900,141.8000,200,5000,18972,141.8900,141.8900,141.8900,141.8900,0.0100,142.1569,50.0000,141.9088,141.9157,0.0000,0.2000,0.00,0.00,0.00,0.00,0.00,0.00,0.00,0.00
NVDA,1749244538305,141.8000,141.7900,141.8000,200,4200,18972,141.8900,141.8900,141.8900,141.8900,0.0100,142.1569,50.0000,141.9088,141.9157,0.0000,0.2000,0.00,0.00,0.00,0.00,0.00,0.00,0.00,0.00
NVDA,1749244538305,141.8000,141.7900,141.8000,200,3600,18972,141.8900,141.8900,141.8900,141.8900,0.0100,142.1569,50.0000,141.9088,141.9157,0.0000,0.2000,0.00,0.00,0.00,0.00,0.00,0.00,0.00,0.00
NVDA,1749244538305,141.8000,141.7900,141.8000,200,3000,18972,141.8900,141.8900,141.8900,141.8900,0.0100,142.1569,50.0000,141.9088,141.9157,0.0000,0.2000,0.00,0.00,0.00,0.00,0.00,0.00,0.00,0.00
NVDA,1749244538305,141.8000,141.7900,141.8000,200,2900,18972,141.8900,141.8900,141.8900,141.8900,0.0100,142.1569,50.0000,141.9088,141.9157,0.0000,0.2000,0.00,0.00,0.00,0.00,0.00,0.00,0.00,0.00
NVDA,1749244538305,141.8000,141.7900,141.8000,200,2800,18972,141.8900,141.8900,141.8900,141.8900,0.0100,142.1569,50.0000,141.9088,141.9157,0.0000,0.2000,0.00,0.00,0.00,0.00,0.00,0.00,0.00,0.00
NVDA,1749244538305,141.8000,141.7900,141.8000,300,2800,18972,141.8900,141.8900,141.8900,141.8900,0.0100,142.1569,50.0000,141.9088,141.9157,0.0000,0.2000,0.00,0.00,0.00,0.00,0.00,0.00,0.00,0.00
NVDA,1749244538305,141.8000,141.7900,141.8000,300,2700,18972,141.8900,141.8900,141.8900,141.8900,0.0100,142.1569,50.0000,141.9088,141.9157,0.0000,0.2000,0.00,0.00,0.00,0.00,0.00,0.00,0.00,0.00
NVDA,1749244538305,141.8000,141.7900,141.8000,200,2700,18972,141.8900,141.8900,141.8900,141.8900,0.0100,142.1569,50.0000,141.9088,141.9157,0.0000,0.2000,0.00,0.00,0.00,0.00,0.00,0.00,0.00,0.00
NVDA,1749244538799,141.8000,141.7900,141.8000,200,2700,19304,141.8900,141.8900,141.8900,141.8900,0.0100,142.1569,50.0000,141.9088,141.9157,0.0000,0.2000,0.00,0.00,0.00,0.00,0.00,0.00,0.00,0.00
NVDA,1749244541000,141.8000,141.7900,141.8000,200,2700,19304,141.8800,141.8800,141.8000,141.8000,0.0100,142.1569,50.0000,141.9088,141.9157,0.0000,0.2000,0.00,0.00,0.00,0.00,0.00,0.00,0.00,0.00
NVDA,1749244542230,141.8000,141.7900,141.8000,200,2700,19304,141.8800,141.8800,141.8000,141.8000,0.0100,142.1569,50.0000,141.9088,141.9157,0.0000,0.2000,0.00,0.00,0.00,0.00,0.00,0.00,0.00,0.00
NVDA,1749244542808,141.8000,141.7900,141.8000,200,2700,19332,141.8800,141.8800,141.8000,141.8000,0.0100,142.1569,50.0000,141.9088,141.9157,0.0000,0.2000,0.00,0.00,0.00,0.00,0.00,0.00,0.00,0.00
NVDA,1749244542990,141.8000,141.7900,141.8000,200,2700,19332,141.8800,141.8800,141.8000,141.8000,0.0100,142.1569,50.0000,141.9088,141.9157,0.0000,0.2000,0.00,0.00,0.00,0.00,0.00,0.00,0.00,0.00
NVDA,1749244543508,141.7900,141.7900,141.8000,200,2700,19333,141.8800,141.8800,141.8000,141.8000,0.0100,142.1569,50.0000,141.9088,141.9157,0.0000,0.2000,0.00,0.00,0.00,0.00,0.00,0.00,0.00,0.00
NVDA,1749244546008,141.7900,141.7900,141.8000,200,2700,19333,141.8000,141.8000,141.8000,141.8000,0.0100,142.1569,50.0000,141.9088,141.9157,0.0000,0.2000,0.00,0.00,0.00,0.00,0.00,0.00,0.00,0.00
NVDA,1749244547746,141.7900,141.7900,141.8000,200,2700,19333,141.8000,141.8000,141.8000,141.8000,0.0100,142.1569,50.0000,141.9088,141.9157,0.0000,0.2000,0.00,0.00,0.00,0.00,0.00,0.00,0.00,0.00
NVDA,1749244548248,141.7900,141.7900,141.8000,200,2700,19333,141.8000,141.8000,141.8000,141.8000,0.0100,142.1569,50.0000,141.9088,141.9157,0.0000,0.2000,0.00,0.00,0.00,0.00,0.00,0.00,0.00,0.00
NVDA,1749244548248,141.8000,141.7900,141.8000,200,2700,19633,141.8000,141.8000,141.8000,141.8000,0.0100,142.1569,50.0000,141.9088,141.9157,0.0000,0.2000,0.00,0.00,0.00,0.00,0.00,0.00,0.00,0.00
NVDA,1749244548248,141.8000,141.7900,141.8000,200,2400,19633,141.8000,141.8000,141.8000,141.8000,0.0100,142.1569,50.0000,141.9088,141.9157,0.0000,0.2000,0.00,0.00,0.00,0.00,0.00,0.00,0.00,0.00
NVDA,1749244548248,141.7900,141.7900,141.8000,200,2400,19634,141.8000,141.8000,141.8000,141.8000,0.0100,142.1569,50.0000,141.9088,141.9157,0.0000,0.2000,0.00,0.00,0.00,0.00,0.00,0.00,0.00,0.00
NVDA,1749244548746,141.7900,141.7900,141.8000,200,2400,19634,141.8000,141.8000,141.8000,141.8000,0.0100,142.1569,50.0000,141.9088,141.9157,0.0000,0.2000,0.00,0.00,0.00,0.00,0.00,0.00,0.00,0.00
NVDA,1749244549255,141.8000,141.7900,141.8000,200,2400,20879,141.8000,141.8000,141.8000,141.8000,0.0100,142.1569,50.0000,141.9088,141.9157,0.0000,0.2000,0.00,0.00,0.00,0.00,0.00,0.00,0.00,0.00
NVDA,1749244549255,141.8000,141.7900,141.8000,200,900,21070,141.8000,141.8000,141.8000,141.8000,0.0100,142.1569,50.0000,141.9088,141.9157,0.0000,0.2000,0.00,0.00,0.00,0.00,0.00,0.00,0.00,0.00
NVDA,1749244549747,141.8000,141.7900,141.8000,200,900,21070,141.8000,141.8000,141.8000,141.8000,0.0100,142.1569,50.0000,141.9088,141.9157,0.0000,0.2000,0.00,0.00,0.00,0.00,0.00,0.00,0.00,0.00
NVDA,1749244549827,141.8000,141.7900,141.8000,200,900,21070,141.8000,141.8000,141.8000,141.8000,0.0100,142.1569,50.0000,141.9088,141.9157,0.0000,0.2000,0.00,0.00,0.00,0.00,0.00,0.00,0.00,0.00
NVDA,1749244550249,141.8000,141.7900,141.8000,200,900,21070,141.8000,141.8000,141.8000,141.8000,0.0100,142.1569,50.0000,141.9088,141.9157,0.0000,0.2000,0.00,0.00,0.00,0.00,0.00,0.00,0.00,0.00
NVDA,1749244550249,141.8000,141.7900,141.8500,200,800,21070,141.8000,141.8000,141.8000,141.8000,0.0600,142.1569,50.0000,141.9088,141.9157,0.0000,0.2000,0.00,0.00,0.00,0.00,0.00,0.00,0.00,0.00
NVDA,1749244550326,141.7900,141.7900,141.8500,200,800,22068,141.8000,141.8000,141.8000,141.8000,0.0600,142.1569,50.0000,141.9088,141.9157,0.0000,0.2000,0.00,0.00,0.00,0.00,0.00,0.00,0.00,0.00
NVDA,1749244550326,141.7900,141.8000,141.8500,100,800,22068,141.8000,141.8000,141.8000,141.8000,0.0500,142.1569,50.0000,141.9088,141.9157,0.0000,0.2000,0.00,0.00,0.00,0.00,0.00,0.00,0.00,0.00
NVDA,1749244550326,141.8200,141.8000,141.8500,100,800,22069,141.8000,141.8000,141.8000,141.8000,0.0500,142.1569,50.0000,141.9088,141.9157,0.0000,0.2000,0.00,0.00,0.00,0.00,0.00,0.00,0.00,0.00
NVDA,1749244551006,141.8200,141.8000,141.8500,100,800,22069,141.8000,141.8000,141.8000,141.8000,0.0500,142.1569,50.0000,141.9088,141.9157,0.0000,0.2000,0.00,0.00,0.00,0.00,0.00,0.00,0.00,0.00
NVDA,1749244552149,141.8200,141.7900,141.8500,200,800,22069,141.8000,141.8000,141.8000,141.8000,0.0600,142.1569,50.0000,141.9088,141.9157,0.0000,0.2000,0.00,0.00,0.00,0.00,0.00,0.00,0.00,0.00
NVDA,1749244552149,141.8200,141.7900,141.8500,200,900,22069,141.8000,141.8000,141.8000,141.8000,0.0600,142.1569,50.0000,141.9088,141.9157,0.0000,0.2000,0.00,0.00,0.00,0.00,0.00,0.00,0.00,0.00
NVDA,1749244552149,141.8200,141.7900,141.8500,200,1000,22069,141.8000,141.8000,141.8000,141.8000,0.0600,142.1569,50.0000,141.9088,141.9157,0.0000,0.2000,0.00,0.00,0.00,0.00,0.00,0.00,0.00,0.00
NVDA,1749244552245,141.8200,141.7900,141.8500,200,1000,22069,141.8000,141.8000,141.8000,141.8000,0.0600,142.1569,50.0000,141.9088,141.9157,0.0000,0.2000,0.00,0.00,0.00,0.00,0.00,0.00,0.00,0.00
NVDA,1749244552791,141.8200,141.7900,141.8400,200,100,22069,141.8000,141.8000,141.8000,141.8000,0.0500,142.1569,50.0000,141.9088,141.9157,0.0000,0.2000,0.00,0.00,0.00,0.00,0.00,0.00,0.00,0.00
NVDA,1749244552791,141.8000,141.7900,141.8400,200,100,22075,141.8000,141.8000,141.8000,141.8000,0.0500,142.1569,50.0000,141.9088,141.9157,0.0000,0.2000,0.00,0.00,0.00,0.00,0.00,0.00,0.00,0.00
NVDA,1749244553000,141.8000,141.7900,141.8400,200,100,22075,141.8000,141.8000,141.8000,141.8000,0.0500,142.1569,50.0000,141.9088,141.9157,0.0000,0.2000,0.00,0.00,0.00,0.00,0.00,0.00,0.00,0.00
NVDA,1749244553508,141.7900,141.7900,141.8400,200,100,22076,141.8000,141.8000,141.8000,141.8000,0.0500,142.1569,50.0000,141.9088,141.9157,0.0000,0.2000,0.00,0.00,0.00,0.00,0.00,0.00,0.00,0.00
NVDA,1749244555497,141.7900,141.7900,141.8400,200,100,22076,141.8000,141.8000,141.8000,141.8000,0.0500,142.1569,50.0000,141.9088,141.9157,0.0000,0.2000,0.00,0.00,0.00,0.00,0.00,0.00,0.00,0.00
NVDA,1749244555752,141.7900,141.7900,141.8400,200,100,22076,141.8000,141.8000,141.8000,141.8000,0.0500,142.1569,50.0000,141.9088,141.9157,0.0000,0.2000,0.00,0.00,0.00,0.00,0.00,0.00,0.00,0.00
NVDA,1749244555880,141.7900,141.7900,141.8400,200,100,22076,141.8000,141.8000,141.8000,141.8000,0.0500,142.1569,50.0000,141.9088,141.9157,0.0000,0.2000,0.00,0.00,0.00,0.00,0.00,0.00,0.00,0.00
NVDA,1749244556167,141.8100,141.7900,141.8400,200,100,22086,141.8000,141.8000,141.8000,141.8000,0.0500,142.1569,50.0000,141.9088,141.9157,0.0000,0.2000,0.00,0.00,0.00,0.00,0.00,0.00,0.00,0.00
NVDA,1749244556167,141.7900,141.7900,141.8400,200,100,22226,141.8000,141.8000,141.8000,141.8000,0.0500,142.1569,50.0000,141.9088,141.9157,0.0000,0.2000,0.00,0.00,0.00,0.00,0.00,0.00,0.00,0.00
NVDA,1749244556167,141.8200,141.7900,141.8400,200,100,22227,141.8000,141.8000,141.8000,141.8000,0.0500,142.1569,50.0000,141.9088,141.9157,0.0000,0.2000,0.00,0.00,0.00,0.00,0.00,0.00,0.00,0.00
NVDA,1749244558254,141.8200,141.7900,141.8400,200,100,22227,141.8000,141.8000,141.8000,141.8000,0.0500,142.1569,50.0000,141.9088,141.9157,0.0000,0.2000,0.00,0.00,0.00,0.00,0.00,0.00,0.00,0.00
NVDA,1749244558744,141.8200,141.7900,141.8400,200,100,22237,141.8000,141.8000,141.8000,141.8000,0.0500,142.1569,50.0000,141.9088,141.9157,0.0000,0.2000,0.00,0.00,0.00,0.00,0.00,0.00,0.00,0.00
NVDA,1749244558744,141.8300,141.7900,141.8400,200,100,22269,141.8000,141.8000,141.8000,141.8000,0.0500,142.1569,50.0000,141.9088,141.9157,0.0000,0.2000,0.00,0.00,0.00,0.00,0.00,0.00,0.00,0.00
NVDA,1749244559509,141.8300,141.7900,141.8400,200,100,22269,141.8000,141.8000,141.8000,141.8000,0.0500,142.1569,50.0000,141.9088,141.9157,0.0000,0.2000,0.00,0.00,0.00,0.00,0.00,0.00,0.00,0.00
NVDA,1749244559914,141.8000,141.7900,141.8400,200,100,23116,141.8000,141.8000,141.8000,141.8000,0.0500,142.1569,50.0000,141.9088,141.9157,0.0000,0.2000,0.00,0.00,0.00,0.00,0.00,0.00,0.00,0.00
NVDA,1749244560012,141.8000,141.7900,141.8400,200,100,23116,141.8000,141.8000,141.8000,141.8000,0.0500,142.1569,50.0000,141.8870,141.9071,0.0000,0.3000,0.00,0.00,0.00,0.00,0.00,0.00,0.00,0.00
NVDA,1749244560266,141.8000,141.7900,141.8400,200,100,23116,141.8000,141.8000,141.8000,141.8000,0.0500,142.1569,50.0000,141.8870,141.9071,0.0000,0.3000,0.00,0.00,0.00,0.00,0.00,0.00,0.00,0.00
NVDA,1749244560566,141.8400,141.7900,141.8400,200,100,23117,141.8000,141.8000,141.8000,141.8000,0.0500,142.1569,50.0000,141.8870,141.9071,0.0000,0.3000,0.00,0.00,0.00,0.00,0.00,0.00,0.00,0.00
NVDA,1749244560566,141.8200,141.7900,141.8400,200,100,23119,141.8000,141.8000,141.8000,141.8000,0.0500,142.1569,50.0000,141.8870,141.9071,0.0000,0.3000,0.00,0.00,0.00,0.00,0.00,0.00,0.00,0.00
NVDA,1749244561001,141.8200,141.7900,141.8400,200,100,23119,141.7900,141.8000,141.7900,141.8000,0.0500,142.1569,50.0000,141.8870,141.9071,0.0000,0.3000,0.00,0.00,0.00,0.00,0.00,0.00,0.00,0.00
NVDA,1749244562260,141.8200,141.7900,141.8400,200,100,23119,141.7900,141.8000,141.7900,141.8000,0.0500,142.1569,50.0000,141.8870,141.9071,0.0000,0.3000,0.00,0.00,0.00,0.00,0.00,0.00,0.00,0.00
NVDA,1749244562923,141.8200,141.7900,141.8400,200,100,23120,141.7900,141.8000,141.7900,141.8000,0.0500,142.1569,50.0000,141.8870,141.9071,0.0000,0.3000,0.00,0.00,0.00,0.00,0.00,0.00,0.00,0.00
NVDA,1749244565268,141.8200,141.7900,141.8400,200,100,23120,141.7900,141.8000,141.7900,141.8000,0.0500,142.1569,50.0000,141.8870,141.9071,0.0000,0.3000,0.00,0.00,0.00,0.00,0.00,0.00,0.00,0.00
NVDA,1749244565795,141.7900,141.7900,141.8400,200,100,23121,141.7900,141.8000,141.7900,141.8000,0.0500,142.1569,50.0000,141.8870,141.9071,0.0000,0.3000,0.00,0.00,0.00,0.00,0.00,0.00,0.00,0.00
NVDA,1749244565795,141.8200,141.7900,141.8400,200,100,23122,141.7900,141.8000,141.7900,141.8000,0.0500,142.1569,50.0000,141.8870,141.9071,0.0000,0.3000,0.00,0.00,0.00,0.00,0.00,0.00,0.00,0.00
NVDA,1749244565999,141.8200,141.7900,141.8400,200,100,23122,141.8000,141.8000,141.8000,141.8000,0.0500,142.1569,50.0000,141.8870,141.9071,0.0000,0.3000,0.00,0.00,0.00,0.00,0.00,0.00,0.00,0.00
NVDA,1749244571028,141.8200,141.7900,141.8400,200,100,23122,141.8000,141.8000,141.8000,141.8000,0.0500,142.1569,50.0000,141.8870,141.9071,0.0000,0.3000,0.00,0.00,0.00,0.00,0.00,0.00,0.00,0.00
NVDA,1749244571288,141.8200,141.7900,141.8400,200,100,23122,141.8000,141.8000,141.8000,141.8000,0.0500,142.1569,50.0000,141.8870,141.9071,0.0000,0.3000,0.00,0.00,0.00,0.00,0.00,0.00,0.00,0.00
NVDA,1749244571860,141.8400,141.7900,141.8400,200,100,23123,141.8000,141.8000,141.8000,141.8000,0.0500,142.1569,50.0000,141.8870,141.9071,0.0000,0.3000,0.00,0.00,0.00,0.00,0.00,0.00,0.00,0.00
NVDA,1749244576031,141.8400,141.7900,141.8400,200,100,23123,141.8000,141.8000,141.8000,141.8000,0.0500,142.1569,50.0000,141.8870,141.9071,0.0000,0.3000,0.00,0.00,0.00,0.00,0.00,0.00,0.00,0.00
NVDA,1749244578081,141.8400,141.7900,141.8400,300,100,23123,141.8000,141.8000,141.8000,141.8000,0.0500,142.1569,50.0000,141.8870,141.9071,0.0000,0.3000,0.00,0.00,0.00,0.00,0.00,0.00,0.00,0.00
NVDA,1749244579556,141.8400,141.7900,141.8400,300,100,23123,141.8000,141.8000,141.8000,141.8000,0.0500,142.1569,50.0000,141.8870,141.9071,0.0000,0.3000,0.00,0.00,0.00,0.00,0.00,0.00,0.00,0.00
NVDA,1749244580134,141.8400,141.7900,141.8200,300,400,23123,141.8000,141.8000,141.8000,141.8000,0.0300,142.1569,50.0000,141.8870,141.9071,0.0000,0.3000,0.00,0.00,0.00,0.00,0.00,0.00,0.00,0.00
NVDA,1749244580134,141.8200,141.7900,141.8200,300,400,23148,141.8000,141.8000,141.8000,141.8000,0.0300,142.1569,50.0000,141.8870,141.9071,0.0000,0.3000,0.00,0.00,0.00,0.00,0.00,0.00,0.00,0.00
NVDA,1749244581020,141.8200,141.7900,141.8200,300,400,23171,141.8000,141.8000,141.8000,141.8000,0.0300,142.1569,50.0000,141.8870,141.9071,0.0000,0.3000,0.00,0.00,0.00,0.00,0.00,0.00,0.00,0.00
NVDA,1749244581304,141.8200,141.7900,141.8200,300,400,23171,141.8000,141.8000,141.8000,141.8000,0.0300,142.1569,50.0000,141.8870,141.9071,0.0000,0.3000,0.00,0.00,0.00,0.00,0.00,0.00,0.00,0.00
NVDA,1749244581400,141.8200,141.7900,141.8200,300,400,23171,141.8000,141.8000,141.8000,141.8000,0.0300,142.1569,50.0000,141.8870,141.9071,0.0000,0.3000,0.00,0.00,0.00,0.00,0.00,0.00,0.00,0.00
NVDA,1749244581852,141.8200,141.7900,141.8200,300,200,23171,141.8000,141.8000,141.8000,141.8000,0.0300,142.1569,50.0000,141.8870,141.9071,0.0000,0.3000,0.00,0.00,0.00,0.00,0.00,0.00,0.00,0.00
NVDA,1749244581852,141.8200,141.7900,141.8400,300,100,23171,141.8000,141.8000,141.8000,141.8000,0.0500,142.1569,50.0000,141.8870,141.9071,0.0000,0.3000,0.00,0.00,0.00,0.00,0.00,0.00,0.00,0.00
NVDA,1749244581852,141.8300,141.7900,141.8400,300,100,23444,141.8000,141.8000,141.8000,141.8000,0.0500,142.1569,50.0000,141.8870,141.9071,0.0000,0.3000,0.00,0.00,0.00,0.00,0.00,0.00,0.00,0.00
NVDA,1749244581852,141.8200,141.7900,141.8400,300,100,23681,141.8000,141.8000,141.8000,141.8000,0.0500,142.1569,50.0000,141.8870,141.9071,0.0000,0.3000,0.00,0.00,0.00,0.00,0.00,0.00,0.00,0.00
NVDA,1749244581852,141.8400,141.7900,141.8400,300,100,23691,141.8000,141.8000,141.8000,141.8000,0.0500,142.1569,50.0000,141.8870,141.9071,0.0000,0.3000,0.00,0.00,0.00,0.00,0.00,0.00,0.00,0.00
NVDA,1749244583058,141.8400,141.7900,141.8400,300,100,23691,141.8000,141.8000,141.8000,141.8000,0.0500,142.1569,50.0000,141.8870,141.9071,0.0000,0.3000,0.00,0.00,0.00,0.00,0.00,0.00,0.00,0.00
NVDA,1749244583719,141.8400,141.7900,141.8400,300,100,23692,141.8000,141.8000,141.8000,141.8000,0.0500,142.1569,50.0000,141.8870,141.9071,0.0000,0.3000,0.00,0.00,0.00,0.00,0.00,0.00,0.00,0.00
NVDA,1749244586014,141.8400,141.7900,141.8400,300,100,23730,141.8200,141.8200,141.8200,141.8200,0.0500,142.1569,50.0000,141.8870,141.9071,0.0000,0.3000,0.00,0.00,0.00,0.00,0.00,0.00,0.00,0.00
NVDA,1749244586267,141.8400,141.7900,141.8400,300,400,23730,141.8200,141.8200,141.8200,141.8200,0.0500,142.1569,50.0000,141.8870,141.9071,0.0000,0.3000,0.00,0.00,0.00,0.00,0.00,0.00,0.00,0.00
NVDA,1749244586267,141.8000,141.7900,141.8400,300,400,23737,141.8200,141.8200,141.8200,141.8200,0.0500,142.1569,50.0000,141.8870,141.9071,0.0000,0.3000,0.00,0.00,0.00,0.00,0.00,0.00,0.00,0.00
NVDA,1749244586843,141.8000,141.7900,141.8400,300,500,23744,141.8200,141.8200,141.8200,141.8200,0.0500,142.1569,50.0000,141.8870,141.9071,0.0000,0.3000,0.00,0.00,0.00,0.00,0.00,0.00,0.00,0.00
NVDA,1749244587814,141.8000,141.7900,141.8400,300,500,23744,141.8200,141.8200,141.8200,141.8200,0.0500,142.1569,50.0000,141.8870,141.9071,0.0000,0.3000,0.00,0.00,0.00,0.00,0.00,0.00,0.00,0.00
NVDA,1749244588060,141.8000,141.7900,141.8400,300,500,23744,141.8200,141.8200,141.8200,141.8200,0.0500,142.1569,50.0000,141.8870,141.9071,0.0000,0.3000,0.00,0.00,0.00,0.00,0.00,0.00,0.00,0.00
NVDA,1749244588221,141.8000,141.7900,141.8400,300,500,23755,141.8200,141.8200,141.8200,141.8200,0.0500,142.1569,50.0000,141.8870,141.9071,0.0000,0.3000,0.00,0.00,0.00,0.00,0.00,0.00,0.00,0.00
NVDA,1749244588221,141.8000,141.7900,141.8400,300,400,23755,141.8200,141.8200,141.8200,141.8200,0.0500,142.1569,50.0000,141.8870,141.9071,0.0000,0.3000,0.00,0.00,0.00,0.00,0.00,0.00,0.00,0.00
NVDA,1749244588221,141.8000,141.8000,141.8400,100,400,23755,141.8200,141.8200,141.8200,141.8200,0.0400,142.1569,50.0000,141.8870,141.9071,0.0000,0.3000,0.00,0.00,0.00,0.00,0.00,0.00,0.00,0.00
NVDA,1749244588307,141.8000,141.8000,141.8400,100,400,23766,141.8200,141.8200,141.8200,141.8200,0.0400,142.1569,50.0000,141.8870,141.9071,0.0000,0.3000,0.00,0.00,0.00,0.00,0.00,0.00,0.00,0.00
NVDA,1749244588813,141.8000,141.8000,141.8400,100,400,23766,141.8200,141.8200,141.8200,141.8200,0.0400,142.1569,50.0000,141.8870,141.9071,0.0000,0.3000,0.00,0.00,0.00,0.00,0.00,0.00,0.00,0.00
NVDA,1749244588813,141.8300,141.8000,141.8400,100,400,23770,141.8200,141.8200,141.8200,141.8200,0.0400,142.1569,50.0000,141.8870,141.9071,0.0000,0.3000,0.00,0.00,0.00,0.00,0.00,0.00,0.00,0.00
NVDA,1749244589330,141.8400,141.8000,141.8400,100,400,23771,141.8200,141.8200,141.8200,141.8200,0.0400,142.1569,50.0000,141.8870,141.9071,0.0000,0.3000,0.00,0.00,0.00,0.00,0.00,0.00,0.00,0.00
NVDA,1749244589330,141.8200,141.8000,141.8400,100,400,23821,141.8200,141.8200,141.8200,141.8200,0.0400,142.1569,50.0000,141.8870,141.9071,0.0000,0.3000,0.00,0.00,0.00,0.00,0.00,0.00,0.00,0.00
NVDA,1749244589817,141.8200,141.8000,141.8400,100,400,23821,141.8200,141.8200,141.8200,141.8200,0.0400,142.1569,50.0000,141.8870,141.9071,0.0000,0.3000,0.00,0.00,0.00,0.00,0.00,0.00,0.00,0.00
NVDA,1749244590326,141.8000,141.8000,141.8400,100,400,23832,141.8200,141.8200,141.8200,141.8200,0.0400,142.1569,50.0000,141.8870,141.9071,0.0000,0.3000,0.00,0.00,0.00,0.00,0.00,0.00,0.00,0.00
NVDA,1749244591019,141.8000,141.8000,141.8400,100,400,23832,141.8200,141.8200,141.8200,141.8200,0.0400,142.1569,50.0000,141.8870,141.9071,0.0000,0.3000,0.00,0.00,0.00,0.00,0.00,0.00,0.00,0.00
NVDA,1749244591019,141.8000,141.8000,141.8400,100,100,23832,141.8200,141.8200,141.8200,141.8200,0.0400,142.1569,50.0000,141.8870,141.9071,0.0000,0.3000,0.00,0.00,0.00,0.00,0.00,0.00,0.00,0.00
NVDA,1749244591971,141.8000,141.8000,141.8700,100,100,23832,141.8200,141.8200,141.8200,141.8200,0.0700,142.1569,50.0000,141.8870,141.9071,0.0000,0.3000,0.00,0.00,0.00,0.00,0.00,0.00,0.00,0.00
NVDA,1749244592564,141.8000,141.8000,141.8700,100,100,23832,141.8200,141.8200,141.8200,141.8200,0.0700,142.1569,50.0000,141.8870,141.9071,0.0000,0.3000,0.00,0.00,0.00,0.00,0.00,0.00,0.00,0.00
NVDA,1749244593019,141.8000,141.8000,141.8700,200,100,23832,141.8200,141.8200,141.8200,141.8200,0.0700,142.1569,50.0000,141.8870,141.9071,0.0000,0.3000,0.00,0.00,0.00,0.00,0.00,0.00,0.00,0.00
NVDA,1749244593019,141.8000,141.8000,141.8400,200,200,23832,141.8200,141.8200,141.8200,141.8200,0.0400,142.1569,50.0000,141.8870,141.9071,0.0000,0.3000,0.00,0.00,0.00,0.00,0.00,0.00,0.00,0.00
NVDA,1749244593019,141.8000,141.8000,141.8300,200,100,23832,141.8200,141.8200,141.8200,141.8200,0.0300,142.1569,50.0000,141.8870,141.9071,0.0000,0.3000,0.00,0.00,0.00,0.00,0.00,0.00,0.00,0.00
NVDA,1749244595071,141.8000,141.8000,141.8300,200,100,23843,141.8200,141.8200,141.8200,141.8200,0.0300,142.1569,50.0000,141.8870,141.9071,0.0000,0.3000,0.00,0.00,0.00,0.00,0.00,0.00,0.00,0.00
NVDA,1749244595636,141.8000,141.8000,141.8300,200,100,23848,141.8200,141.8200,141.8200,141.8200,0.0300,142.1569,50.0000,141.8870,141.9071,0.0000,0.3000,0.00,0.00,0.00,0.00,0.00,0.00,0.00,0.00
NVDA,1749244596017,141.8000,141.8000,141.8300,200,100,23848,141.8200,141.8200,141.8200,141.8200,0.0300,142.1569,50.0000,141.8870,141.9071,0.0000,0.3000,0.00,0.00,0.00,0.00,0.00,0.00,0.00,0.00
NVDA,1749244597325,141.8000,141.8000,141.8300,200,100,23848,141.8200,141.8200,141.8200,141.8200,0.0300,142.1569,50.0000,141.8870,141.9071,0.0000,0.3000,0.00,0.00,0.00,0.00,0.00,0.00,0.00,0.00
NVDA,1749244597575,141.8000,141.8000,141.8300,200,100,23848,141.8200,141.8200,141.8200,141.8200,0.0300,142.1569,50.0000,141.8870,141.9071,0.0000,0.3000,0.00,0.00,0.00,0.00,0.00,0.00,0.00,0.00
NVDA,1749244597948,141.8100,141.8000,141.8300,200,100,23849,141.8200,141.8200,141.8200,141.8200,0.0300,142.1569,50.0000,141.8870,141.9071,0.0000,0.3000,0.00,0.00,0.00,0.00,0.00,0.00,0.00,0.00
NVDA,1749244597948,141.8000,141.8000,141.8300,200,100,23860,141.8200,141.8200,141.8200,141.8200,0.0300,142.1569,50.0000,141.8870,141.9071,0.0000,0.3000,0.00,0.00,0.00,0.00,0.00,0.00,0.00,0.00
NVDA,1749244598075,141.8000,141.8000,141.8300,200,100,23860,141.8200,141.8200,141.8200,141.8200,0.0300,142.1569,50.0000,141.8870,141.9071,0.0000,0.3000,0.00,0.00,0.00,0.00,0.00,0.00,0.00,0.00
NVDA,1749244598775,141.8000,141.8000,141.8300,200,100,23871,141.8200,141.8200,141.8200,141.8200,0.0300,142.1569,50.0000,141.8870,141.9071,0.0000,0.3000,0.00,0.00,0.00,0.00,0.00,0.00,0.00,0.00
NVDA,1749244599081,141.8000,141.8000,141.8300,200,100,23871,141.8200,141.8200,141.8200,141.8200,0.0300,142.1569,50.0000,141.8870,141.9071,0.0000,0.3000,0.00,0.00,0.00,0.00,0.00,0.00,0.00,0.00
NVDA,1749244599336,141.8000,141.8000,141.8300,200,100,23871,141.8200,141.8200,141.8200,141.8200,0.0300,142.1569,50.0000,141.8870,141.9071,0.0000,0.3000,0.00,0.00,0.00,0.00,0.00,0.00,0.00,0.00
NVDA,1749244599489,141.8000,141.8000,141.8300,200,100,23882,141.8200,141.8200,141.8200,141.8200,0.0300,142.1569,50.0000,141.8870,141.9071,0.0000,0.3000,0.00,0.00,0.00,0.00,0.00,0.00,0.00,0.00
NVDA,1749244599489,141.8100,141.8000,141.8300,200,100,23893,141.8200,141.8200,141.8200,141.8200,0.0300,142.1569,50.0000,141.8870,141.9071,0.0000,0.3000,0.00,0.00,0.00,0.00,0.00,0.00,0.00,0.00
NVDA,1749244599833,141.8100,141.8000,141.8300,200,100,23893,141.8200,141.8200,141.8200,141.8200,0.0300,142.1569,50.0000,141.8870,141.9071,0.0000,0.3000,0.00,0.00,0.00,0.00,0.00,0.00,0.00,0.00
NVDA,1749244600376,141.8000,141.8000,141.8300,200,100,23904,141.8200,141.8200,141.8200,141.8200,0.0300,142.1569,50.0000,141.8870,141.9071,0.0000,0.3000,0.00,0.00,0.00,0.00,0.00,0.00,0.00,0.00
NVDA,1749244600583,141.8000,141.8000,141.8300,200,100,23904,141.8200,141.8200,141.8200,141.8200,0.0300,142.1569,50.0000,141.8870,141.9071,0.0000,0.3000,0.00,0.00,0.00,0.00,0.00,0.00,0.00,0.00
NVDA,1749244601032,141.8000,141.8000,141.8300,200,100,23904,141.8200,141.8200,141.8200,141.8200,0.0300,142.1569,50.0000,141.8870,141.9071,0.0000,0.3000,0.00,0.00,0.00,0.00,0.00,0.00,0.00,0.00
NVDA,1749244601148,141.8000,141.8000,141.8300,200,100,23915,141.8200,141.8200,141.8200,141.8200,0.0300,142.1569,50.0000,141.8870,141.9071,0.0000,0.3000,0.00,0.00,0.00,0.00,0.00,0.00,0.00,0.00
NVDA,1749244601148,141.8100,141.8000,141.8300,200,100,23926,141.8200,141.8200,141.8200,141.8200,0.0300,142.1569,50.0000,141.8870,141.9071,0.0000,0.3000,0.00,0.00,0.00,0.00,0.00,0.00,0.00,0.00
NVDA,1749244601148,141.8100,141.8000,141.8300,100,100,23926,141.8200,141.8200,141.8200,141.8200,0.0300,142.1569,50.0000,141.8870,141.9071,0.0000,0.3000,0.00,0.00,0.00,0.00,0.00,0.00,0.00,0.00
NVDA,1749244601334,141.8100,141.8000,141.8300,100,100,23926,141.8200,141.8200,141.8200,141.8200,0.0300,142.1569,50.0000,141.8870,141.9071,0.0000,0.3000,0.00,0.00,0.00,0.00,0.00,0.00,0.00,0.00
NVDA,1749244601913,141.8200,141.8000,141.8300,100,100,23927,141.8200,141.8200,141.8200,141.8200,0.0300,142.1569,50.0000,141.8870,141.9071,0.0000,0.3000,0.00,0.00,0.00,0.00,0.00,0.00,0.00,0.00
NVDA,1749244602585,141.8200,141.8000,141.8300,100,100,24026,141.8200,141.8200,141.8200,141.8200,0.0300,142.1569,50.0000,141.8870,141.9071,0.0000,0.3000,0.00,0.00,0.00,0.00,0.00,0.00,0.00,0.00
NVDA,1749244603076,141.8200,141.8000,141.8300,100,100,24026,141.8200,141.8200,141.8200,141.8200,0.0300,142.1569,50.0000,141.8870,141.9071,0.0000,0.3000,0.00,0.00,0.00,0.00,0.00,0.00,0.00,0.00
NVDA,1749244603308,141.8100,141.8000,141.8300,100,100,24027,141.8200,141.8200,141.8200,141.8200,0.0300,142.1569,50.0000,141.8870,141.9071,0.0000,0.3000,0.00,0.00,0.00,0.00,0.00,0.00,0.00,0.00
NVDA,1749244603308,141.8200,141.8000,141.8300,100,100,24028,141.8200,141.8200,141.8200,141.8200,0.0300,142.1569,50.0000,141.8870,141.9071,0.0000,0.3000,0.00,0.00,0.00,0.00,0.00,0.00,0.00,0.00
NVDA,1749244605842,141.8200,141.8000,141.8300,100,100,24028,141.8200,141.8200,141.8200,141.8200,0.0300,142.1569,50.0000,141.8870,141.9071,0.0000,0.3000,0.00,0.00,0.00,0.00,0.00,0.00,0.00,0.00
NVDA,1749244606035,141.8200,141.8000,141.8300,100,100,24028,141.8200,141.8200,141.8200,141.8200,0.0300,142.1569,50.0000,141.8870,141.9071,0.0000,0.3000,0.00,0.00,0.00,0.00,0.00,0.00,0.00,0.00
NVDA,1749244606383,141.8300,141.8000,141.8300,100,100,24060,141.8200,141.8200,141.8200,141.8200,0.0300,142.1569,50.0000,141.8870,141.9071,0.0000,0.3000,0.00,0.00,0.00,0.00,0.00,0.00,0.00,0.00
NVDA,1749244607092,141.8300,141.8000,141.8300,100,100,24061,141.8200,141.8200,141.8200,141.8200,0.0300,142.1569,50.0000,141.8870,141.9071,0.0000,0.3000,0.00,0.00,0.00,0.00,0.00,0.00,0.00,0.00
NVDA,1749244607588,141.8300,141.8000,141.8300,100,100,24061,141.8200,141.8200,141.8200,141.8200,0.0300,142.1569,50.0000,141.8870,141.9071,0.0000,0.3000,0.00,0.00,0.00,0.00,0.00,0.00,0.00,0.00
NVDA,1749244608337,141.8000,141.8000,141.8300,100,100,24073,141.8200,141.8200,141.8200,141.8200,0.0300,142.1569,50.0000,141.8870,141.9071,0.0000,0.3000,0.00,0.00,0.00,0.00,0.00,0.00,0.00,0.00
NVDA,1749244609092,141.8000,141.8000,141.8300,100,100,24073,141.8200,141.8200,141.8200,141.8200,0.0300,142.1569,50.0000,141.8870,141.9071,0.0000,0.3000,0.00,0.00,0.00,0.00,0.00,0.00,0.00,0.00
NVDA,1749244609580,141.8000,141.8000,141.8500,100,100,24073,141.8200,141.8200,141.8200,141.8200,0.0500,142.1569,50.0000,141.8870,141.9071,0.0000,0.3000,0.00,0.00,0.00,0.00,0.00,0.00,0.00,0.00
NVDA,1749244609580,141.8200,141.8000,141.8500,100,100,24107,141.8200,141.8200,141.8200,141.8200,0.0500,142.1569,50.0000,141.8870,141.9071,0.0000,0.3000,0.00,0.00,0.00,0.00,0.00,0.00,0.00,0.00
NVDA,1749244609841,141.8200,141.8000,141.8500,100,100,24149,141.8200,141.8200,141.8200,141.8200,0.0500,142.1569,50.0000,141.8870,141.9071,0.0000,0.3000,0.00,0.00,0.00,0.00,0.00,0.00,0.00,0.00
NVDA,1749244610220,141.8200,141.7900,141.8500,300,100,24149,141.8200,141.8200,141.8200,141.8200,0.0600,142.1569,50.0000,141.8870,141.9071,0.0000,0.3000,0.00,0.00,0.00,0.00,0.00,0.00,0.00,0.00
NVDA,1749244610220,141.8100,141.7900,141.8500,300,100,24152,141.8200,141.8200,141.8200,141.8200,0.0600,142.1569,50.0000,141.8870,141.9071,0.0000,0.3000,0.00,0.00,0.00,0.00,0.00,0.00,0.00,0.00
NVDA,1749244610344,141.8100,141.7900,141.8500,300,100,24152,141.8200,141.8200,141.8200,141.8200,0.0600,142.1569,50.0000,141.8870,141.9071,0.0000,0.3000,0.00,0.00,0.00,0.00,0.00,0.00,0.00,0.00
NVDA,1749244610538,141.8100,141.7900,141.8500,300,100,24152,141.8200,141.8200,141.8200,141.8200,0.0600,142.1569,50.0000,141.8870,141.9071,0.0000,0.3000,0.00,0.00,0.00,0.00,0.00,0.00,0.00,0.00
NVDA,1749244610793,141.8200,141.7900,141.8500,300,100,24177,141.8200,141.8200,141.8200,141.8200,0.0600,142.1569,50.0000,141.8870,141.9071,0.0000,0.3000,0.00,0.00,0.00,0.00,0.00,0.00,0.00,0.00
NVDA,1749244611697,141.8200,141.7900,141.8400,300,100,24452,141.8200,141.8200,141.8200,141.8200,0.0500,142.1569,50.0000,141.8870,141.9071,0.0000,0.3000,0.00,0.00,0.00,0.00,0.00,0.00,0.00,0.00
NVDA,1749244616094,141.8200,141.7900,141.8400,300,100,24452,141.8200,141.8200,141.8200,141.8200,0.0500,142.1569,50.0000,141.8870,141.9071,0.0000,0.3000,0.00,0.00,0.00,0.00,0.00,0.00,0.00,0.00
NVDA,1749244618101,141.8200,141.7900,141.8400,300,100,24452,141.8200,141.8200,141.8200,141.8200,0.0500,142.1569,50.0000,141.8870,141.9071,0.0000,0.3000,0.00,0.00,0.00,0.00,0.00,0.00,0.00,0.00
NVDA,1749244618745,141.8300,141.7900,141.8400,300,100,24454,141.8200,141.8200,141.8200,141.8200,0.0500,142.1569,50.0000,141.8870,141.9071,0.0000,0.3000,0.00,0.00,0.00,0.00,0.00,0.00,0.00,0.00
NVDA,1749244620602,141.8300,141.7900,141.8400,300,100,24454,141.8200,141.8200,141.8200,141.8200,0.0500,142.1569,50.0000,141.8756,141.9014,0.0000,0.3500,0.00,0.00,0.00,0.00,0.00,0.00,0.00,0.00
NVDA,1749244621024,141.8300,141.7900,141.8400,300,100,24454,141.8200,141.8200,141.8200,141.8200,0.0500,142.1569,50.0000,141.8756,141.9014,0.0000,0.3500,0.00,0.00,0.00,0.00,0.00,0.00,0.00,0.00
NVDA,1749244621214,141.8100,141.7900,141.8400,300,100,24456,141.8200,141.8200,141.8200,141.8200,0.0500,142.1569,50.0000,141.8756,141.9014,0.0000,0.3500,0.00,0.00,0.00,0.00,0.00,0.00,0.00,0.00
NVDA,1749244621214,141.8200,141.7900,141.8400,300,100,24457,141.8200,141.8200,141.8200,141.8200,0.0500,142.1569,50.0000,141.8756,141.9014,0.0000,0.3500,0.00,0.00,0.00,0.00,0.00,0.00,0.00,0.00
NVDA,1749244622362,141.8200,141.7900,141.8400,300,100,24457,141.8200,141.8200,141.8200,141.8200,0.0500,142.1569,50.0000,141.8756,141.9014,0.0000,0.3500,0.00,0.00,0.00,0.00,0.00,0.00,0.00,0.00
NVDA,1749244623025,141.8200,141.7900,141.8400,300,100,24458,141.8200,141.8200,141.8200,141.8200,0.0500,142.1569,50.0000,141.8756,141.9014,0.0000,0.3500,0.00,0.00,0.00,0.00,0.00,0.00,0.00,0.00
NVDA,1749244623025,141.8200,141.7900,141.8400,300,400,24458,141.8200,141.8200,141.8200,141.8200,0.0500,142.1569,50.0000,141.8756,141.9014,0.0000,0.3500,0.00,0.00,0.00,0.00,0.00,0.00,0.00,0.00
NVDA,1749244626029,141.8200,141.7900,141.8400,300,400,24458,141.8200,141.8200,141.8200,141.8200,0.0500,142.1569,50.0000,141.8756,141.9014,0.0000,0.3500,0.00,0.00,0.00,0.00,0.00,0.00,0.00,0.00
NVDA,1749244626211,141.8200,141.8100,141.8400,100,400,24458,141.8200,141.8200,141.8200,141.8200,0.0300,142.1569,50.0000,141.8756,141.9014,0.0000,0.3500,0.00,0.00,0.00,0.00,0.00,0.00,0.00,0.00
NVDA,1749244628119,141.8200,141.8100,141.8400,100,400,24458,141.8200,141.8200,141.8200,141.8200,0.0300,142.1569,50.0000,141.8756,141.9014,0.0000,0.3500,0.00,0.00,0.00,0.00,0.00,0.00,0.00,0.00
NVDA,1749244628368,141.8200,141.8100,141.8400,100,400,24458,141.8200,141.8200,141.8200,141.8200,0.0300,142.1569,50.0000,141.8756,141.9014,0.0000,0.3500,0.00,0.00,0.00,0.00,0.00,0.00,0.00,0.00
NVDA,1749244628684,141.8300,141.8100,141.8400,100,400,24503,141.8200,141.8200,141.8200,141.8200,0.0300,142.1569,50.0000,141.8756,141.9014,0.0000,0.3500,0.00,0.00,0.00,0.00,0.00,0.00,0.00,0.00
NVDA,1749244628684,141.8200,141.8100,141.8400,100,400,24504,141.8200,141.8200,141.8200,141.8200,0.0300,142.1569,50.0000,141.8756,141.9014,0.0000,0.3500,0.00,0.00,0.00,0.00,0.00,0.00,0.00,0.00
NVDA,1749244628684,141.8400,141.8100,141.8400,100,400,24506,141.8200,141.8200,141.8200,141.8200,0.0300,142.1569,50.0000,141.8756,141.9014,0.0000,0.3500,0.00,0.00,0.00,0.00,0.00,0.00,0.00,0.00
NVDA,1749244629866,141.8400,141.8100,141.8400,100,400,24506,141.8200,141.8200,141.8200,141.8200,0.0300,142.1569,50.0000,141.8756,141.9014,0.0000,0.3500,0.00,0.00,0.00,0.00,0.00,0.00,0.00,0.00
NVDA,1749244630120,141.8400,141.8100,141.8400,100,400,24506,141.8200,141.8200,141.8200,141.8200,0.0300,142.1569,50.0000,141.8756,141.9014,0.0000,0.3500,0.00,0.00,0.00,0.00,0.00,0.00,0.00,0.00
NVDA,1749244630503,141.8400,141.8100,141.8800,100,600,24506,141.8200,141.8200,141.8200,141.8200,0.0700,142.1569,50.0000,141.8756,141.9014,0.0000,0.3500,0.00,0.00,0.00,0.00,0.00,0.00,0.00,0.00
NVDA,1749244630503,141.8500,141.8100,141.8800,100,600,24813,141.8200,141.8200,141.8200,141.8200,0.0700,142.1569,50.0000,141.8756,141.9014,0.0000,0.3500,0.00,0.00,0.00,0.00,0.00,0.00,0.00,0.00
NVDA,1749244630503,141.8300,141.8100,141.8800,100,600,24836,141.8200,141.8200,141.8200,141.8200,0.0700,142.1569,50.0000,141.8756,141.9014,0.0000,0.3500,0.00,0.00,0.00,0.00,0.00,0.00,0.00,0.00
NVDA,1749244630503,141.8500,141.8100,141.8800,100,600,24886,141.8200,141.8200,141.8200,141.8200,0.0700,142.1569,50.0000,141.8756,141.9014,0.0000,0.3500,0.00,0.00,0.00,0.00,0.00,0.00,0.00,0.00
NVDA,1749244630503,141.8200,141.8100,141.8800,100,600,24910,141.8200,141.8200,141.8200,141.8200,0.0700,142.1569,50.0000,141.8756,141.9014,0.0000,0.3500,0.00,0.00,0.00,0.00,0.00,0.00,0.00,0.00
NVDA,1749244631019,141.8200,141.8100,141.8800,100,600,24910,141.8400,141.8400,141.8400,141.8400,0.0700,142.1569,50.0000,141.8756,141.9014,0.0000,0.3500,0.00,0.00,0.00,0.00,0.00,0.00,0.00,0.00
NVDA,1749244631615,141.8200,141.8100,141.8800,100,600,24910,141.8400,141.8400,141.8400,141.8400,0.0700,142.1569,50.0000,141.8756,141.9014,0.0000,0.3500,0.00,0.00,0.00,0.00,0.00,0.00,0.00,0.00
NVDA,1749244631946,141.8500,141.8100,141.8800,100,600,24960,141.8400,141.8400,141.8400,141.8400,0.0700,142.1569,50.0000,141.8756,141.9014,0.0000,0.3500,0.00,0.00,0.00,0.00,0.00,0.00,0.00,0.00
NVDA,1749244631946,141.8500,141.8100,141.8700,100,100,24970,141.8400,141.8400,141.8400,141.8400,0.0600,142.1569,50.0000,141.8756,141.9014,0.0000,0.3500,0.00,0.00,0.00,0.00,0.00,0.00,0.00,0.00
NVDA,1749244632374,141.8500,141.8100,141.8700,100,100,24970,141.8400,141.8400,141.8400,141.8400,0.0600,142.1569,50.0000,141.8756,141.9014,0.0000,0.3500,0.00,0.00,0.00,0.00,0.00,0.00,0.00,0.00
NVDA,1749244633100,141.8400,141.8100,141.8700,100,100,24971,141.8400,141.8400,141.8400,141.8400,0.0600,142.1569,50.0000,141.8756,141.9014,0.0000,0.3500,0.00,0.00,0.00,0.00,0.00,0.00,0.00,0.00
NVDA,1749244634152,141.8400,141.8100,141.8600,100,100,24971,141.8400,141.8400,141.8400,141.8400,0.0500,142.1569,50.0000,141.8756,141.9014,0.0000,0.3500,0.00,0.00,0.00,0.00,0.00,0.00,0.00,0.00
NVDA,1749244634152,141.8400,141.8100,141.8600,200,100,24971,141.8400,141.8400,141.8400,141.8400,0.0500,142.1569,50.0000,141.8756,141.9014,0.0000,0.3500,0.00,0.00,0.00,0.00,0.00,0.00,0.00,0.00
NVDA,1749244636027,141.8400,141.8100,141.8600,200,100,24971,141.8400,141.8400,141.8400,141.8400,0.0500,142.1569,50.0000,141.8756,141.9014,0.0000,0.3500,0.00,0.00,0.00,0.00,0.00,0.00,0.00,0.00
NVDA,1749244638378,141.8400,141.8100,141.8600,200,100,24971,141.8400,141.8400,141.8400,141.8400,0.0500,142.1569,50.0000,141.8756,141.9014,0.0000,0.3500,0.00,0.00,0.00,0.00,0.00,0.00,0.00,0.00
NVDA,1749244638968,141.8400,141.8100,141.8600,200,100,24972,141.8400,141.8400,141.8400,141.8400,0.0500,142.1569,50.0000,141.8756,141.9014,0.0000,0.3500,0.00,0.00,0.00,0.00,0.00,0.00,0.00,0.00
NVDA,1749244641027,141.8400,141.8100,141.8600,200,100,24972,141.8400,141.8400,141.8400,141.8400,0.0500,142.1569,50.0000,141.8756,141.9014,0.0000,0.3500,0.00,0.00,0.00,0.00,0.00,0.00,0.00,0.00
NVDA,1749244642136,141.8400,141.8100,141.8600,200,100,24972,141.8400,141.8400,141.8400,141.8400,0.0500,142.1569,50.0000,141.8756,141.9014,0.0000,0.3500,0.00,0.00,0.00,0.00,0.00,0.00,0.00,0.00
NVDA,1749244642806,141.8400,141.8100,141.8600,200,100,24973,141.8400,141.8400,141.8400,141.8400,0.0500,142.1569,50.0000,141.8756,141.9014,0.0000,0.3500,0.00,0.00,0.00,0.00,0.00,0.00,0.00,0.00
NVDA,1749244646020,141.8400,141.8100,141.8600,200,100,24973,141.8400,141.8400,141.8400,141.8400,0.0500,142.1569,50.0000,141.8756,141.9014,0.0000,0.3500,0.00,0.00,0.00,0.00,0.00,0.00,0.00,0.00
NVDA,1749244650644,141.8400,141.8100,141.8600,200,100,24973,141.8400,141.8400,141.8400,141.8400,0.0500,142.1569,50.0000,141.8756,141.9014,0.0000,0.3500,0.00,0.00,0.00,0.00,0.00,0.00,0.00,0.00
NVDA,1749244650895,141.8400,141.8100,141.8600,200,100,24973,141.8400,141.8400,141.8400,141.8400,0.0500,142.1569,50.0000,141.8756,141.9014,0.0000,0.3500,0.00,0.00,0.00,0.00,0.00,0.00,0.00,0.00
NVDA,1749244651017,141.8400,141.8100,141.8600,200,100,24973,141.8400,141.8400,141.8400,141.8400,0.0500,142.1569,50.0000,141.8756,141.9014,0.0000,0.3500,0.00,0.00,0.00,0.00,0.00,0.00,0.00,0.00
NVDA,1749244651249,141.8400,141.8100,141.8600,200,100,24983,141.8400,141.8400,141.8400,141.8400,0.0500,142.1569,50.0000,141.8756,141.9014,0.0000,0.3500,0.00,0.00,0.00,0.00,0.00,0.00,0.00,0.00
NVDA,1749244651249,141.8600,141.8100,141.8600,200,100,24988,141.8400,141.8400,141.8400,141.8400,0.0500,142.1569,50.0000,141.8756,141.9014,0.0000,0.3500,0.00,0.00,0.00,0.00,0.00,0.00,0.00,0.00
NVDA,1749244651249,141.8300,141.8100,141.8600,200,100,25048,141.8400,141.8400,141.8400,141.8400,0.0500,142.1569,50.0000,141.8756,141.9014,0.0000,0.3500,0.00,0.00,0.00,0.00,0.00,0.00,0.00,0.00
NVDA,1749244651644,141.8300,141.8100,141.8600,200,100,25048,141.8400,141.8400,141.8400,141.8400,0.0500,142.1569,50.0000,141.8756,141.9014,0.0000,0.3500,0.00,0.00,0.00,0.00,0.00,0.00,0.00,0.00
NVDA,1749244652101,141.8100,141.8100,141.8600,200,100,25049,141.8400,141.8400,141.8400,141.8400,0.0500,142.1569,50.0000,141.8756,141.9014,0.0000,0.3500,0.00,0.00,0.00,0.00,0.00,0.00,0.00,0.00
NVDA,1749244653647,141.8100,141.8100,141.8600,200,100,25049,141.8400,141.8400,141.8400,141.8400,0.0500,142.1569,50.0000,141.8756,141.9014,0.0000,0.3500,0.00,0.00,0.00,0.00,0.00,0.00,0.00,0.00
NVDA,1749244654189,141.8100,141.8100,141.8600,200,100,25055,141.8400,141.8400,141.8400,141.8400,0.0500,142.1569,50.0000,141.8756,141.9014,0.0000,0.3500,0.00,0.00,0.00,0.00,0.00,0.00,0.00,0.00
NVDA,1749244656014,141.8100,141.8100,141.8600,200,100,25055,141.8400,141.8400,141.8400,141.8400,0.0500,142.1569,50.0000,141.8756,141.9014,0.0000,0.3500,0.00,0.00,0.00,0.00,0.00,0.00,0.00,0.00
NVDA,1749244657645,141.8100,141.8100,141.8600,200,100,25055,141.8400,141.8400,141.8400,141.8400,0.0500,142.1569,50.0000,141.8756,141.9014,0.0000,0.3500,0.00,0.00,0.00,0.00,0.00,0.00,0.00,0.00
NVDA,1749244658171,141.8600,141.8100,141.8600,200,100,25070,141.8400,141.8400,141.8400,141.8400,0.0500,142.1569,50.0000,141.8756,141.9014,0.0000,0.3500,0.00,0.00,0.00,0.00,0.00,0.00,0.00,0.00
NVDA,1749244658171,141.8300,141.8100,141.8600,200,100,25071,141.8400,141.8400,141.8400,141.8400,0.0500,142.1569,50.0000,141.8756,141.9014,0.0000,0.3500,0.00,0.00,0.00,0.00,0.00,0.00,0.00,0.00
NVDA,1749244661022,141.8300,141.8100,141.8600,200,100,25071,141.8400,141.8400,141.8400,141.8400,0.0500,142.1569,50.0000,141.8756,141.9014,0.0000,0.3500,0.00,0.00,0.00,0.00,0.00,0.00,0.00,0.00
NVDA,1749244661408,141.8300,141.8100,141.8600,200,100,25071,141.8400,141.8400,141.8400,141.8400,0.0500,142.1569,50.0000,141.8756,141.9014,0.0000,0.3500,0.00,0.00,0.00,0.00,0.00,0.00,0.00,0.00
NVDA,1749244661906,141.8300,141.8100,141.8600,200,100,25071,141.8400,141.8400,141.8400,141.8400,0.0500,142.1569,50.0000,141.8756,141.9014,0.0000,0.3500,0.00,0.00,0.00,0.00,0.00,0.00,0.00,0.00
NVDA,1749244661906,141.8300,141.8100,141.8600,100,100,25071,141.8400,141.8400,141.8400,141.8400,0.0500,142.1569,50.0000,141.8756,141.9014,0.0000,0.3500,0.00,0.00,0.00,0.00,0.00,0.00,0.00,0.00
NVDA,1749244661906,141.8300,141.8100,141.8500,100,100,25071,141.8400,141.8400,141.8400,141.8400,0.0400,142.1569,50.0000,141.8756,141.9014,0.0000,0.3500,0.00,0.00,0.00,0.00,0.00,0.00,0.00,0.00
NVDA,1749244661906,141.8300,141.8100,141.8600,100,100,25071,141.8400,141.8400,141.8400,141.8400,0.0500,142.1569,50.0000,141.8756,141.9014,0.0000,0.3500,0.00,0.00,0.00,0.00,0.00,0.00,0.00,0.00
NVDA,1749244661906,141.8200,141.8100,141.8600,100,100,25151,141.8400,141.8400,141.8400,141.8400,0.0500,142.1569,50.0000,141.8756,141.9014,0.0000,0.3500,0.00,0.00,0.00,0.00,0.00,0.00,0.00,0.00
NVDA,1749244662630,141.8100,141.8100,141.8600,100,100,25156,141.8400,141.8400,141.8400,141.8400,0.0500,142.1569,50.0000,141.8756,141.9014,0.0000,0.3500,0.00,0.00,0.00,0.00,0.00,0.00,0.00,0.00
NVDA,1749244662912,141.8100,141.8100,141.8600,100,100,25156,141.8400,141.8400,141.8400,141.8400,0.0500,142.1569,50.0000,141.8756,141.9014,0.0000,0.3500,0.00,0.00,0.00,0.00,0.00,0.00,0.00,0.00
NVDA,1749244663237,141.8100,141.8100,141.8600,100,100,25158,141.8400,141.8400,141.8400,141.8400,0.0500,142.1569,50.0000,141.8756,141.9014,0.0000,0.3500,0.00,0.00,0.00,0.00,0.00,0.00,0.00,0.00
NVDA,1749244663237,141.8400,141.8100,141.8600,100,100,25159,141.8400,141.8400,141.8400,141.8400,0.0500,142.1569,50.0000,141.8756,141.9014,0.0000,0.3500,0.00,0.00,0.00,0.00,0.00,0.00,0.00,0.00
NVDA,1749244666024,141.8400,141.8100,141.8600,100,100,25159,141.8400,141.8400,141.8400,141.8400,0.0500,142.1569,50.0000,141.8756,141.9014,0.0000,0.3500,0.00,0.00,0.00,0.00,0.00,0.00,0.00,0.00
NVDA,1749244667916,141.8400,141.8100,141.8600,100,100,25159,141.8400,141.8400,141.8400,141.8400,0.0500,142.1569,50.0000,141.8756,141.9014,0.0000,0.3500,0.00,0.00,0.00,0.00,0.00,0.00,0.00,0.00
NVDA,1749244668407,141.8300,141.8100,141.8600,100,100,25182,141.8400,141.8400,141.8400,141.8400,0.0500,142.1569,50.0000,141.8756,141.9014,0.0000,0.3500,0.00,0.00,0.00,0.00,0.00,0.00,0.00,0.00
NVDA,1749244670663,141.8300,141.8100,141.8600,100,100,25209,141.8400,141.8400,141.8400,141.8400,0.0500,142.1569,50.0000,141.8756,141.9014,0.0000,0.3500,0.00,0.00,0.00,0.00,0.00,0.00,0.00,0.00
NVDA,1749244670916,141.8300,141.8100,141.8600,100,100,25209,141.8400,141.8400,141.8400,141.8400,0.0500,142.1569,50.0000,141.8756,141.9014,0.0000,0.3500,0.00,0.00,0.00,0.00,0.00,0.00,0.00,0.00
NVDA,1749244671031,141.8300,141.8100,141.8600,100,100,25209,141.8400,141.8400,141.8400,141.8400,0.0500,142.1569,50.0000,141.8756,141.9014,0.0000,0.3500,0.00,0.00,0.00,0.00,0.00,0.00,0.00,0.00
NVDA,1749244671325,141.8300,141.8100,141.8600,100,100,25219,141.8400,141.8400,141.8400,141.8400,0.0500,142.1569,50.0000,141.8756,141.9014,0.0000,0.3500,0.00,0.00,0.00,0.00,0.00,0.00,0.00,0.00
NVDA,1749244671325,141.8000,141.8100,141.8600,100,100,25223,141.8400,141.8400,141.8400,141.8400,0.0500,142.1569,50.0000,141.8756,141.9014,0.0000,0.3500,0.00,0.00,0.00,0.00,0.00,0.00,0.00,0.00
NVDA,1749244671325,141.8200,141.8100,141.8600,100,100,25241,141.8400,141.8400,141.8400,141.8400,0.0500,142.1569,50.0000,141.8756,141.9014,0.0000,0.3500,0.00,0.00,0.00,0.00,0.00,0.00,0.00,0.00
NVDA,1749244671325,141.8100,141.8100,141.8600,100,100,25551,141.8400,141.8400,141.8400,141.8400,0.0500,142.1569,50.0000,141.8756,141.9014,0.0000,0.3500,0.00,0.00,0.00,0.00,0.00,0.00,0.00,0.00
NVDA,1749244671325,141.8200,141.8100,141.8600,100,100,25589,141.8400,141.8400,141.8400,141.8400,0.0500,142.1569,50.0000,141.8756,141.9014,0.0000,0.3500,0.00,0.00,0.00,0.00,0.00,0.00,0.00,0.00
NVDA,1749244671403,141.8200,141.8100,141.8600,100,100,26308,141.8400,141.8400,141.8400,141.8400,0.0500,142.1569,50.0000,141.8756,141.9014,0.0000,0.3500,0.00,0.00,0.00,0.00,0.00,0.00,0.00,0.00
NVDA,1749244671403,141.8200,141.8100,141.8200,100,1500,26582,141.8400,141.8400,141.8400,141.8400,0.0100,142.1569,50.0000,141.8756,141.9014,0.0000,0.3500,0.00,0.00,0.00,0.00,0.00,0.00,0.00,0.00
NVDA,1749244671403,141.8200,141.8100,141.8200,100,10000,26582,141.8400,141.8400,141.8400,141.8400,0.0100,142.1569,50.0000,141.8756,141.9014,0.0000,0.3500,0.00,0.00,0.00,0.00,0.00,0.00,0.00,0.00
NVDA,1749244671403,141.8100,141.8100,141.8200,100,10000,26632,141.8400,141.8400,141.8400,141.8400,0.0100,142.1569,50.0000,141.8756,141.9014,0.0000,0.3500,0.00,0.00,0.00,0.00,0.00,0.00,0.00,0.00
NVDA,1749244671403,141.8100,141.8000,141.8200,300,10000,26722,141.8400,141.8400,141.8400,141.8400,0.0200,142.1569,50.0000,141.8756,141.9014,0.0000,0.3500,0.00,0.00,0.00,0.00,0.00,0.00,0.00,0.00
NVDA,1749244671403,141.8100,141.8000,141.8200,200,10000,26722,141.8400,141.8400,141.8400,141.8400,0.0200,142.1569,50.0000,141.8756,141.9014,0.0000,0.3500,0.00,0.00,0.00,0.00,0.00,0.00,0.00,0.00
NVDA,1749244671668,141.8100,141.8000,141.8200,200,10000,26722,141.8400,141.8400,141.8400,141.8400,0.0200,142.1569,50.0000,141.8756,141.9014,0.0000,0.3500,0.00,0.00,0.00,0.00,0.00,0.00,0.00,0.00
NVDA,1749244672165,141.8100,141.8000,141.8200,200,10000,26722,141.8400,141.8400,141.8400,141.8400,0.0200,142.1569,50.0000,141.8756,141.9014,0.0000,0.3500,0.00,0.00,0.00,0.00,0.00,0.00,0.00,0.00
NVDA,1749244672165,141.8200,141.8000,141.8200,200,10000,26723,141.8400,141.8400,141.8400,141.8400,0.0200,142.1569,50.0000,141.8756,141.9014,0.0000,0.3500,0.00,0.00,0.00,0.00,0.00,0.00,0.00,0.00
NVDA,1749244672669,141.8200,141.8000,141.8200,200,10000,26723,141.8400,141.8400,141.8400,141.8400,0.0200,142.1569,50.0000,141.8756,141.9014,0.0000,0.3500,0.00,0.00,0.00,0.00,0.00,0.00,0.00,0.00
NVDA,1749244672815,141.8200,141.8000,141.8200,100,10000,26723,141.8400,141.8400,141.8400,141.8400,0.0200,142.1569,50.0000,141.8756,141.9014,0.0000,0.3500,0.00,0.00,0.00,0.00,0.00,0.00,0.00,0.00
NVDA,1749244672815,141.8000,141.8000,141.8200,100,10000,26773,141.8400,141.8400,141.8400,141.8400,0.0200,142.1569,50.0000,141.8756,141.9014,0.0000,0.3500,0.00,0.00,0.00,0.00,0.00,0.00,0.00,0.00
NVDA,1749244673426,141.8000,141.8000,141.8200,100,10000,26953,141.8400,141.8400,141.8400,141.8400,0.0200,142.1569,50.0000,141.8756,141.9014,0.0000,0.3500,0.00,0.00,0.00,0.00,0.00,0.00,0.00,0.00
NVDA,1749244673670,141.8000,141.8000,141.8200,100,10000,26953,141.8400,141.8400,141.8400,141.8400,0.0200,142.1569,50.0000,141.8756,141.9014,0.0000,0.3500,0.00,0.00,0.00,0.00,0.00,0.00,0.00,0.00
NVDA,1749244674004,141.8000,141.8000,141.8200,100,10000,27253,141.8400,141.8400,141.8400,141.8400,0.0200,142.1569,50.0000,141.8756,141.9014,0.0000,0.3500,0.00,0.00,0.00,0.00,0.00,0.00,0.00,0.00
NVDA,1749244674167,141.8000,141.8000,141.8200,100,10000,27415,141.8400,141.8400,141.8400,141.8400,0.0200,142.1569,50.0000,141.8756,141.9014,0.0000,0.3500,0.00,0.00,0.00,0.00,0.00,0.00,0.00,0.00
NVDA,1749244674674,141.8000,141.8000,141.8200,100,10000,27415,141.8400,141.8400,141.8400,141.8400,0.0200,142.1569,50.0000,141.8756,141.9014,0.0000,0.3500,0.00,0.00,0.00,0.00,0.00,0.00,0.00,0.00
NVDA,1749244674850,141.8000,141.8000,141.8200,100,10000,27567,141.8400,141.8400,141.8400,141.8400,0.0200,142.1569,50.0000,141.8756,141.9014,0.0000,0.3500,0.00,0.00,0.00,0.00,0.00,0.00,0.00,0.00
NVDA,1749244674850,141.8000,141.8000,141.8100,100,100,27567,141.8400,141.8400,141.8400,141.8400,0.0100,142.1569,50.0000,141.8756,141.9014,0.0000,0.3500,0.00,0.00,0.00,0.00,0.00,0.00,0.00,0.00
NVDA,1749244674850,141.8000,141.8000,141.8100,100,200,27567,141.8400,141.8400,141.8400,141.8400,0.0100,142.1569,50.0000,141.8756,141.9014,0.0000,0.3500,0.00,0.00,0.00,0.00,0.00,0.00,0.00,0.00
NVDA,1749244675424,141.8000,141.8000,141.8100,100,200,27589,141.8400,141.8400,141.8400,141.8400,0.0100,142.1569,50.0000,141.8756,141.9014,0.0000,0.3500,0.00,0.00,0.00,0.00,0.00,0.00,0.00,0.00
NVDA,1749244675681,141.8000,141.8000,141.8100,100,200,27589,141.8400,141.8400,141.8400,141.8400,0.0100,142.1569,50.0000,141.8756,141.9014,0.0000,0.3500,0.00,0.00,0.00,0.00,0.00,0.00,0.00,0.00
NVDA,1749244675890,141.8000,141.8000,141.8100,100,100,27589,141.8400,141.8400,141.8400,141.8400,0.0100,142.1569,50.0000,141.8756,141.9014,0.0000,0.3500,0.00,0.00,0.00,0.00,0.00,0.00,0.00,0.00
NVDA,1749244675890,141.8000,141.8000,141.8200,100,10000,27589,141.8400,141.8400,141.8400,141.8400,0.0200,142.1569,50.0000,141.8756,141.9014,0.0000,0.3500,0.00,0.00,0.00,0.00,0.00,0.00,0.00,0.00
NVDA,1749244675890,141.8000,141.8000,141.8100,100,100,27589,141.8400,141.8400,141.8400,141.8400,0.0100,142.1569,50.0000,141.8756,141.9014,0.0000,0.3500,0.00,0.00,0.00,0.00,0.00,0.00,0.00,0.00
NVDA,1749244675890,141.8000,141.8000,141.8100,100,200,27589,141.8400,141.8400,141.8400,141.8400,0.0100,142.1569,50.0000,141.8756,141.9014,0.0000,0.3500,0.00,0.00,0.00,0.00,0.00,0.00,0.00,0.00
NVDA,1749244675890,141.8100,141.8000,141.8100,100,200,27599,141.8400,141.8400,141.8400,141.8400,0.0100,142.1569,50.0000,141.8756,141.9014,0.0000,0.3500,0.00,0.00,0.00,0.00,0.00,0.00,0.00,0.00
NVDA,1749244675890,141.8000,141.8000,141.8100,100,200,27600,141.8400,141.8400,141.8400,141.8400,0.0100,142.1569,50.0000,141.8756,141.9014,0.0000,0.3500,0.00,0.00,0.00,0.00,0.00,0.00,0.00,0.00
NVDA,1749244676023,141.8000,141.8000,141.8100,100,200,27600,141.8200,141.8200,141.8000,141.8000,0.0100,142.1569,50.0000,141.8756,141.9014,0.0000,0.3500,0.00,0.00,0.00,0.00,0.00,0.00,0.00,0.00
NVDA,1749244676923,141.8000,141.8000,141.8100,100,200,27600,141.8200,141.8200,141.8000,141.8000,0.0100,142.1569,50.0000,141.8756,141.9014,0.0000,0.3500,0.00,0.00,0.00,0.00,0.00,0.00,0.00,0.00
NVDA,1749244677546,141.8000,141.7900,141.8100,200,200,27600,141.8200,141.8200,141.8000,141.8000,0.0200,142.1569,50.0000,141.8756,141.9014,0.0000,0.3500,0.00,0.00,0.00,0.00,0.00,0.00,0.00,0.00
NVDA,1749244677546,141.7900,141.7900,141.8100,200,200,27772,141.8200,141.8200,141.8000,141.8000,0.0200,142.1569,50.0000,141.8756,141.9014,0.0000,0.3500,0.00,0.00,0.00,0.00,0.00,0.00,0.00,0.00
NVDA,1749244677546,141.8000,141.7900,141.8100,200,200,27822,141.8200,141.8200,141.8000,141.8000,0.0200,142.1569,50.0000,141.8756,141.9014,0.0000,0.3500,0.00,0.00,0.00,0.00,0.00,0.00,0.00,0.00
NVDA,1749244680680,141.8000,141.7900,141.8100,200,200,27826,141.8200,141.8200,141.8000,141.8000,0.0200,142.1569,50.0000,141.8605,141.8939,0.0000,0.4200,0.00,0.00,0.00,0.00,0.00,0.00,0.00,0.00
NVDA,1749244681026,141.8000,141.7900,141.8100,200,200,27826,141.8000,141.8000,141.8000,141.8000,0.0200,142.1569,50.0000,141.8605,141.8939,0.0000,0.4200,0.00,0.00,0.00,0.00,0.00,0.00,0.00,0.00
NVDA,1749244681220,141.8100,141.7900,141.8100,200,200,27828,141.8000,141.8000,141.8000,141.8000,0.0200,142.1569,50.0000,141.8605,141.8939,0.0000,0.4200,0.00,0.00,0.00,0.00,0.00,0.00,0.00,0.00
NVDA,1749244682432,141.8100,141.7900,141.8100,200,200,27828,141.8000,141.8000,141.8000,141.8000,0.0200,142.1569,50.0000,141.8605,141.8939,0.0000,0.4200,0.00,0.00,0.00,0.00,0.00,0.00,0.00,0.00
NVDA,1749244682955,141.8100,141.7900,141.8100,200,200,27829,141.8000,141.8000,141.8000,141.8000,0.0200,142.1569,50.0000,141.8605,141.8939,0.0000,0.4200,0.00,0.00,0.00,0.00,0.00,0.00,0.00,0.00
NVDA,1749244683936,141.8100,141.7900,141.8100,200,200,27829,141.8000,141.8000,141.8000,141.8000,0.0200,142.1569,50.0000,141.8605,141.8939,0.0000,0.4200,0.00,0.00,0.00,0.00,0.00,0.00,0.00,0.00
NVDA,1749244684551,141.8000,141.7900,141.8100,200,200,27830,141.8000,141.8000,141.8000,141.8000,0.0200,142.1569,50.0000,141.8605,141.8939,0.0000,0.4200,0.00,0.00,0.00,0.00,0.00,0.00,0.00,0.00
NVDA,1749244685191,141.8000,141.7900,141.8100,200,200,27830,141.8000,141.8000,141.8000,141.8000,0.0200,142.1569,50.0000,141.8605,141.8939,0.0000,0.4200,0.00,0.00,0.00,0.00,0.00,0.00,0.00,0.00
NVDA,1749244685521,141.8000,141.7900,141.8100,200,200,27830,141.8000,141.8000,141.8000,141.8000,0.0200,142.1569,50.0000,141.8605,141.8939,0.0000,0.4200,0.00,0.00,0.00,0.00,0.00,0.00,0.00,0.00
NVDA,1749244685776,141.8000,141.7900,141.8100,200,100,27830,141.8000,141.8000,141.8000,141.8000,0.0200,142.1569,50.0000,141.8605,141.8939,0.0000,0.4200,0.00,0.00,0.00,0.00,0.00,0.00,0.00,0.00
NVDA,1749244685776,141.8000,141.7900,141.8900,200,1200,27830,141.8000,141.8000,141.8000,141.8000,0.1000,142.1569,50.0000,141.8605,141.8939,0.0000,0.4200,0.00,0.00,0.00,0.00,0.00,0.00,0.00,0.00
NVDA,1749244685776,141.8100,141.7900,141.8900,200,1200,27980,141.8000,141.8000,141.8000,141.8000,0.1000,142.1569,50.0000,141.8605,141.8939,0.0000,0.4200,0.00,0.00,0.00,0.00,0.00,0.00,0.00,0.00
NVDA,1749244687190,141.8100,141.7900,141.8900,200,1200,28130,141.8000,141.8000,141.8000,141.8000,0.1000,142.1569,50.0000,141.8605,141.8939,0.0000,0.4200,0.00,0.00,0.00,0.00,0.00,0.00,0.00,0.00
NVDA,1749244687696,141.8100,141.7900,141.8900,200,1200,28130,141.8000,141.8000,141.8000,141.8000,0.1000,142.1569,50.0000,141.8605,141.8939,0.0000,0.4200,0.00,0.00,0.00,0.00,0.00,0.00,0.00,0.00
NVDA,1749244687696,141.8100,141.7900,141.8900,300,1200,28130,141.8000,141.8000,141.8000,141.8000,0.1000,142.1569,50.0000,141.8605,141.8939,0.0000,0.4200,0.00,0.00,0.00,0.00,0.00,0.00,0.00,0.00
NVDA,1749244687696,141.8100,141.7900,141.8900,200,1200,28130,141.8000,141.8000,141.8000,141.8000,0.1000,142.1569,50.0000,141.8605,141.8939,0.0000,0.4200,0.00,0.00,0.00,0.00,0.00,0.00,0.00,0.00
NVDA,1749244687696,141.8500,141.7900,141.8900,200,1200,28131,141.8000,141.8000,141.8000,141.8000,0.1000,142.1569,50.0000,141.8605,141.8939,0.0000,0.4200,0.00,0.00,0.00,0.00,0.00,0.00,0.00,0.00
NVDA,1749244687696,141.8300,141.7900,141.8900,200,1200,28140,141.8000,141.8000,141.8000,141.8000,0.1000,142.1569,50.0000,141.8605,141.8939,0.0000,0.4200,0.00,0.00,0.00,0.00,0.00,0.00,0.00,0.00
NVDA,1749244688197,141.8300,141.7900,141.8900,200,1200,28140,141.8000,141.8000,141.8000,141.8000,0.1000,142.1569,50.0000,141.8605,141.8939,0.0000,0.4200,0.00,0.00,0.00,0.00,0.00,0.00,0.00,0.00
NVDA,1749244688317,141.7900,141.7900,141.8900,200,1200,28154,141.8000,141.8000,141.8000,141.8000,0.1000,142.1569,50.0000,141.8605,141.8939,0.0000,0.4200,0.00,0.00,0.00,0.00,0.00,0.00,0.00,0.00
NVDA,1749244688317,141.8900,141.7900,141.8900,200,1200,28160,141.8000,141.8000,141.8000,141.8000,0.1000,142.1569,50.0000,141.8605,141.8939,0.0000,0.4200,0.00,0.00,0.00,0.00,0.00,0.00,0.00,0.00
NVDA,1749244688889,141.7900,141.7900,141.8900,200,1200,28161,141.8000,141.8000,141.8000,141.8000,0.1000,142.1569,50.0000,141.8605,141.8939,0.0000,0.4200,0.00,0.00,0.00,0.00,0.00,0.00,0.00,0.00
NVDA,1749244688889,141.8500,141.7900,141.8900,200,1200,28216,141.8000,141.8000,141.8000,141.8000,0.1000,142.1569,50.0000,141.8605,141.8939,0.0000,0.4200,0.00,0.00,0.00,0.00,0.00,0.00,0.00,0.00
NVDA,1749244690163,141.8500,141.8000,141.8900,200,1200,28216,141.8000,141.8000,141.8000,141.8000,0.0900,142.1569,50.0000,141.8605,141.8939,0.0000,0.4200,0.00,0.00,0.00,0.00,0.00,0.00,0.00,0.00
NVDA,1749244691030,141.8500,141.8000,141.8900,200,1200,28216,141.8100,141.8100,141.8100,141.8100,0.0900,142.1569,50.0000,141.8605,141.8939,0.0000,0.4200,0.00,0.00,0.00,0.00,0.00,0.00,0.00,0.00
NVDA,1749244691201,141.8500,141.8000,141.8900,200,1200,28216,141.8100,141.8100,141.8100,141.8100,0.0900,142.1569,50.0000,141.8605,141.8939,0.0000,0.4200,0.00,0.00,0.00,0.00,0.00,0.00,0.00,0.00
NVDA,1749244691897,141.8000,141.8000,141.8900,200,1200,28226,141.8100,141.8100,141.8100,141.8100,0.0900,142.1569,50.0000,141.8605,141.8939,0.0000,0.4200,0.00,0.00,0.00,0.00,0.00,0.00,0.00,0.00
NVDA,1749244691897,141.8500,141.8000,141.8900,200,1200,28269,141.8100,141.8100,141.8100,141.8100,0.0900,142.1569,50.0000,141.8605,141.8939,0.0000,0.4200,0.00,0.00,0.00,0.00,0.00,0.00,0.00,0.00
NVDA,1749244691897,141.8400,141.8000,141.8900,200,1200,28307,141.8100,141.8100,141.8100,141.8100,0.0900,142.1569,50.0000,141.8605,141.8939,0.0000,0.4200,0.00,0.00,0.00,0.00,0.00,0.00,0.00,0.00
NVDA,1749244691897,141.8500,141.8000,141.8900,200,1200,28308,141.8100,141.8100,141.8100,141.8100,0.0900,142.1569,50.0000,141.8605,141.8939,0.0000,0.4200,0.00,0.00,0.00,0.00,0.00,0.00,0.00,0.00
NVDA,1749244691897,141.8400,141.8000,141.8900,200,1200,28346,141.8100,141.8100,141.8100,141.8100,0.0900,142.1569,50.0000,141.8605,141.8939,0.0000,0.4200,0.00,0.00,0.00,0.00,0.00,0.00,0.00,0.00
NVDA,1749244691897,141.8400,141.8100,141.8900,100,1200,28430,141.8100,141.8100,141.8100,141.8100,0.0800,142.1569,50.0000,141.8605,141.8939,0.0000,0.4200,0.00,0.00,0.00,0.00,0.00,0.00,0.00,0.00
NVDA,1749244693953,141.8400,141.8100,141.8900,100,1200,28430,141.8100,141.8100,141.8100,141.8100,0.0800,142.1569,50.0000,141.8605,141.8939,0.0000,0.4200,0.00,0.00,0.00,0.00,0.00,0.00,0.00,0.00
NVDA,1749244694454,141.8400,141.8100,141.8900,100,1200,28430,141.8100,141.8100,141.8100,141.8100,0.0800,142.1569,50.0000,141.8605,141.8939,0.0000,0.4200,0.00,0.00,0.00,0.00,0.00,0.00,0.00,0.00
NVDA,1749244694532,141.8100,141.8100,141.8900,100,1200,28432,141.8100,141.8100,141.8100,141.8100,0.0800,142.1569,50.0000,141.8605,141.8939,0.0000,0.4200,0.00,0.00,0.00,0.00,0.00,0.00,0.00,0.00
NVDA,1749244694532,141.8600,141.8100,141.8900,100,1200,28438,141.8100,141.8100,141.8100,141.8100,0.0800,142.1569,50.0000,141.8605,141.8939,0.0000,0.4200,0.00,0.00,0.00,0.00,0.00,0.00,0.00,0.00
NVDA,1749244694961,141.8600,141.8100,141.8900,100,1200,28438,141.8100,141.8100,141.8100,141.8100,0.0800,142.1569,50.0000,141.8605,141.8939,0.0000,0.4200,0.00,0.00,0.00,0.00,0.00,0.00,0.00,0.00
NVDA,1749244695445,141.8600,141.8100,141.8900,100,1200,28438,141.8100,141.8100,141.8100,141.8100,0.0800,142.1569,50.0000,141.8605,141.8939,0.0000,0.4200,0.00,0.00,0.00,0.00,0.00,0.00,0.00,0.00
NVDA,1749244695664,141.8500,141.8100,141.8900,100,1200,28448,141.8100,141.8100,141.8100,141.8100,0.0800,142.1569,50.0000,141.8605,141.8939,0.0000,0.4200,0.00,0.00,0.00,0.00,0.00,0.00,0.00,0.00
NVDA,1749244695664,141.8600,141.8100,141.8900,100,1200,28454,141.8100,141.8100,141.8100,141.8100,0.0800,142.1569,50.0000,141.8605,141.8939,0.0000,0.4200,0.00,0.00,0.00,0.00,0.00,0.00,0.00,0.00
NVDA,1749244696024,141.8600,141.8100,141.8900,100,1200,28454,141.8100,141.8100,141.8100,141.8100,0.0800,142.1569,50.0000,141.8605,141.8939,0.0000,0.4200,0.00,0.00,0.00,0.00,0.00,0.00,0.00,0.00
NVDA,1749244696313,141.8500,141.8100,141.8900,100,1200,28496,141.8100,141.8100,141.8100,141.8100,0.0800,142.1569,50.0000,141.8605,141.8939,0.0000,0.4200,0.00,0.00,0.00,0.00,0.00,0.00,0.00,0.00
NVDA,1749244697462,141.8500,141.8100,141.8900,100,1200,28496,141.8100,141.8100,141.8100,141.8100,0.0800,142.1569,50.0000,141.8605,141.8939,0.0000,0.4200,0.00,0.00,0.00,0.00,0.00,0.00,0.00,0.00
NVDA,1749244697462,141.8500,141.8100,141.8900,100,1100,28496,141.8100,141.8100,141.8100,141.8100,0.0800,142.1569,50.0000,141.8605,141.8939,0.0000,0.4200,0.00,0.00,0.00,0.00,0.00,0.00,0.00,0.00
NVDA,1749244698132,141.8500,141.8100,141.8900,100,1100,28497,141.8100,141.8100,141.8100,141.8100,0.0800,142.1569,50.0000,141.8605,141.8939,0.0000,0.4200,0.00,0.00,0.00,0.00,0.00,0.00,0.00,0.00
NVDA,1749244698132,141.8500,141.8100,141.8700,100,100,28592,141.8100,141.8100,141.8100,141.8100,0.0600,142.1569,50.0000,141.8605,141.8939,0.0000,0.4200,0.00,0.00,0.00,0.00,0.00,0.00,0.00,0.00
NVDA,1749244698132,141.8500,141.8100,141.8900,100,1100,28592,141.8100,141.8100,141.8100,141.8100,0.0800,142.1569,50.0000,141.8605,141.8939,0.0000,0.4200,0.00,0.00,0.00,0.00,0.00,0.00,0.00,0.00
NVDA,1749244700571,141.8500,141.8200,141.8900,100,1100,28592,141.8100,141.8100,141.8100,141.8100,0.0700,142.1569,50.0000,141.8605,141.8939,0.0000,0.4200,0.00,0.00,0.00,0.00,0.00,0.00,0.00,0.00
NVDA,1749244700706,141.8500,141.8200,141.8900,100,1100,28592,141.8100,141.8100,141.8100,141.8100,0.0700,142.1569,50.0000,141.8605,141.8939,0.0000,0.4200,0.00,0.00,0.00,0.00,0.00,0.00,0.00,0.00
NVDA,1749244700970,141.8500,141.8200,141.8900,100,1100,28592,141.8100,141.8100,141.8100,141.8100,0.0700,142.1569,50.0000,141.8605,141.8939,0.0000,0.4200,0.00,0.00,0.00,0.00,0.00,0.00,0.00,0.00
NVDA,1749244701239,141.8300,141.8200,141.8900,100,1100,28692,141.8100,141.8100,141.8100,141.8100,0.0700,142.1569,50.0000,141.8605,141.8939,0.0000,0.4200,0.00,0.00,0.00,0.00,0.00,0.00,0.00,0.00
NVDA,1749244701239,141.8600,141.8200,141.8900,100,1100,28708,141.8100,141.8100,141.8100,141.8100,0.0700,142.1569,50.0000,141.8605,141.8939,0.0000,0.4200,0.00,0.00,0.00,0.00,0.00,0.00,0.00,0.00
NVDA,1749244703467,141.8600,141.8200,141.8900,100,1100,28708,141.8100,141.8100,141.8100,141.8100,0.0700,142.1569,50.0000,141.8605,141.8939,0.0000,0.4200,0.00,0.00,0.00,0.00,0.00,0.00,0.00,0.00
NVDA,1749244703711,141.8600,141.8200,141.8900,100,1100,28708,141.8100,141.8100,141.8100,141.8100,0.0700,142.1569,50.0000,141.8605,141.8939,0.0000,0.4200,0.00,0.00,0.00,0.00,0.00,0.00,0.00,0.00
NVDA,1749244703897,141.8200,141.8200,141.8900,100,1100,28709,141.8100,141.8100,141.8100,141.8100,0.0700,142.1569,50.0000,141.8605,141.8939,0.0000,0.4200,0.00,0.00,0.00,0.00,0.00,0.00,0.00,0.00
NVDA,1749244703897,141.8500,141.8200,141.8900,100,1100,28710,141.8100,141.8100,141.8100,141.8100,0.0700,142.1569,50.0000,141.8605,141.8939,0.0000,0.4200,0.00,0.00,0.00,0.00,0.00,0.00,0.00,0.00
NVDA,1749244704211,141.8500,141.8200,141.8900,100,1100,28710,141.8100,141.8100,141.8100,141.8100,0.0700,142.1569,50.0000,141.8605,141.8939,0.0000,0.4200,0.00,0.00,0.00,0.00,0.00,0.00,0.00,0.00
NVDA,1749244704570,141.8500,141.8200,141.8900,100,1100,28711,141.8100,141.8100,141.8100,141.8100,0.0700,142.1569,50.0000,141.8605,141.8939,0.0000,0.4200,0.00,0.00,0.00,0.00,0.00,0.00,0.00,0.00
NVDA,1749244705467,141.8500,141.8200,141.8900,100,1100,28711,141.8100,141.8100,141.8100,141.8100,0.0700,142.1569,50.0000,141.8605,141.8939,0.0000,0.4200,0.00,0.00,0.00,0.00,0.00,0.00,0.00,0.00
NVDA,1749244706017,141.8900,141.8200,141.8900,100,1100,28714,141.8100,141.8100,141.8100,141.8100,0.0700,142.1569,50.0000,141.8605,141.8939,0.0000,0.4200,0.00,0.00,0.00,0.00,0.00,0.00,0.00,0.00
NVDA,1749244708003,141.8900,141.8200,141.8500,100,200,28714,141.8300,141.8300,141.8300,141.8300,0.0300,142.1569,50.0000,141.8605,141.8939,0.0000,0.4200,0.00,0.00,0.00,0.00,0.00,0.00,0.00,0.00
NVDA,1749244709411,141.8900,141.8100,141.8500,400,200,28714,141.8300,141.8300,141.8300,141.8300,0.0400,142.1569,50.0000,141.8605,141.8939,0.0000,0.4200,0.00,0.00,0.00,0.00,0.00,0.00,0.00,0.00
NVDA,1749244709713,141.8900,141.8100,141.8500,400,200,28714,141.8300,141.8300,141.8300,141.8300,0.0400,142.1569,50.0000,141.8605,141.8939,0.0000,0.4200,0.00,0.00,0.00,0.00,0.00,0.00,0.00,0.00
NVDA,1749244710160,141.8500,141.8100,141.8500,400,200,28864,141.8300,141.8300,141.8300,141.8300,0.0400,142.1569,50.0000,141.8605,141.8939,0.0000,0.4200,0.00,0.00,0.00,0.00,0.00,0.00,0.00,0.00
NVDA,1749244710160,141.8500,141.8100,141.8900,400,1100,28914,141.8300,141.8300,141.8300,141.8300,0.0800,142.1569,50.0000,141.8605,141.8939,0.0000,0.4200,0.00,0.00,0.00,0.00,0.00,0.00,0.00,0.00
NVDA,1749244710160,141.8500,141.8200,141.8900,100,1100,28914,141.8300,141.8300,141.8300,141.8300,0.0700,142.1569,50.0000,141.8605,141.8939,0.0000,0.4200,0.00,0.00,0.00,0.00,0.00,0.00,0.00,0.00
NVDA,1749244710160,141.8500,141.8100,141.8900,400,1100,28914,141.8300,141.8300,141.8300,141.8300,0.0800,142.1569,50.0000,141.8605,141.8939,0.0000,0.4200,0.00,0.00,0.00,0.00,0.00,0.00,0.00,0.00
NVDA,1749244710475,141.8500,141.8100,141.8900,400,1100,28914,141.8300,141.8300,141.8300,141.8300,0.0800,142.1569,50.0000,141.8605,141.8939,0.0000,0.4200,0.00,0.00,0.00,0.00,0.00,0.00,0.00,0.00
NVDA,1749244710844,141.8100,141.8100,141.8900,400,1100,28944,141.8300,141.8300,141.8300,141.8300,0.0800,142.1569,50.0000,141.8605,141.8939,0.0000,0.4200,0.00,0.00,0.00,0.00,0.00,0.00,0.00,0.00
NVDA,1749244710844,141.8100,141.8200,141.8900,100,1100,28944,141.8300,141.8300,141.8300,141.8300,0.0700,142.1569,50.0000,141.8605,141.8939,0.0000,0.4200,0.00,0.00,0.00,0.00,0.00,0.00,0.00,0.00
NVDA,1749244710844,141.8100,141.8100,141.8900,400,1100,28944,141.8300,141.8300,141.8300,141.8300,0.0800,142.1569,50.0000,141.8605,141.8939,0.0000,0.4200,0.00,0.00,0.00,0.00,0.00,0.00,0.00,0.00
NVDA,1749244710844,141.8500,141.8100,141.8900,400,1100,29044,141.8300,141.8300,141.8300,141.8300,0.0800,142.1569,50.0000,141.8605,141.8939,0.0000,0.4200,0.00,0.00,0.00,0.00,0.00,0.00,0.00,0.00
NVDA,1749244710844,141.8700,141.8100,141.8900,400,1100,29050,141.8300,141.8300,141.8300,141.8300,0.0800,142.1569,50.0000,141.8605,141.8939,0.0000,0.4200,0.00,0.00,0.00,0.00,0.00,0.00,0.00,0.00
NVDA,1749244711218,141.8700,141.8100,141.8900,400,1100,29050,141.8500,141.8500,141.8500,141.8500,0.0800,142.1569,50.0000,141.8605,141.8939,0.0000,0.4200,0.00,0.00,0.00,0.00,0.00,0.00,0.00,0.00
NVDA,1749244711474,141.8700,141.8100,141.8900,400,1100,29050,141.8500,141.8500,141.8500,141.8500,0.0800,142.1569,50.0000,141.8605,141.8939,0.0000,0.4200,0.00,0.00,0.00,0.00,0.00,0.00,0.00,0.00
NVDA,1749244711813,141.8900,141.8100,141.8900,400,1100,29150,141.8500,141.8500,141.8500,141.8500,0.0800,142.1569,50.0000,141.8605,141.8939,0.0000,0.4200,0.00,0.00,0.00,0.00,0.00,0.00,0.00,0.00
NVDA,1749244711813,141.8400,141.8100,141.8900,400,1100,29160,141.8500,141.8500,141.8500,141.8500,0.0800,142.1569,50.0000,141.8605,141.8939,0.0000,0.4200,0.00,0.00,0.00,0.00,0.00,0.00,0.00,0.00
NVDA,1749244713726,141.8400,141.8100,141.8900,400,1100,29160,141.8500,141.8500,141.8500,141.8500,0.0800,142.1569,50.0000,141.8605,141.8939,0.0000,0.4200,0.00,0.00,0.00,0.00,0.00,0.00,0.00,0.00
NVDA,1749244714442,141.8400,141.8100,141.8900,400,1100,29260,141.8500,141.8500,141.8500,141.8500,0.0800,142.1569,50.0000,141.8605,141.8939,0.0000,0.4200,0.00,0.00,0.00,0.00,0.00,0.00,0.00,0.00
NVDA,1749244714979,141.8400,141.8100,141.8900,400,1100,29260,141.8500,141.8500,141.8500,141.8500,0.0800,142.1569,50.0000,141.8605,141.8939,0.0000,0.4200,0.00,0.00,0.00,0.00,0.00,0.00,0.00,0.00
NVDA,1749244715344,141.8800,141.8100,141.8900,400,1100,29261,141.8500,141.8500,141.8500,141.8500,0.0800,142.1569,50.0000,141.8605,141.8939,0.0000,0.4200,0.00,0.00,0.00,0.00,0.00,0.00,0.00,0.00
NVDA,1749244715480,141.8800,141.8100,141.8900,400,1100,29261,141.8500,141.8500,141.8500,141.8500,0.0800,142.1569,50.0000,141.8605,141.8939,0.0000,0.4200,0.00,0.00,0.00,0.00,0.00,0.00,0.00,0.00
NVDA,1749244715836,141.8800,141.8100,141.8900,400,1100,29261,141.8500,141.8900,141.8400,141.8400,0.0800,142.1569,50.0000,141.8605,141.8939,0.0000,0.4200,0.00,0.00,0.00,0.00,0.00,0.00,0.00,0.00
NVDA,1749244716074,141.8800,141.8100,141.8900,300,1100,29261,141.8500,141.8900,141.8400,141.8400,0.0800,142.1569,50.0000,141.8605,141.8939,0.0000,0.4200,0.00,0.00,0.00,0.00,0.00,0.00,0.00,0.00
NVDA,1749244716074,141.8300,141.8100,141.8900,300,1100,29311,141.8500,141.8900,141.8400,141.8400,0.0800,142.1569,50.0000,141.8605,141.8939,0.0000,0.4200,0.00,0.00,0.00,0.00,0.00,0.00,0.00,0.00
NVDA,1749244716074,141.8100,141.8100,141.8900,300,1100,29611,141.8500,141.8900,141.8400,141.8400,0.0800,142.1569,50.0000,141.8605,141.8939,0.0000,0.4200,0.00,0.00,0.00,0.00,0.00,0.00,0.00,0.00
NVDA,1749244716074,141.8200,141.8100,141.8900,300,1100,29654,141.8500,141.8900,141.8400,141.8400,0.0800,142.1569,50.0000,141.8605,141.8939,0.0000,0.4200,0.00,0.00,0.00,0.00,0.00,0.00,0.00,0.00
NVDA,1749244716074,141.8100,141.8100,141.8900,300,1100,29661,141.8500,141.8900,141.8400,141.8400,0.0800,142.1569,50.0000,141.8605,141.8939,0.0000,0.4200,0.00,0.00,0.00,0.00,0.00,0.00,0.00,0.00
NVDA,1749244716735,141.8100,141.8100,141.8900,300,1100,29661,141.8500,141.8900,141.8400,141.8400,0.0800,142.1569,50.0000,141.8605,141.8939,0.0000,0.4200,0.00,0.00,0.00,0.00,0.00,0.00,0.00,0.00
NVDA,1749244717425,141.8100,141.8100,141.8900,300,1100,29736,141.8500,141.8900,141.8400,141.8400,0.0800,142.1569,50.0000,141.8605,141.8939,0.0000,0.4200,0.00,0.00,0.00,0.00,0.00,0.00,0.00,0.00
NVDA,1749244717425,141.8100,141.8200,141.8900,100,1100,29736,141.8500,141.8900,141.8400,141.8400,0.0700,142.1569,50.0000,141.8605,141.8939,0.0000,0.4200,0.00,0.00,0.00,0.00,0.00,0.00,0.00,0.00
NVDA,1749244720870,141.8100,141.8100,141.8900,300,1100,29736,141.8500,141.8900,141.8400,141.8400,0.0800,142.1569,50.0000,141.8605,141.8939,0.0000,0.4200,0.00,0.00,0.00,0.00,0.00,0.00,0.00,0.00
NVDA,1749244721030,141.8100,141.8100,141.8900,300,1100,29736,141.8100,141.8100,141.8100,141.8100,0.0800,142.1569,50.0000,141.8605,141.8939,0.0000,0.4200,0.00,0.00,0.00,0.00,0.00,0.00,0.00,0.00
NVDA,1749244722481,141.8100,141.8100,141.8900,300,1100,29736,141.8100,141.8100,141.8100,141.8100,0.0800,142.1569,50.0000,141.8605,141.8939,0.0000,0.4200,0.00,0.00,0.00,0.00,0.00,0.00,0.00,0.00
NVDA,1749244722914,141.8100,141.8100,141.8900,300,1100,29756,141.8100,141.8100,141.8100,141.8100,0.0800,142.1569,50.0000,141.8605,141.8939,0.0000,0.4200,0.00,0.00,0.00,0.00,0.00,0.00,0.00,0.00
NVDA,1749244726019,141.8100,141.8100,141.8900,300,1100,29756,141.8100,141.8100,141.8100,141.8100,0.0800,142.1569,50.0000,141.8605,141.8939,0.0000,0.4200,0.00,0.00,0.00,0.00,0.00,0.00,0.00,0.00
NVDA,1749244726608,141.8100,141.8100,141.8900,300,1100,29757,141.8100,141.8100,141.8100,141.8100,0.0800,142.1569,50.0000,141.8605,141.8939,0.0000,0.4200,0.00,0.00,0.00,0.00,0.00,0.00,0.00,0.00
NVDA,1749244726743,141.8100,141.8100,141.8900,300,1100,29757,141.8100,141.8100,141.8100,141.8100,0.0800,142.1569,50.0000,141.8605,141.8939,0.0000,0.4200,0.00,0.00,0.00,0.00,0.00,0.00,0.00,0.00
NVDA,1749244726996,141.8100,141.8100,141.8900,300,1100,29757,141.8100,141.8100,141.8100,141.8100,0.0800,142.1569,50.0000,141.8605,141.8939,0.0000,0.4200,0.00,0.00,0.00,0.00,0.00,0.00,0.00,0.00
NVDA,1749244727412,141.8100,141.8100,141.8900,300,1100,29766,141.8100,141.8100,141.8100,141.8100,0.0800,142.1569,50.0000,141.8605,141.8939,0.0000,0.4200,0.00,0.00,0.00,0.00,0.00,0.00,0.00,0.00
NVDA,1749244727412,141.8500,141.8100,141.8900,300,1100,29767,141.8100,141.8100,141.8100,141.8100,0.0800,142.1569,50.0000,141.8605,141.8939,0.0000,0.4200,0.00,0.00,0.00,0.00,0.00,0.00,0.00,0.00
NVDA,1749244730245,141.8500,141.8100,141.8900,300,1100,29767,141.8100,141.8100,141.8100,141.8100,0.0800,142.1569,50.0000,141.8605,141.8939,0.0000,0.4200,0.00,0.00,0.00,0.00,0.00,0.00,0.00,0.00
NVDA,1749244730846,141.8500,141.8100,141.8900,300,1100,29768,141.8100,141.8100,141.8100,141.8100,0.0800,142.1569,50.0000,141.8605,141.8939,0.0000,0.4200,0.00,0.00,0.00,0.00,0.00,0.00,0.00,0.00
NVDA,1749244731026,141.8500,141.8100,141.8900,300,1100,29768,141.8100,141.8100,141.8100,141.8100,0.0800,142.1569,50.0000,141.8605,141.8939,0.0000,0.4200,0.00,0.00,0.00,0.00,0.00,0.00,0.00,0.00
NVDA,1749244731247,141.8500,141.8100,141.8900,300,1100,29768,141.8100,141.8100,141.8100,141.8100,0.0800,142.1569,50.0000,141.8605,141.8939,0.0000,0.4200,0.00,0.00,0.00,0.00,0.00,0.00,0.00,0.00
NVDA,1749244731745,141.8500,141.8100,141.8900,300,1100,29768,141.8100,141.8100,141.8100,141.8100,0.0800,142.1569,50.0000,141.8605,141.8939,0.0000,0.4200,0.00,0.00,0.00,0.00,0.00,0.00,0.00,0.00
NVDA,1749244731830,141.8500,141.8100,141.8900,400,1100,29768,141.8100,141.8100,141.8100,141.8100,0.0800,142.1569,50.0000,141.8605,141.8939,0.0000,0.4200,0.00,0.00,0.00,0.00,0.00,0.00,0.00,0.00
NVDA,1749244731830,141.8400,141.8100,141.8900,400,1100,29774,141.8100,141.8100,141.8100,141.8100,0.0800,142.1569,50.0000,141.8605,141.8939,0.0000,0.4200,0.00,0.00,0.00,0.00,0.00,0.00,0.00,0.00
NVDA,1749244732405,141.8100,141.8100,141.8900,400,1100,29799,141.8100,141.8100,141.8100,141.8100,0.0800,142.1569,50.0000,141.8605,141.8939,0.0000,0.4200,0.00,0.00,0.00,0.00,0.00,0.00,0.00,0.00
NVDA,1749244732750,141.8100,141.8100,141.8900,400,1100,29799,141.8100,141.8100,141.8100,141.8100,0.0800,142.1569,50.0000,141.8605,141.8939,0.0000,0.4200,0.00,0.00,0.00,0.00,0.00,0.00,0.00,0.00
NVDA,1749244733376,141.8900,141.8100,141.8900,400,1100,29800,141.8100,141.8100,141.8100,141.8100,0.0800,142.1569,50.0000,141.8605,141.8939,0.0000,0.4200,0.00,0.00,0.00,0.00,0.00,0.00,0.00,0.00
NVDA,1749244733995,141.8900,141.8100,141.8900,400,1100,29800,141.8100,141.8100,141.8100,141.8100,0.0800,142.1569,50.0000,141.8605,141.8939,0.0000,0.4200,0.00,0.00,0.00,0.00,0.00,0.00,0.00,0.00
NVDA,1749244734578,141.8900,141.8100,141.8900,300,1100,29800,141.8100,141.8100,141.8100,141.8100,0.0800,142.1569,50.0000,141.8605,141.8939,0.0000,0.4200,0.00,0.00,0.00,0.00,0.00,0.00,0.00,0.00
NVDA,1749244734578,141.8400,141.8100,141.8900,300,1100,29810,141.8100,141.8100,141.8100,141.8100,0.0800,142.1569,50.0000,141.8605,141.8939,0.0000,0.4200,0.00,0.00,0.00,0.00,0.00,0.00,0.00,0.00
NVDA,1749244736027,141.8400,141.8100,141.8900,300,1100,29844,141.8100,141.8100,141.8100,141.8100,0.0800,142.1569,50.0000,141.8605,141.8939,0.0000,0.4200,0.00,0.00,0.00,0.00,0.00,0.00,0.00,0.00
NVDA,1749244739756,141.8400,141.8100,141.8900,300,1100,29844,141.8100,141.8100,141.8100,141.8100,0.0800,142.1569,50.0000,141.8605,141.8939,0.0000,0.4200,0.00,0.00,0.00,0.00,0.00,0.00,0.00,0.00
NVDA,1749244740114,141.8900,141.8100,141.8900,300,1100,30344,141.8100,141.8100,141.8100,141.8100,0.0800,142.1569,50.0000,141.8564,141.8899,0.0000,0.5200,0.00,0.00,0.00,0.00,0.00,0.00,0.00,0.00
NVDA,1749244741006,141.8900,141.8100,141.8900,300,1100,30344,141.8100,141.8100,141.8100,141.8100,0.0800,142.1569,50.0000,141.8564,141.8899,0.0000,0.5200,0.00,0.00,0.00,0.00,0.00,0.00,0.00,0.00
NVDA,1749244741606,141.8500,141.8100,141.8900,300,1100,30345,141.8900,141.8900,141.8900,141.8900,0.0800,142.1569,50.0000,141.8564,141.8899,0.0000,0.5200,0.00,0.00,0.00,0.00,0.00,0.00,0.00,0.00
NVDA,1749244743008,141.8500,141.8100,141.8900,300,1100,30345,141.8900,141.8900,141.8900,141.8900,0.0800,142.1569,50.0000,141.8564,141.8899,0.0000,0.5200,0.00,0.00,0.00,0.00,0.00,0.00,0.00,0.00
NVDA,1749244743521,141.8500,141.8100,141.8900,300,1100,30345,141.8900,141.8900,141.8900,141.8900,0.0800,142.1569,50.0000,141.8564,141.8899,0.0000,0.5200,0.00,0.00,0.00,0.00,0.00,0.00,0.00,0.00
NVDA,1749244743748,141.8900,141.8100,141.8900,300,1100,30348,141.8900,141.8900,141.8900,141.8900,0.0800,142.1569,50.0000,141.8564,141.8899,0.0000,0.5200,0.00,0.00,0.00,0.00,0.00,0.00,0.00,0.00
NVDA,1749244746022,141.8900,141.8100,141.8900,300,1100,30422,141.8900,141.8900,141.8900,141.8900,0.0800,142.1569,50.0000,141.8564,141.8899,0.0000,0.5200,0.00,0.00,0.00,0.00,0.00,0.00,0.00,0.00
NVDA,1749244746768,141.8900,141.8100,141.8900,300,1100,30422,141.8900,141.8900,141.8900,141.8900,0.0800,142.1569,50.0000,141.8564,141.8899,0.0000,0.5200,0.00,0.00,0.00,0.00,0.00,0.00,0.00,0.00
NVDA,1749244747021,141.8900,141.8100,141.8900,300,1100,30422,141.8900,141.8900,141.8900,141.8900,0.0800,142.1569,50.0000,141.8564,141.8899,0.0000,0.5200,0.00,0.00,0.00,0.00,0.00,0.00,0.00,0.00
NVDA,1749244747293,141.8500,141.8100,141.8900,300,1100,30429,141.8900,141.8900,141.8900,141.8900,0.0800,142.1569,50.0000,141.8564,141.8899,0.0000,0.5200,0.00,0.00,0.00,0.00,0.00,0.00,0.00,0.00
NVDA,1749244747293,141.8600,141.8100,141.8900,300,1100,30522,141.8900,141.8900,141.8900,141.8900,0.0800,142.1569,50.0000,141.8564,141.8899,0.0000,0.5200,0.00,0.00,0.00,0.00,0.00,0.00,0.00,0.00
NVDA,1749244747293,141.8600,141.8100,141.8600,300,200,30522,141.8900,141.8900,141.8900,141.8900,0.0500,142.1569,50.0000,141.8564,141.8899,0.0000,0.5200,0.00,0.00,0.00,0.00,0.00,0.00,0.00,0.00
NVDA,1749244747293,141.8600,141.8100,141.8600,300,100,30522,141.8900,141.8900,141.8900,141.8900,0.0500,142.1569,50.0000,141.8564,141.8899,0.0000,0.5200,0.00,0.00,0.00,0.00,0.00,0.00,0.00,0.00
NVDA,1749244747293,141.8600,141.8100,141.8600,1300,100,30522,141.8900,141.8900,141.8900,141.8900,0.0500,142.1569,50.0000,141.8564,141.8899,0.0000,0.5200,0.00,0.00,0.00,0.00,0.00,0.00,0.00,0.00
NVDA,1749244747293,141.8600,141.8200,141.8900,100,1000,30522,141.8900,141.8900,141.8900,141.8900,0.0700,142.1569,50.0000,141.8564,141.8899,0.0000,0.5200,0.00,0.00,0.00,0.00,0.00,0.00,0.00,0.00
NVDA,1749244748495,141.8600,141.8200,141.8900,100,1100,30629,141.8900,141.8900,141.8900,141.8900,0.0700,142.1569,50.0000,141.8564,141.8899,0.0000,0.5200,0.00,0.00,0.00,0.00,0.00,0.00,0.00,0.00
NVDA,1749244749234,141.8600,141.8400,141.8900,100,1100,30629,141.8900,141.8900,141.8900,141.8900,0.0500,142.1569,50.0000,141.8564,141.8899,0.0000,0.5200,0.00,0.00,0.00,0.00,0.00,0.00,0.00,0.00
NVDA,1749244749991,141.8600,141.8400,141.8900,100,1100,30659,141.8900,141.8900,141.8900,141.8900,0.0500,142.1569,50.0000,141.8564,141.8899,0.0000,0.5200,0.00,0.00,0.00,0.00,0.00,0.00,0.00,0.00
NVDA,1749244750953,141.8600,141.8400,141.8800,100,700,30659,141.8900,141.8900,141.8900,141.8900,0.0400,142.1569,50.0000,141.8564,141.8899,0.0000,0.5200,0.00,0.00,0.00,0.00,0.00,0.00,0.00,0.00
NVDA,1749244751625,141.8600,141.8200,141.8800,100,700,30659,141.8600,141.8600,141.8600,141.8600,0.0600,142.1569,50.0000,141.8564,141.8899,0.0000,0.5200,0.00,0.00,0.00,0.00,0.00,0.00,0.00,0.00
NVDA,1749244753271,141.8600,141.8200,141.8800,100,700,30659,141.8600,141.8600,141.8600,141.8600,0.0600,142.1569,50.0000,141.8564,141.8899,0.0000,0.5200,0.00,0.00,0.00,0.00,0.00,0.00,0.00,0.00
NVDA,1749244753711,141.8800,141.8200,141.8800,100,700,30661,141.8600,141.8600,141.8600,141.8600,0.0600,142.1569,50.0000,141.8564,141.8899,0.0000,0.5200,0.00,0.00,0.00,0.00,0.00,0.00,0.00,0.00
NVDA,1749244756024,141.8800,141.8200,141.8800,100,700,30661,141.8600,141.8600,141.8600,141.8600,0.0600,142.1569,50.0000,141.8564,141.8899,0.0000,0.5200,0.00,0.00,0.00,0.00,0.00,0.00,0.00,0.00
NVDA,1749244761021,141.8800,141.8200,141.8800,100,700,30661,141.8600,141.8600,141.8600,141.8600,0.0600,142.1569,50.0000,141.8564,141.8899,0.0000,0.5200,0.00,0.00,0.00,0.00,0.00,0.00,0.00,0.00
NVDA,1749244761530,141.8800,141.8200,141.8800,100,700,30661,141.8600,141.8600,141.8600,141.8600,0.0600,142.1569,50.0000,141.8564,141.8899,0.0000,0.5200,0.00,0.00,0.00,0.00,0.00,0.00,0.00,0.00
NVDA,1749244762104,141.8300,141.8200,141.8800,100,700,30664,141.8600,141.8600,141.8600,141.8600,0.0600,142.1569,50.0000,141.8564,141.8899,0.0000,0.5200,0.00,0.00,0.00,0.00,0.00,0.00,0.00,0.00
NVDA,1749244765046,141.8300,141.8200,141.8800,100,700,30678,141.8600,141.8600,141.8600,141.8600,0.0600,142.1569,50.0000,141.8564,141.8899,0.0000,0.5200,0.00,0.00,0.00,0.00,0.00,0.00,0.00,0.00
NVDA,1749244765543,141.8300,141.8200,141.8800,100,700,30678,141.8600,141.8600,141.8600,141.8600,0.0600,142.1569,50.0000,141.8564,141.8899,0.0000,0.5200,0.00,0.00,0.00,0.00,0.00,0.00,0.00,0.00
NVDA,1749244765768,141.8800,141.8200,141.8800,100,700,30679,141.8600,141.8600,141.8600,141.8600,0.0600,142.1569,50.0000,141.8564,141.8899,0.0000,0.5200,0.00,0.00,0.00,0.00,0.00,0.00,0.00,0.00
NVDA,1749244765768,141.8500,141.8200,141.8800,100,700,30680,141.8600,141.8600,141.8600,141.8600,0.0600,142.1569,50.0000,141.8564,141.8899,0.0000,0.5200,0.00,0.00,0.00,0.00,0.00,0.00,0.00,0.00
NVDA,1749244765768,141.8300,141.8200,141.8800,100,700,30716,141.8600,141.8600,141.8600,141.8600,0.0600,142.1569,50.0000,141.8564,141.8899,0.0000,0.5200,0.00,0.00,0.00,0.00,0.00,0.00,0.00,0.00
NVDA,1749244765768,141.8200,141.8200,141.8800,100,700,30740,141.8600,141.8600,141.8600,141.8600,0.0600,142.1569,50.0000,141.8564,141.8899,0.0000,0.5200,0.00,0.00,0.00,0.00,0.00,0.00,0.00,0.00
NVDA,1749244766015,141.8200,141.8200,141.8800,100,700,30740,141.8600,141.8600,141.8600,141.8600,0.0600,142.1569,50.0000,141.8564,141.8899,0.0000,0.5200,0.00,0.00,0.00,0.00,0.00,0.00,0.00,0.00
NVDA,1749244766296,141.8200,141.8200,141.8800,100,700,30740,141.8600,141.8600,141.8600,141.8600,0.0600,142.1569,50.0000,141.8564,141.8899,0.0000,0.5200,0.00,0.00,0.00,0.00,0.00,0.00,0.00,0.00
NVDA,1749244766946,141.8500,141.8200,141.8800,100,700,30741,141.8600,141.8600,141.8600,141.8600,0.0600,142.1569,50.0000,141.8564,141.8899,0.0000,0.5200,0.00,0.00,0.00,0.00,0.00,0.00,0.00,0.00
NVDA,1749244767048,141.8500,141.8200,141.8800,100,700,30741,141.8600,141.8600,141.8600,141.8600,0.0600,142.1569,50.0000,141.8564,141.8899,0.0000,0.5200,0.00,0.00,0.00,0.00,0.00,0.00,0.00,0.00
NVDA,1749244767622,141.8500,141.8200,141.8800,200,700,30741,141.8600,141.8600,141.8600,141.8600,0.0600,142.1569,50.0000,141.8564,141.8899,0.0000,0.5200,0.00,0.00,0.00,0.00,0.00,0.00,0.00,0.00
NVDA,1749244769355,141.8500,141.8100,141.8800,1700,700,30771,141.8600,141.8600,141.8600,141.8600,0.0700,142.1569,50.0000,141.8564,141.8899,0.0000,0.5200,0.00,0.00,0.00,0.00,0.00,0.00,0.00,0.00
NVDA,1749244770290,141.8500,141.8100,141.8800,1700,700,30771,141.8600,141.8600,141.8600,141.8600,0.0700,142.1569,50.0000,141.8564,141.8899,0.0000,0.5200,0.00,0.00,0.00,0.00,0.00,0.00,0.00,0.00
NVDA,1749244770502,141.8500,141.8100,141.8800,1700,700,30771,141.8600,141.8600,141.8600,141.8600,0.0700,142.1569,50.0000,141.8564,141.8899,0.0000,0.5200,0.00,0.00,0.00,0.00,0.00,0.00,0.00,0.00
NVDA,1749244770502,141.8500,141.8100,141.8800,1800,700,30771,141.8600,141.8600,141.8600,141.8600,0.0700,142.1569,50.0000,141.8564,141.8899,0.0000,0.5200,0.00,0.00,0.00,0.00,0.00,0.00,0.00,0.00
NVDA,1749244770502,141.8300,141.8100,141.8800,1800,700,30906,141.8600,141.8600,141.8600,141.8600,0.0700,142.1569,50.0000,141.8564,141.8899,0.0000,0.5200,0.00,0.00,0.00,0.00,0.00,0.00,0.00,0.00
NVDA,1749244772552,141.8300,141.8100,141.8800,1800,700,30906,141.8600,141.8600,141.8600,141.8600,0.0700,142.1569,50.0000,141.8564,141.8899,0.0000,0.5200,0.00,0.00,0.00,0.00,0.00,0.00,0.00,0.00
NVDA,1749244773029,141.8300,141.8100,141.8800,1800,700,31006,141.8600,141.8600,141.8600,141.8600,0.0700,142.1569,50.0000,141.8564,141.8899,0.0000,0.5200,0.00,0.00,0.00,0.00,0.00,0.00,0.00,0.00
NVDA,1749244774800,141.8300,141.8100,141.8800,1800,700,31006,141.8600,141.8600,141.8600,141.8600,0.0700,142.1569,50.0000,141.8564,141.8899,0.0000,0.5200,0.00,0.00,0.00,0.00,0.00,0.00,0.00,0.00
NVDA,1749244775459,141.8600,141.8100,141.8800,1800,700,31029,141.8600,141.8600,141.8600,141.8600,0.0700,142.1569,50.0000,141.8564,141.8899,0.0000,0.5200,0.00,0.00,0.00,0.00,0.00,0.00,0.00,0.00
NVDA,1749244775459,141.8700,141.8100,141.8800,1800,700,31097,141.8600,141.8600,141.8600,141.8600,0.0700,142.1569,50.0000,141.8564,141.8899,0.0000,0.5200,0.00,0.00,0.00,0.00,0.00,0.00,0.00,0.00
NVDA,1749244775459,141.8800,141.8100,141.8800,1800,700,31108,141.8600,141.8600,141.8600,141.8600,0.0700,142.1569,50.0000,141.8564,141.8899,0.0000,0.5200,0.00,0.00,0.00,0.00,0.00,0.00,0.00,0.00
NVDA,1749244775552,141.8800,141.8100,141.8800,1800,700,31108,141.8600,141.8600,141.8600,141.8600,0.0700,142.1569,50.0000,141.8564,141.8899,0.0000,0.5200,0.00,0.00,0.00,0.00,0.00,0.00,0.00,0.00
NVDA,1749244775806,141.8800,141.8100,141.8800,1800,700,31108,141.8600,141.8600,141.8600,141.8600,0.0700,142.1569,50.0000,141.8564,141.8899,0.0000,0.5200,0.00,0.00,0.00,0.00,0.00,0.00,0.00,0.00
NVDA,1749244776018,141.8800,141.8100,141.8800,1800,700,31108,141.8300,141.8300,141.8200,141.8300,0.0700,142.1569,50.0000,141.8564,141.8899,0.0000,0.5200,0.00,0.00,0.00,0.00,0.00,0.00,0.00,0.00
NVDA,1749244776538,141.8500,141.8100,141.8800,1800,700,31109,141.8300,141.8300,141.8200,141.8300,0.0700,142.1569,50.0000,141.8564,141.8899,0.0000,0.5200,0.00,0.00,0.00,0.00,0.00,0.00,0.00,0.00
NVDA,1749244781027,141.8500,141.8100,141.8800,1800,700,31109,141.8200,141.8200,141.8200,141.8200,0.0700,142.1569,50.0000,141.8564,141.8899,0.0000,0.5200,0.00,0.00,0.00,0.00,0.00,0.00,0.00,0.00
NVDA,1749244781560,141.8500,141.8100,141.8800,1800,700,31109,141.8200,141.8200,141.8200,141.8200,0.0700,142.1569,50.0000,141.8564,141.8899,0.0000,0.5200,0.00,0.00,0.00,0.00,0.00,0.00,0.00,0.00
NVDA,1749244782179,141.8800,141.8100,141.8800,1800,700,31111,141.8200,141.8200,141.8200,141.8200,0.0700,142.1569,50.0000,141.8564,141.8899,0.0000,0.5200,0.00,0.00,0.00,0.00,0.00,0.00,0.00,0.00
NVDA,1749244783565,141.8800,141.8100,141.8800,1800,700,31111,141.8200,141.8200,141.8200,141.8200,0.0700,142.1569,50.0000,141.8564,141.8899,0.0000,0.5200,0.00,0.00,0.00,0.00,0.00,0.00,0.00,0.00
NVDA,1749244784064,141.8800,141.8100,141.8800,1800,700,31111,141.8200,141.8200,141.8200,141.8200,0.0700,142.1569,50.0000,141.8564,141.8899,0.0000,0.5200,0.00,0.00,0.00,0.00,0.00,0.00,0.00,0.00
NVDA,1749244784182,141.8500,141.8100,141.8800,1800,700,31112,141.8200,141.8200,141.8200,141.8200,0.0700,142.1569,50.0000,141.8564,141.8899,0.0000,0.5200,0.00,0.00,0.00,0.00,0.00,0.00,0.00,0.00
NVDA,1749244784754,141.8800,141.8100,141.8800,1800,700,31117,141.8200,141.8200,141.8200,141.8200,0.0700,142.1569,50.0000,141.8564,141.8899,0.0000,0.5200,0.00,0.00,0.00,0.00,0.00,0.00,0.00,0.00
NVDA,1749244785472,141.8800,141.8300,141.8800,100,700,31117,141.8200,141.8200,141.8200,141.8200,0.0500,142.1569,50.0000,141.8564,141.8899,0.0000,0.5200,0.00,0.00,0.00,0.00,0.00,0.00,0.00,0.00
NVDA,1749244785816,141.8800,141.8300,141.8800,100,700,31117,141.8200,141.8200,141.8200,141.8200,0.0500,142.1569,50.0000,141.8564,141.8899,0.0000,0.5200,0.00,0.00,0.00,0.00,0.00,0.00,0.00,0.00
NVDA,1749244786023,141.8800,141.8300,141.8800,100,700,31117,141.8200,141.8200,141.8200,141.8200,0.0500,142.1569,50.0000,141.8564,141.8899,0.0000,0.5200,0.00,0.00,0.00,0.00,0.00,0.00,0.00,0.00
NVDA,1749244786536,141.8700,141.8300,141.8800,100,700,31217,141.8200,141.8200,141.8200,141.8200,0.0500,142.1569,50.0000,141.8564,141.8899,0.0000,0.5200,0.00,0.00,0.00,0.00,0.00,0.00,0.00,0.00
NVDA,1749244786536,141.8600,141.8300,141.8800,100,700,31517,141.8200,141.8200,141.8200,141.8200,0.0500,142.1569,50.0000,141.8564,141.8899,0.0000,0.5200,0.00,0.00,0.00,0.00,0.00,0.00,0.00,0.00
NVDA,1749244786536,141.8700,141.8300,141.8800,100,700,31608,141.8200,141.8200,141.8200,141.8200,0.0500,142.1569,50.0000,141.8564,141.8899,0.0000,0.5200,0.00,0.00,0.00,0.00,0.00,0.00,0.00,0.00
NVDA,1749244786536,141.8800,141.8300,141.8800,100,700,31808,141.8200,141.8200,141.8200,141.8200,0.0500,142.1569,50.0000,141.8564,141.8899,0.0000,0.5200,0.00,0.00,0.00,0.00,0.00,0.00,0.00,0.00
NVDA,1749244786536,141.8800,141.8300,141.8800,100,500,33416,141.8200,141.8200,141.8200,141.8200,0.0500,142.1569,50.0000,141.8564,141.8899,0.0000,0.5200,0.00,0.00,0.00,0.00,0.00,0.00,0.00,0.00
NVDA,1749244786536,141.8800,141.8300,141.8900,100,1100,33416,141.8200,141.8200,141.8200,141.8200,0.0600,142.1569,50.0000,141.8564,141.8899,0.0000,0.5200,0.00,0.00,0.00,0.00,0.00,0.00,0.00,0.00
NVDA,1749244786536,141.8700,141.8300,141.8900,100,1100,33417,141.8200,141.8200,141.8200,141.8200,0.0600,142.1569,50.0000,141.8564,141.8899,0.0000,0.5200,0.00,0.00,0.00,0.00,0.00,0.00,0.00,0.00
NVDA,1749244787068,141.8700,141.8300,141.8900,100,1100,33417,141.8200,141.8200,141.8200,141.8200,0.0600,142.1569,50.0000,141.8564,141.8899,0.0000,0.5200,0.00,0.00,0.00,0.00,0.00,0.00,0.00,0.00
NVDA,1749244787435,141.8300,141.8300,141.8900,100,1100,33419,141.8200,141.8200,141.8200,141.8200,0.0600,142.1569,50.0000,141.8564,141.8899,0.0000,0.5200,0.00,0.00,0.00,0.00,0.00,0.00,0.00,0.00
NVDA,1749244788068,141.8300,141.8300,141.8900,100,1100,33419,141.8200,141.8200,141.8200,141.8200,0.0600,142.1569,50.0000,141.8564,141.8899,0.0000,0.5200,0.00,0.00,0.00,0.00,0.00,0.00,0.00,0.00
NVDA,1749244788523,141.8600,141.8300,141.8900,100,1100,33420,141.8200,141.8200,141.8200,141.8200,0.0600,142.1569,50.0000,141.8564,141.8899,0.0000,0.5200,0.00,0.00,0.00,0.00,0.00,0.00,0.00,0.00
NVDA,1749244790071,141.8600,141.8300,141.8900,100,1100,33420,141.8200,141.8200,141.8200,141.8200,0.0600,142.1569,50.0000,141.8564,141.8899,0.0000,0.5200,0.00,0.00,0.00,0.00,0.00,0.00,0.00,0.00
NVDA,1749244790598,141.8900,141.8300,141.8900,100,1100,33421,141.8200,141.8200,141.8200,141.8200,0.0600,142.1569,50.0000,141.8564,141.8899,0.0000,0.5200,0.00,0.00,0.00,0.00,0.00,0.00,0.00,0.00
NVDA,1749244791022,141.8900,141.8300,141.8900,100,1100,33421,141.8700,141.8800,141.8600,141.8800,0.0600,142.1569,50.0000,141.8564,141.8899,0.0000,0.5200,0.00,0.00,0.00,0.00,0.00,0.00,0.00,0.00
NVDA,1749244792074,141.8900,141.8300,141.8900,100,1100,33421,141.8700,141.8800,141.8600,141.8800,0.0600,142.1569,50.0000,141.8564,141.8899,0.0000,0.5200,0.00,0.00,0.00,0.00,0.00,0.00,0.00,0.00
NVDA,1749244792820,141.8700,141.8300,141.8900,100,1100,33422,141.8700,141.8800,141.8600,141.8800,0.0600,142.1569,50.0000,141.8564,141.8899,0.0000,0.5200,0.00,0.00,0.00,0.00,0.00,0.00,0.00,0.00
NVDA,1749244793535,141.8500,141.8300,141.8900,100,1100,33432,141.8700,141.8800,141.8600,141.8800,0.0600,142.1569,50.0000,141.8564,141.8899,0.0000,0.5200,0.00,0.00,0.00,0.00,0.00,0.00,0.00,0.00
NVDA,1749244795327,141.8500,141.8300,141.8900,100,1100,33432,141.8700,141.8800,141.8600,141.8800,0.0600,142.1569,50.0000,141.8564,141.8899,0.0000,0.5200,0.00,0.00,0.00,0.00,0.00,0.00,0.00,0.00
NVDA,1749244796014,141.8500,141.8300,141.8900,100,1100,33432,141.8700,141.8700,141.8700,141.8700,0.0600,142.1569,50.0000,141.8564,141.8899,0.0000,0.5200,0.00,0.00,0.00,0.00,0.00,0.00,0.00,0.00
NVDA,1749244796136,141.8500,141.8300,141.8900,100,1100,33432,141.8700,141.8700,141.8700,141.8700,0.0600,142.1569,50.0000,141.8564,141.8899,0.0000,0.5200,0.00,0.00,0.00,0.00,0.00,0.00,0.00,0.00
NVDA,1749244796136,141.8300,141.8300,141.8900,100,1100,33450,141.8700,141.8700,141.8700,141.8700,0.0600,142.1569,50.0000,141.8564,141.8899,0.0000,0.5200,0.00,0.00,0.00,0.00,0.00,0.00,0.00,0.00
NVDA,1749244796136,141.8800,141.8300,141.8900,100,1100,33457,141.8700,141.8700,141.8700,141.8700,0.0600,142.1569,50.0000,141.8564,141.8899,0.0000,0.5200,0.00,0.00,0.00,0.00,0.00,0.00,0.00,0.00
NVDA,1749244796773,141.8600,141.8300,141.8900,100,1100,33458,141.8700,141.8700,141.8700,141.8700,0.0600,142.1569,50.0000,141.8564,141.8899,0.0000,0.5200,0.00,0.00,0.00,0.00,0.00,0.00,0.00,0.00
NVDA,1749244797333,141.8600,141.8300,141.8900,100,1100,33458,141.8700,141.8700,141.8700,141.8700,0.0600,142.1569,50.0000,141.8564,141.8899,0.0000,0.5200,0.00,0.00,0.00,0.00,0.00,0.00,0.00,0.00
NVDA,1749244797834,141.8900,141.8300,141.8900,100,1100,33508,141.8700,141.8700,141.8700,141.8700,0.0600,142.1569,50.0000,141.8564,141.8899,0.0000,0.5200,0.00,0.00,0.00,0.00,0.00,0.00,0.00,0.00
NVDA,1749244797834,141.8900,141.8300,141.8900,100,1000,33558,141.8700,141.8700,141.8700,141.8700,0.0600,142.1569,50.0000,141.8564,141.8899,0.0000,0.5200,0.00,0.00,0.00,0.00,0.00,0.00,0.00,0.00
NVDA,1749244801015,141.8900,141.8300,141.8900,100,1000,33558,141.8700,141.8700,141.8700,141.8700,0.0600,142.1569,50.0000,141.8631,141.8899,0.0000,0.5900,0.00,0.00,0.00,0.00,0.00,0.00,0.00,0.00
NVDA,1749244801837,141.8900,141.8300,141.8900,100,1000,33558,141.8700,141.8700,141.8700,141.8700,0.0600,142.1569,50.0000,141.8631,141.8899,0.0000,0.5900,0.00,0.00,0.00,0.00,0.00,0.00,0.00,0.00
NVDA,1749244802574,141.8700,141.8300,141.8900,100,1000,33598,141.8700,141.8700,141.8700,141.8700,0.0600,142.1569,50.0000,141.8631,141.8899,0.0000,0.5900,0.00,0.00,0.00,0.00,0.00,0.00,0.00,0.00
NVDA,1749244803341,141.8700,141.8300,141.8900,100,1000,33598,141.8700,141.8700,141.8700,141.8700,0.0600,142.1569,50.0000,141.8631,141.8899,0.0000,0.5900,0.00,0.00,0.00,0.00,0.00,0.00,0.00,0.00
NVDA,1749244803806,141.8700,141.8700,141.8900,100,1000,33598,141.8700,141.8700,141.8700,141.8700,0.0200,142.1569,50.0000,141.8631,141.8899,0.0000,0.5900,0.00,0.00,0.00,0.00,0.00,0.00,0.00,0.00
NVDA,1749244803806,141.8700,141.8300,141.8900,100,1000,33598,141.8700,141.8700,141.8700,141.8700,0.0600,142.1569,50.0000,141.8631,141.8899,0.0000,0.5900,0.00,0.00,0.00,0.00,0.00,0.00,0.00,0.00
NVDA,1749244804767,141.8700,141.8300,141.8800,100,100,33673,141.8700,141.8700,141.8700,141.8700,0.0500,142.1569,50.0000,141.8631,141.8899,0.0000,0.5900,0.00,0.00,0.00,0.00,0.00,0.00,0.00,0.00
NVDA,1749244806102,141.8700,141.8300,141.8800,100,100,33673,141.8700,141.8700,141.8700,141.8700,0.0500,142.1569,50.0000,141.8631,141.8899,0.0000,0.5900,0.00,0.00,0.00,0.00,0.00,0.00,0.00,0.00
NVDA,1749244806336,141.8700,141.8300,141.8800,100,100,33673,141.8700,141.8700,141.8700,141.8700,0.0500,142.1569,50.0000,141.8631,141.8899,0.0000,0.5900,0.00,0.00,0.00,0.00,0.00,0.00,0.00,0.00
NVDA,1749244806646,141.8500,141.8300,141.8800,100,100,33674,141.8700,141.8700,141.8700,141.8700,0.0500,142.1569,50.0000,141.8631,141.8899,0.0000,0.5900,0.00,0.00,0.00,0.00,0.00,0.00,0.00,0.00
NVDA,1749244806646,141.8600,141.8300,141.8800,100,100,33864,141.8700,141.8700,141.8700,141.8700,0.0500,142.1569,50.0000,141.8631,141.8899,0.0000,0.5900,0.00,0.00,0.00,0.00,0.00,0.00,0.00,0.00
NVDA,1749244808095,141.8600,141.8300,141.8800,100,100,33864,141.8700,141.8700,141.8700,141.8700,0.0500,142.1569,50.0000,141.8631,141.8899,0.0000,0.5900,0.00,0.00,0.00,0.00,0.00,0.00,0.00,0.00
NVDA,1749244808589,141.8500,141.8300,141.8800,100,100,33896,141.8700,141.8700,141.8700,141.8700,0.0500,142.1569,50.0000,141.8631,141.8899,0.0000,0.5900,0.00,0.00,0.00,0.00,0.00,0.00,0.00,0.00
NVDA,1749244808589,141.8800,141.8300,141.8800,100,100,33897,141.8700,141.8700,141.8700,141.8700,0.0500,142.1569,50.0000,141.8631,141.8899,0.0000,0.5900,0.00,0.00,0.00,0.00,0.00,0.00,0.00,0.00
NVDA,1749244808589,141.8800,141.8300,141.8900,100,1100,33898,141.8700,141.8700,141.8700,141.8700,0.0600,142.1569,50.0000,141.8631,141.8899,0.0000,0.5900,0.00,0.00,0.00,0.00,0.00,0.00,0.00,0.00
NVDA,1749244808841,141.8800,141.8300,141.8900,100,1100,33898,141.8700,141.8700,141.8700,141.8700,0.0600,142.1569,50.0000,141.8631,141.8899,0.0000,0.5900,0.00,0.00,0.00,0.00,0.00,0.00,0.00,0.00
NVDA,1749244809412,141.8300,141.8300,141.8900,100,1100,34898,141.8700,141.8700,141.8700,141.8700,0.0600,142.1569,50.0000,141.8631,141.8899,0.0000,0.5900,0.00,0.00,0.00,0.00,0.00,0.00,0.00,0.00
NVDA,1749244811031,141.8300,141.8300,141.8900,100,1100,34898,141.8600,141.8600,141.8300,141.8300,0.0600,142.1569,50.0000,141.8631,141.8899,0.0000,0.5900,0.00,0.00,0.00,0.00,0.00,0.00,0.00,0.00
NVDA,1749244812354,141.8300,141.8300,141.8900,100,1100,34898,141.8600,141.8600,141.8300,141.8300,0.0600,142.1569,50.0000,141.8631,141.8899,0.0000,0.5900,0.00,0.00,0.00,0.00,0.00,0.00,0.00,0.00
NVDA,1749244812972,141.8800,141.8300,141.8900,100,1100,34899,141.8600,141.8600,141.8300,141.8300,0.0600,142.1569,50.0000,141.8631,141.8899,0.0000,0.5900,0.00,0.00,0.00,0.00,0.00,0.00,0.00,0.00
NVDA,1749244815604,141.8800,141.8300,141.8800,100,1400,34899,141.8600,141.8600,141.8300,141.8300,0.0500,142.1569,50.0000,141.8631,141.8899,0.0000,0.5900,0.00,0.00,0.00,0.00,0.00,0.00,0.00,0.00
NVDA,1749244816025,141.8800,141.8300,141.8800,100,1400,34899,141.8300,141.8300,141.8300,141.8300,0.0500,142.1569,50.0000,141.8631,141.8899,0.0000,0.5900,0.00,0.00,0.00,0.00,0.00,0.00,0.00,0.00
NVDA,1749244817355,141.8800,141.8300,141.8800,100,1400,34899,141.8300,141.8300,141.8300,141.8300,0.0500,142.1569,50.0000,141.8631,141.8899,0.0000,0.5900,0.00,0.00,0.00,0.00,0.00,0.00,0.00,0.00
NVDA,1749244817711,141.8300,141.8300,141.8800,100,1400,35299,141.8300,141.8300,141.8300,141.8300,0.0500,142.1569,50.0000,141.8631,141.8899,0.0000,0.5900,0.00,0.00,0.00,0.00,0.00,0.00,0.00,0.00
NVDA,1749244817711,141.8800,141.8300,141.8800,100,1400,35300,141.8300,141.8300,141.8300,141.8300,0.0500,142.1569,50.0000,141.8631,141.8899,0.0000,0.5900,0.00,0.00,0.00,0.00,0.00,0.00,0.00,0.00
NVDA,1749244819084,141.8800,141.8300,141.8800,100,1700,35300,141.8300,141.8300,141.8300,141.8300,0.0500,142.1569,50.0000,141.8631,141.8899,0.0000,0.5900,0.00,0.00,0.00,0.00,0.00,0.00,0.00,0.00
NVDA,1749244819084,141.8800,141.8200,141.8800,100,1700,35300,141.8300,141.8300,141.8300,141.8300,0.0600,142.1569,50.0000,141.8631,141.8899,0.0000,0.5900,0.00,0.00,0.00,0.00,0.00,0.00,0.00,0.00
NVDA,1749244819084,141.8800,141.8100,141.8800,1800,1700,35300,141.8300,141.8300,141.8300,141.8300,0.0700,142.1569,50.0000,141.8631,141.8899,0.0000,0.5900,0.00,0.00,0.00,0.00,0.00,0.00,0.00,0.00
NVDA,1749244821028,141.8800,141.8200,141.8800,100,1700,35300,141.8300,141.8300,141.8300,141.8300,0.0600,142.1569,50.0000,141.8631,141.8899,0.0000,0.5900,0.00,0.00,0.00,0.00,0.00,0.00,0.00,0.00
NVDA,1749244821363,141.8800,141.8200,141.8800,100,1700,35300,141.8300,141.8300,141.8300,141.8300,0.0600,142.1569,50.0000,141.8631,141.8899,0.0000,0.5900,0.00,0.00,0.00,0.00,0.00,0.00,0.00,0.00
NVDA,1749244822005,141.8500,141.8200,141.8800,100,1700,35301,141.8300,141.8300,141.8300,141.8300,0.0600,142.1569,50.0000,141.8631,141.8899,0.0000,0.5900,0.00,0.00,0.00,0.00,0.00,0.00,0.00,0.00
NVDA,1749244822005,141.8500,141.8300,141.8800,100,1700,35301,141.8300,141.8300,141.8300,141.8300,0.0500,142.1569,50.0000,141.8631,141.8899,0.0000,0.5900,0.00,0.00,0.00,0.00,0.00,0.00,0.00,0.00
NVDA,1749244822862,141.8500,141.8300,141.8800,100,1700,35301,141.8300,141.8300,141.8300,141.8300,0.0500,142.1569,50.0000,141.8631,141.8899,0.0000,0.5900,0.00,0.00,0.00,0.00,0.00,0.00,0.00,0.00
NVDA,1749244823455,141.8300,141.8300,141.8800,100,1700,35351,141.8300,141.8300,141.8300,141.8300,0.0500,142.1569,50.0000,141.8631,141.8899,0.0000,0.5900,0.00,0.00,0.00,0.00,0.00,0.00,0.00,0.00
NVDA,1749244825792,141.8300,141.8100,141.8800,1800,1700,35351,141.8300,141.8300,141.8300,141.8300,0.0700,142.1569,50.0000,141.8631,141.8899,0.0000,0.5900,0.00,0.00,0.00,0.00,0.00,0.00,0.00,0.00
NVDA,1749244826022,141.8300,141.8100,141.8800,1800,1700,35351,141.8300,141.8300,141.8300,141.8300,0.0700,142.1569,50.0000,141.8631,141.8899,0.0000,0.5900,0.00,0.00,0.00,0.00,0.00,0.00,0.00,0.00
NVDA,1749244828868,141.8300,141.8100,141.8800,1800,1700,35351,141.8300,141.8300,141.8300,141.8300,0.0700,142.1569,50.0000,141.8631,141.8899,0.0000,0.5900,0.00,0.00,0.00,0.00,0.00,0.00,0.00,0.00
NVDA,1749244828971,141.8300,141.8200,141.8800,100,1700,35351,141.8300,141.8300,141.8300,141.8300,0.0600,142.1569,50.0000,141.8631,141.8899,0.0000,0.5900,0.00,0.00,0.00,0.00,0.00,0.00,0.00,0.00
NVDA,1749244828971,141.8600,141.8200,141.8800,100,1700,35391,141.8300,141.8300,141.8300,141.8300,0.0600,142.1569,50.0000,141.8631,141.8899,0.0000,0.5900,0.00,0.00,0.00,0.00,0.00,0.00,0.00,0.00
NVDA,1749244830450,141.8600,141.8100,141.8800,1800,1700,35391,141.8300,141.8300,141.8300,141.8300,0.0700,142.1569,50.0000,141.8631,141.8899,0.0000,0.5900,0.00,0.00,0.00,0.00,0.00,0.00,0.00,0.00
NVDA,1749244830450,141.8600,141.8200,141.8800,200,1700,35391,141.8300,141.8300,141.8300,141.8300,0.0600,142.1569,50.0000,141.8631,141.8899,0.0000,0.5900,0.00,0.00,0.00,0.00,0.00,0.00,0.00,0.00
NVDA,1749244830878,141.8600,141.8200,141.8800,200,1700,35391,141.8300,141.8300,141.8300,141.8300,0.0600,142.1569,50.0000,141.8631,141.8899,0.0000,0.5900,0.00,0.00,0.00,0.00,0.00,0.00,0.00,0.00
NVDA,1749244831021,141.8600,141.8200,141.8800,200,1700,35391,141.8300,141.8300,141.8300,141.8300,0.0600,142.1569,50.0000,141.8631,141.8899,0.0000,0.5900,0.00,0.00,0.00,0.00,0.00,0.00,0.00,0.00
NVDA,1749244831258,141.8600,141.8200,141.8800,200,1700,35392,141.8300,141.8300,141.8300,141.8300,0.0600,142.1569,50.0000,141.8631,141.8899,0.0000,0.5900,0.00,0.00,0.00,0.00,0.00,0.00,0.00,0.00
NVDA,1749244832370,141.8600,141.8200,141.8800,200,1700,35392,141.8300,141.8300,141.8300,141.8300,0.0600,142.1569,50.0000,141.8631,141.8899,0.0000,0.5900,0.00,0.00,0.00,0.00,0.00,0.00,0.00,0.00
NVDA,1749244833052,141.8500,141.8200,141.8800,200,1700,35442,141.8300,141.8300,141.8300,141.8300,0.0600,142.1569,50.0000,141.8631,141.8899,0.0000,0.5900,0.00,0.00,0.00,0.00,0.00,0.00,0.00,0.00
NVDA,1749244833622,141.8500,141.8200,141.8800,200,1700,35442,141.8300,141.8300,141.8300,141.8300,0.0600,142.1569,50.0000,141.8631,141.8899,0.0000,0.5900,0.00,0.00,0.00,0.00,0.00,0.00,0.00,0.00
NVDA,1749244834060,141.8600,141.8200,141.8800,200,1700,35443,141.8300,141.8300,141.8300,141.8300,0.0600,142.1569,50.0000,141.8631,141.8899,0.0000,0.5900,0.00,0.00,0.00,0.00,0.00,0.00,0.00,0.00
NVDA,1749244836017,141.8600,141.8200,141.8800,200,1700,35443,141.8300,141.8300,141.8300,141.8300,0.0600,142.1569,50.0000,141.8631,141.8899,0.0000,0.5900,0.00,0.00,0.00,0.00,0.00,0.00,0.00,0.00
NVDA,1749244836552,141.8600,141.8200,141.8800,500,1700,35443,141.8300,141.8300,141.8300,141.8300,0.0600,142.1569,50.0000,141.8631,141.8899,0.0000,0.5900,0.00,0.00,0.00,0.00,0.00,0.00,0.00,0.00
NVDA,1749244836629,141.8600,141.8200,141.8800,500,1700,35443,141.8300,141.8300,141.8300,141.8300,0.0600,142.1569,50.0000,141.8631,141.8899,0.0000,0.5900,0.00,0.00,0.00,0.00,0.00,0.00,0.00,0.00
NVDA,1749244837334,141.8500,141.8200,141.8800,500,1700,35444,141.8300,141.8300,141.8300,141.8300,0.0600,142.1569,50.0000,141.8631,141.8899,0.0000,0.5900,0.00,0.00,0.00,0.00,0.00,0.00,0.00,0.00
NVDA,1749244837884,141.8500,141.8200,141.8800,500,1700,35444,141.8300,141.8300,141.8300,141.8300,0.0600,142.1569,50.0000,141.8631,141.8899,0.0000,0.5900,0.00,0.00,0.00,0.00,0.00,0.00,0.00,0.00
NVDA,1749244838529,141.8500,141.8200,141.8800,500,1700,35445,141.8300,141.8300,141.8300,141.8300,0.0600,142.1569,50.0000,141.8631,141.8899,0.0000,0.5900,0.00,0.00,0.00,0.00,0.00,0.00,0.00,0.00
NVDA,1749244838877,141.8500,141.8200,141.8800,500,1700,35445,141.8300,141.8300,141.8300,141.8300,0.0600,142.1569,50.0000,141.8631,141.8899,0.0000,0.5900,0.00,0.00,0.00,0.00,0.00,0.00,0.00,0.00
NVDA,1749244839388,141.8500,141.8200,141.8800,300,1700,35445,141.8300,141.8300,141.8300,141.8300,0.0600,142.1569,50.0000,141.8631,141.8899,0.0000,0.5900,0.00,0.00,0.00,0.00,0.00,0.00,0.00,0.00
NVDA,1749244839388,141.8500,141.8300,141.8800,100,1700,35446,141.8300,141.8300,141.8300,141.8300,0.0500,142.1569,50.0000,141.8631,141.8899,0.0000,0.5900,0.00,0.00,0.00,0.00,0.00,0.00,0.00,0.00
NVDA,1749244840191,141.8500,141.8300,141.8800,100,2200,35446,141.8300,141.8300,141.8300,141.8300,0.0500,142.1569,50.0000,141.8631,141.8899,0.0000,0.5900,0.00,0.00,0.00,0.00,0.00,0.00,0.00,0.00
NVDA,1749244841025,141.8500,141.8300,141.8800,100,2200,35446,141.8300,141.8300,141.8300,141.8300,0.0500,142.1569,50.0000,141.8631,141.8899,0.0000,0.5900,0.00,0.00,0.00,0.00,0.00,0.00,0.00,0.00
NVDA,1749244844140,141.8500,141.8300,141.8800,100,2200,35446,141.8300,141.8300,141.8300,141.8300,0.0500,142.1569,50.0000,141.8631,141.8899,0.0000,0.5900,0.00,0.00,0.00,0.00,0.00,0.00,0.00,0.00
NVDA,1749244844655,141.8500,141.8300,141.8800,100,2100,35446,141.8300,141.8300,141.8300,141.8300,0.0500,142.1569,50.0000,141.8631,141.8899,0.0000,0.5900,0.00,0.00,0.00,0.00,0.00,0.00,0.00,0.00
NVDA,1749244844655,141.8700,141.8300,141.8800,100,2100,35489,141.8300,141.8300,141.8300,141.8300,0.0500,142.1569,50.0000,141.8631,141.8899,0.0000,0.5900,0.00,0.00,0.00,0.00,0.00,0.00,0.00,0.00
NVDA,1749244844655,141.8800,141.8300,141.8800,100,2100,35530,141.8300,141.8300,141.8300,141.8300,0.0500,142.1569,50.0000,141.8631,141.8899,0.0000,0.5900,0.00,0.00,0.00,0.00,0.00,0.00,0.00,0.00
NVDA,1749244845140,141.8800,141.8300,141.8800,100,2100,35572,141.8300,141.8300,141.8300,141.8300,0.0500,142.1569,50.0000,141.8631,141.8899,0.0000,0.5900,0.00,0.00,0.00,0.00,0.00,0.00,0.00,0.00
NVDA,1749244845586,141.8300,141.8300,141.8800,100,2100,35584,141.8300,141.8300,141.8300,141.8300,0.0500,142.1569,50.0000,141.8631,141.8899,0.0000,0.5900,0.00,0.00,0.00,0.00,0.00,0.00,0.00,0.00
NVDA,1749244846017,141.8300,141.8300,141.8800,100,2100,35584,141.8300,141.8300,141.8300,141.8300,0.0500,142.1569,50.0000,141.8631,141.8899,0.0000,0.5900,0.00,0.00,0.00,0.00,0.00,0.00,0.00,0.00
NVDA,1749244847140,141.8300,141.8300,141.8800,100,2100,35584,141.8300,141.8300,141.8300,141.8300,0.0500,142.1569,50.0000,141.8631,141.8899,0.0000,0.5900,0.00,0.00,0.00,0.00,0.00,0.00,0.00,0.00
NVDA,1749244847672,141.8700,141.8300,141.8800,100,2100,35589,141.8300,141.8300,141.8300,141.8300,0.0500,142.1569,50.0000,141.8631,141.8899,0.0000,0.5900,0.00,0.00,0.00,0.00,0.00,0.00,0.00,0.00
NVDA,1749244847672,141.8800,141.8300,141.8800,100,2100,35594,141.8300,141.8300,141.8300,141.8300,0.0500,142.1569,50.0000,141.8631,141.8899,0.0000,0.5900,0.00,0.00,0.00,0.00,0.00,0.00,0.00,0.00
NVDA,1749244850644,141.8800,141.8300,141.8800,100,2100,35594,141.8300,141.8300,141.8300,141.8300,0.0500,142.1569,50.0000,141.8631,141.8899,0.0000,0.5900,0.00,0.00,0.00,0.00,0.00,0.00,0.00,0.00
NVDA,1749244851020,141.8800,141.8300,141.8800,100,2100,35594,141.8300,141.8300,141.8300,141.8300,0.0500,142.1569,50.0000,141.8631,141.8899,0.0000,0.5900,0.00,0.00,0.00,0.00,0.00,0.00,0.00,0.00
NVDA,1749244851235,141.8800,141.8300,141.8800,100,2100,35599,141.8300,141.8300,141.8300,141.8300,0.0500,142.1569,50.0000,141.8631,141.8899,0.0000,0.5900,0.00,0.00,0.00,0.00,0.00,0.00,0.00,0.00
NVDA,1749244851791,141.8800,141.8300,141.8700,100,100,35599,141.8300,141.8300,141.8300,141.8300,0.0400,142.1569,50.0000,141.8631,141.8899,0.0000,0.5900,0.00,0.00,0.00,0.00,0.00,0.00,0.00,0.00
NVDA,1749244853398,141.8800,141.8300,141.8700,100,100,35599,141.8300,141.8300,141.8300,141.8300,0.0400,142.1569,50.0000,141.8631,141.8899,0.0000,0.5900,0.00,0.00,0.00,0.00,0.00,0.00,0.00,0.00
NVDA,1749244854040,141.8500,141.8300,141.8700,100,100,35600,141.8300,141.8300,141.8300,141.8300,0.0400,142.1569,50.0000,141.8631,141.8899,0.0000,0.5900,0.00,0.00,0.00,0.00,0.00,0.00,0.00,0.00
NVDA,1749244856024,141.8500,141.8300,141.8700,100,100,35600,141.8300,141.8300,141.8300,141.8300,0.0400,142.1569,50.0000,141.8631,141.8899,0.0000,0.5900,0.00,0.00,0.00,0.00,0.00,0.00,0.00,0.00
NVDA,1749244856152,141.8500,141.8300,141.8700,100,100,35600,141.8300,141.8300,141.8300,141.8300,0.0400,142.1569,50.0000,141.8631,141.8899,0.0000,0.5900,0.00,0.00,0.00,0.00,0.00,0.00,0.00,0.00
NVDA,1749244856732,141.8300,141.8300,141.8700,100,100,35601,141.8300,141.8300,141.8300,141.8300,0.0400,142.1569,50.0000,141.8631,141.8899,0.0000,0.5900,0.00,0.00,0.00,0.00,0.00,0.00,0.00,0.00
NVDA,1749244859660,141.8300,141.8300,141.8700,100,100,35601,141.8300,141.8300,141.8300,141.8300,0.0400,142.1569,50.0000,141.8631,141.8899,0.0000,0.5900,0.00,0.00,0.00,0.00,0.00,0.00,0.00,0.00
NVDA,1749244860297,141.8700,141.8300,141.8700,100,100,35603,141.8300,141.8300,141.8300,141.8300,0.0400,142.1569,50.0000,141.8565,141.8855,141.8448,0.6500,0.00,0.00,0.00,0.00,0.00,0.00,0.00,0.00
NVDA,1749244860297,141.8700,141.8300,141.8800,100,1900,35603,141.8300,141.8300,141.8300,141.8300,0.0500,142.1569,50.0000,141.8565,141.8855,141.8448,0.6500,0.00,0.00,0.00,0.00,0.00,0.00,0.00,0.00
NVDA,1749244861030,141.8700,141.8300,141.8800,100,1900,35603,141.8300,141.8300,141.8300,141.8300,0.0500,142.1569,50.0000,141.8565,141.8855,141.8448,0.6500,0.00,0.00,0.00,0.00,0.00,0.00,0.00,0.00
NVDA,1749244862914,141.8700,141.8300,141.8800,100,1900,35603,141.8300,141.8300,141.8300,141.8300,0.0500,142.1569,50.0000,141.8565,141.8855,141.8448,0.6500,0.00,0.00,0.00,0.00,0.00,0.00,0.00,0.00
NVDA,1749244863397,141.8600,141.8300,141.8800,100,1900,36602,141.8300,141.8300,141.8300,141.8300,0.0500,142.1569,50.0000,141.8565,141.8855,141.8448,0.6500,0.00,0.00,0.00,0.00,0.00,0.00,0.00,0.00
NVDA,1749244863397,141.8500,141.8300,141.8800,100,1900,36603,141.8300,141.8300,141.8300,141.8300,0.0500,142.1569,50.0000,141.8565,141.8855,141.8448,0.6500,0.00,0.00,0.00,0.00,0.00,0.00,0.00,0.00
NVDA,1749244864414,141.8500,141.8300,141.8800,100,1900,36603,141.8300,141.8300,141.8300,141.8300,0.0500,142.1569,50.0000,141.8565,141.8855,141.8448,0.6500,0.00,0.00,0.00,0.00,0.00,0.00,0.00,0.00
NVDA,1749244865000,141.8500,141.8300,141.8800,100,1900,36613,141.8300,141.8300,141.8300,141.8300,0.0500,142.1569,50.0000,141.8565,141.8855,141.8448,0.6500,0.00,0.00,0.00,0.00,0.00,0.00,0.00,0.00
NVDA,1749244865168,141.8500,141.8300,141.8800,100,1900,36613,141.8300,141.8300,141.8300,141.8300,0.0500,142.1569,50.0000,141.8565,141.8855,141.8448,0.6500,0.00,0.00,0.00,0.00,0.00,0.00,0.00,0.00
NVDA,1749244865560,141.8500,141.8300,141.8800,100,1900,36613,141.8600,141.8600,141.8600,141.8600,0.0500,142.1569,50.0000,141.8565,141.8855,141.8448,0.6500,0.00,0.00,0.00,0.00,0.00,0.00,0.00,0.00
NVDA,1749244865753,141.8500,141.8300,141.8800,100,2000,36613,141.8600,141.8600,141.8600,141.8600,0.0500,142.1569,50.0000,141.8565,141.8855,141.8448,0.6500,0.00,0.00,0.00,0.00,0.00,0.00,0.00,0.00
NVDA,1749244866917,141.8500,141.8300,141.8800,100,2000,36714,141.8600,141.8600,141.8600,141.8600,0.0500,142.1569,50.0000,141.8565,141.8855,141.8448,0.6500,0.00,0.00,0.00,0.00,0.00,0.00,0.00,0.00
NVDA,1749244867418,141.8500,141.8300,141.8800,100,2000,36714,141.8600,141.8600,141.8600,141.8600,0.0500,142.1568,50.0000,141.8565,141.8855,141.8448,0.6500,0.00,0.00,0.00,0.00,0.00,0.00,0.00,0.00
NVDA,1749244867564,141.8600,141.8300,141.8800,100,2000,36814,141.8600,141.8600,141.8600,141.8600,0.0500,142.1568,50.0000,141.8565,141.8855,141.8448,0.6500,0.00,0.00,0.00,0.00,0.00,0.00,0.00,0.00
NVDA,1749244867564,141.8500,141.8300,141.8800,100,2000,37012,141.8600,141.8600,141.8600,141.8600,0.0500,142.1568,50.0000,141.8565,141.8855,141.8448,0.6500,0.00,0.00,0.00,0.00,0.00,0.00,0.00,0.00
NVDA,1749244867564,141.8400,141.8300,141.8800,100,2000,37088,141.8600,141.8600,141.8600,141.8600,0.0500,142.1568,50.0000,141.8565,141.8855,141.8448,0.6500,0.00,0.00,0.00,0.00,0.00,0.00,0.00,0.00
NVDA,1749244867564,141.8400,141.8300,141.8500,100,600,37113,141.8600,141.8600,141.8600,141.8600,0.0200,142.1568,50.0000,141.8565,141.8855,141.8448,0.6500,0.00,0.00,0.00,0.00,0.00,0.00,0.00,0.00
NVDA,1749244867564,141.8400,141.8200,141.8500,300,600,37113,141.8600,141.8600,141.8600,141.8600,0.0300,142.1568,50.0000,141.8565,141.8855,141.8448,0.6500,0.00,0.00,0.00,0.00,0.00,0.00,0.00,0.00
NVDA,1749244867564,141.8300,141.8200,141.8500,300,600,37173,141.8600,141.8600,141.8600,141.8600,0.0300,142.1568,50.0000,141.8565,141.8855,141.8448,0.6500,0.00,0.00,0.00,0.00,0.00,0.00,0.00,0.00
NVDA,1749244870923,141.8300,141.8200,141.8500,300,600,37294,141.8600,141.8600,141.8600,141.8600,0.0300,142.1568,50.0000,141.8565,141.8855,141.8448,0.6500,0.00,0.00,0.00,0.00,0.00,0.00,0.00,0.00
NVDA,1749244871018,141.8300,141.8200,141.8500,300,600,37294,141.8500,141.8600,141.8300,141.8300,0.0300,142.1568,50.0000,141.8565,141.8855,141.8448,0.6500,0.00,0.00,0.00,0.00,0.00,0.00,0.00,0.00
NVDA,1749244871427,141.8200,141.8200,141.8500,300,600,37295,141.8500,141.8600,141.8300,141.8300,0.0300,142.1568,50.0000,141.8565,141.8855,141.8448,0.6500,0.00,0.00,0.00,0.00,0.00,0.00,0.00,0.00
NVDA,1749244871427,141.8200,141.8100,141.8500,1400,1600,37603,141.8500,141.8600,141.8300,141.8300,0.0400,142.1568,50.0000,141.8565,141.8855,141.8448,0.6500,0.00,0.00,0.00,0.00,0.00,0.00,0.00,0.00
NVDA,1749244873678,141.8200,141.8100,141.8500,1400,1600,37603,141.8500,141.8600,141.8300,141.8300,0.0400,142.1568,50.0000,141.8565,141.8855,141.8448,0.6500,0.00,0.00,0.00,0.00,0.00,0.00,0.00,0.00
NVDA,1749244873964,141.8100,141.8100,141.8500,1400,1600,37604,141.8500,141.8600,141.8300,141.8300,0.0400,142.1568,50.0000,141.8565,141.8855,141.8448,0.6500,0.00,0.00,0.00,0.00,0.00,0.00,0.00,0.00
NVDA,1749244873964,141.8100,141.8100,141.8500,900,1600,38131,141.8500,141.8600,141.8300,141.8300,0.0400,142.1568,50.0000,141.8565,141.8855,141.8448,0.6500,0.00,0.00,0.00,0.00,0.00,0.00,0.00,0.00
NVDA,1749244874426,141.8100,141.8100,141.8500,900,1600,38131,141.8500,141.8600,141.8300,141.8300,0.0400,142.1568,50.0000,141.8565,141.8855,141.8448,0.6500,0.00,0.00,0.00,0.00,0.00,0.00,0.00,0.00
NVDA,1749244874426,141.8100,141.8200,141.8500,100,1600,38131,141.8500,141.8600,141.8300,141.8300,0.0300,142.1568,50.0000,141.8565,141.8855,141.8448,0.6500,0.00,0.00,0.00,0.00,0.00,0.00,0.00,0.00
NVDA,1749244874426,141.8100,141.8200,141.8500,100,1800,38131,141.8500,141.8600,141.8300,141.8300,0.0300,142.1568,50.0000,141.8565,141.8855,141.8448,0.6500,0.00,0.00,0.00,0.00,0.00,0.00,0.00,0.00
NVDA,1749244875110,141.8500,141.8200,141.8500,100,1800,38132,141.8500,141.8600,141.8300,141.8300,0.0300,142.1568,50.0000,141.8565,141.8855,141.8448,0.6500,0.00,0.00,0.00,0.00,0.00,0.00,0.00,0.00
NVDA,1749244875424,141.8500,141.8200,141.8500,100,1800,38132,141.8500,141.8600,141.8300,141.8300,0.0300,142.1568,50.0000,141.8565,141.8855,141.8448,0.6500,0.00,0.00,0.00,0.00,0.00,0.00,0.00,0.00
NVDA,1749244875615,141.8500,141.8200,141.8500,100,1800,38132,141.8200,141.8200,141.8100,141.8100,0.0300,142.1568,50.0000,141.8565,141.8855,141.8448,0.6500,0.00,0.00,0.00,0.00,0.00,0.00,0.00,0.00
NVDA,1749244875860,141.8400,141.8200,141.8500,100,1800,38133,141.8200,141.8200,141.8100,141.8100,0.0300,142.1568,50.0000,141.8565,141.8855,141.8448,0.6500,0.00,0.00,0.00,0.00,0.00,0.00,0.00,0.00
NVDA,1749244875860,141.8500,141.8200,141.8500,100,1800,39633,141.8200,141.8200,141.8100,141.8100,0.0300,142.1568,50.0000,141.8565,141.8855,141.8448,0.6500,0.00,0.00,0.00,0.00,0.00,0.00,0.00,0.00
NVDA,1749244875860,141.8500,141.8200,141.8500,100,1200,39633,141.8200,141.8200,141.8100,141.8100,0.0300,142.1568,50.0000,141.8565,141.8855,141.8448,0.6500,0.00,0.00,0.00,0.00,0.00,0.00,0.00,0.00
NVDA,1749244875860,141.8500,141.8100,141.8500,900,1200,39633,141.8200,141.8200,141.8100,141.8100,0.0400,142.1568,50.0000,141.8565,141.8855,141.8448,0.6500,0.00,0.00,0.00,0.00,0.00,0.00,0.00,0.00
NVDA,1749244876011,141.8500,141.8100,141.8500,900,1200,39633,141.8200,141.8200,141.8100,141.8100,0.0400,142.1568,50.0000,141.8565,141.8855,141.8448,0.6500,0.00,0.00,0.00,0.00,0.00,0.00,0.00,0.00
NVDA,1749244876476,141.8500,141.8100,141.8500,900,1200,39678,141.8200,141.8200,141.8100,141.8100,0.0400,142.1568,50.0000,141.8565,141.8855,141.8448,0.6500,0.00,0.00,0.00,0.00,0.00,0.00,0.00,0.00
NVDA,1749244876927,141.8500,141.8100,141.8500,900,1200,39678,141.8200,141.8200,141.8100,141.8100,0.0400,142.1568,50.0000,141.8565,141.8855,141.8448,0.6500,0.00,0.00,0.00,0.00,0.00,0.00,0.00,0.00
NVDA,1749244877581,141.8500,141.8100,141.8500,900,1200,39683,141.8200,141.8200,141.8100,141.8100,0.0400,142.1568,50.0000,141.8565,141.8855,141.8448,0.6500,0.00,0.00,0.00,0.00,0.00,0.00,0.00,0.00
NVDA,1749244880681,141.8500,141.8100,141.8500,900,1200,39683,141.8200,141.8200,141.8100,141.8100,0.0400,142.1568,50.0000,141.8565,141.8855,141.8448,0.6500,0.00,0.00,0.00,0.00,0.00,0.00,0.00,0.00
NVDA,1749244880941,141.8500,141.8100,141.8500,900,1200,39683,141.8200,141.8200,141.8100,141.8100,0.0400,142.1568,50.0000,141.8565,141.8855,141.8448,0.6500,0.00,0.00,0.00,0.00,0.00,0.00,0.00,0.00
NVDA,1749244881017,141.8500,141.8100,141.8500,900,1200,39683,141.8500,141.8500,141.8500,141.8500,0.0400,142.1568,50.0000,141.8565,141.8855,141.8448,0.6500,0.00,0.00,0.00,0.00,0.00,0.00,0.00,0.00
NVDA,1749244881432,141.8100,141.8100,141.8500,900,1200,39684,141.8500,141.8500,141.8500,141.8500,0.0400,142.1568,50.0000,141.8565,141.8855,141.8448,0.6500,0.00,0.00,0.00,0.00,0.00,0.00,0.00,0.00
NVDA,1749244881432,141.8500,141.8100,141.8500,900,1200,39726,141.8500,141.8500,141.8500,141.8500,0.0400,142.1568,50.0000,141.8565,141.8855,141.8448,0.6500,0.00,0.00,0.00,0.00,0.00,0.00,0.00,0.00
NVDA,1749244881686,141.8500,141.8100,141.8500,900,1200,39726,141.8500,141.8500,141.8500,141.8500,0.0400,142.1568,50.0000,141.8565,141.8855,141.8448,0.6500,0.00,0.00,0.00,0.00,0.00,0.00,0.00,0.00
NVDA,1749244882345,141.8500,141.8100,141.8500,900,1200,39731,141.8500,141.8500,141.8500,141.8500,0.0400,142.1568,50.0000,141.8565,141.8855,141.8448,0.6500,0.00,0.00,0.00,0.00,0.00,0.00,0.00,0.00
NVDA,1749244884692,141.8500,141.8100,141.8500,900,1200,39746,141.8500,141.8500,141.8500,141.8500,0.0400,142.1568,50.0000,141.8565,141.8855,141.8448,0.6500,0.00,0.00,0.00,0.00,0.00,0.00,0.00,0.00
NVDA,1749244884937,141.8500,141.8100,141.8500,900,1200,39746,141.8500,141.8500,141.8500,141.8500,0.0400,142.1568,50.0000,141.8565,141.8855,141.8448,0.6500,0.00,0.00,0.00,0.00,0.00,0.00,0.00,0.00
NVDA,1749244885332,141.8500,141.8100,141.8500,900,1200,39747,141.8500,141.8500,141.8500,141.8500,0.0400,142.1568,50.0000,141.8565,141.8855,141.8448,0.6500,0.00,0.00,0.00,0.00,0.00,0.00,0.00,0.00
NVDA,1749244885332,141.8300,141.8100,141.8500,900,1200,39748,141.8500,141.8500,141.8500,141.8500,0.0400,142.1568,50.0000,141.8565,141.8855,141.8448,0.6500,0.00,0.00,0.00,0.00,0.00,0.00,0.00,0.00
NVDA,1749244886025,141.8300,141.8100,141.8500,900,1200,39748,141.8500,141.8500,141.8500,141.8500,0.0400,142.1568,50.0000,141.8565,141.8855,141.8448,0.6500,0.00,0.00,0.00,0.00,0.00,0.00,0.00,0.00
NVDA,1749244886025,141.8300,141.8100,141.8500,900,1300,39748,141.8500,141.8500,141.8500,141.8500,0.0400,142.1568,50.0000,141.8565,141.8855,141.8448,0.6500,0.00,0.00,0.00,0.00,0.00,0.00,0.00,0.00
NVDA,1749244886691,141.8300,141.8100,141.8500,900,1300,39748,141.8500,141.8500,141.8500,141.8500,0.0400,142.1568,50.0000,141.8565,141.8855,141.8448,0.6500,0.00,0.00,0.00,0.00,0.00,0.00,0.00,0.00
NVDA,1749244887100,141.8500,141.8100,141.8500,900,1300,39749,141.8500,141.8500,141.8500,141.8500,0.0400,142.1568,50.0000,141.8565,141.8855,141.8448,0.6500,0.00,0.00,0.00,0.00,0.00,0.00,0.00,0.00
NVDA,1749244888437,141.8500,141.8100,141.8500,900,1600,39749,141.8500,141.8500,141.8500,141.8500,0.0400,142.1568,50.0000,141.8565,141.8855,141.8448,0.6500,0.00,0.00,0.00,0.00,0.00,0.00,0.00,0.00
NVDA,1749244889196,141.8500,141.8100,141.8500,900,1600,39749,141.8500,141.8500,141.8500,141.8500,0.0400,142.1568,50.0000,141.8565,141.8855,141.8448,0.6500,0.00,0.00,0.00,0.00,0.00,0.00,0.00,0.00
NVDA,1749244889354,141.8500,141.8100,141.8500,900,2600,39749,141.8500,141.8500,141.8500,141.8500,0.0400,142.1568,50.0000,141.8565,141.8855,141.8448,0.6500,0.00,0.00,0.00,0.00,0.00,0.00,0.00,0.00
NVDA,1749244891027,141.8500,141.8100,141.8500,900,2600,39750,141.8500,141.8500,141.8500,141.8500,0.0400,142.1568,50.0000,141.8565,141.8855,141.8448,0.6500,0.00,0.00,0.00,0.00,0.00,0.00,0.00,0.00
NVDA,1749244891944,141.8500,141.8100,141.8500,900,2600,39750,141.8500,141.8500,141.8500,141.8500,0.0400,142.1568,50.0000,141.8565,141.8855,141.8448,0.6500,0.00,0.00,0.00,0.00,0.00,0.00,0.00,0.00
NVDA,1749244892446,141.8300,141.8100,141.8500,900,2600,39752,141.8500,141.8500,141.8500,141.8500,0.0400,142.1568,50.0000,141.8565,141.8855,141.8448,0.6500,0.00,0.00,0.00,0.00,0.00,0.00,0.00,0.00
NVDA,1749244894448,141.8300,141.8100,141.8500,900,2600,39752,141.8500,141.8500,141.8500,141.8500,0.0400,142.1568,50.0000,141.8565,141.8855,141.8448,0.6500,0.00,0.00,0.00,0.00,0.00,0.00,0.00,0.00
NVDA,1749244895063,141.8300,141.8100,141.8500,900,2600,39762,141.8500,141.8500,141.8500,141.8500,0.0400,142.1568,50.0000,141.8565,141.8855,141.8448,0.6500,0.00,0.00,0.00,0.00,0.00,0.00,0.00,0.00
NVDA,1749244895709,141.8300,141.8100,141.8500,900,2600,39762,141.8500,141.8500,141.8500,141.8500,0.0400,142.1568,50.0000,141.8565,141.8855,141.8448,0.6500,0.00,0.00,0.00,0.00,0.00,0.00,0.00,0.00
NVDA,1749244896021,141.8300,141.8100,141.8500,900,2600,39762,141.8500,141.8500,141.8500,141.8500,0.0400,142.1568,50.0000,141.8565,141.8855,141.8448,0.6500,0.00,0.00,0.00,0.00,0.00,0.00,0.00,0.00
NVDA,1749244896322,141.8100,141.8100,141.8500,900,2600,39962,141.8500,141.8500,141.8500,141.8500,0.0400,142.1568,50.0000,141.8565,141.8855,141.8448,0.6500,0.00,0.00,0.00,0.00,0.00,0.00,0.00,0.00
NVDA,1749244896960,141.8100,141.8100,141.8500,900,2600,39962,141.8500,141.8500,141.8500,141.8500,0.0400,142.1568,50.0000,141.8565,141.8855,141.8448,0.6500,0.00,0.00,0.00,0.00,0.00,0.00,0.00,0.00
NVDA,1749244897579,141.8400,141.8100,141.8500,900,2600,39973,141.8500,141.8500,141.8500,141.8500,0.0400,142.1568,50.0000,141.8565,141.8855,141.8448,0.6500,0.00,0.00,0.00,0.00,0.00,0.00,0.00,0.00
NVDA,1749244897579,141.8500,141.8100,141.8500,900,2600,40094,141.8500,141.8500,141.8500,141.8500,0.0400,142.1568,50.0000,141.8565,141.8855,141.8448,0.6500,0.00,0.00,0.00,0.00,0.00,0.00,0.00,0.00
NVDA,1749244897708,141.8500,141.8100,141.8500,900,2600,40094,141.8500,141.8500,141.8500,141.8500,0.0400,142.1568,50.0000,141.8565,141.8855,141.8448,0.6500,0.00,0.00,0.00,0.00,0.00,0.00,0.00,0.00
NVDA,1749244898202,141.8500,141.8100,141.8500,900,2600,40094,141.8500,141.8500,141.8500,141.8500,0.0400,142.1568,50.0000,141.8565,141.8855,141.8448,0.6500,0.00,0.00,0.00,0.00,0.00,0.00,0.00,0.00
NVDA,1749244898202,141.8300,141.8100,141.8500,900,2600,40105,141.8500,141.8500,141.8500,141.8500,0.0400,142.1568,50.0000,141.8565,141.8855,141.8448,0.6500,0.00,0.00,0.00,0.00,0.00,0.00,0.00,0.00
NVDA,1749244898202,141.8200,141.8100,141.8500,900,2600,40119,141.8500,141.8500,141.8500,141.8500,0.0400,142.1568,50.0000,141.8565,141.8855,141.8448,0.6500,0.00,0.00,0.00,0.00,0.00,0.00,0.00,0.00
NVDA,1749244898202,141.8300,141.8100,141.8500,900,2600,40127,141.8500,141.8500,141.8500,141.8500,0.0400,142.1568,50.0000,141.8565,141.8855,141.8448,0.6500,0.00,0.00,0.00,0.00,0.00,0.00,0.00,0.00
NVDA,1749244898202,141.8200,141.8100,141.8500,900,2600,40128,141.8500,141.8500,141.8500,141.8500,0.0400,142.1568,50.0000,141.8565,141.8855,141.8448,0.6500,0.00,0.00,0.00,0.00,0.00,0.00,0.00,0.00
NVDA,1749244900206,141.8200,141.8100,141.8500,900,2600,40128,141.8500,141.8500,141.8500,141.8500,0.0400,142.1568,50.0000,141.8565,141.8855,141.8448,0.6500,0.00,0.00,0.00,0.00,0.00,0.00,0.00,0.00
NVDA,1749244900543,141.8300,141.8100,141.8500,900,2600,40129,141.8500,141.8500,141.8500,141.8500,0.0400,142.1568,50.0000,141.8565,141.8855,141.8448,0.6500,0.00,0.00,0.00,0.00,0.00,0.00,0.00,0.00
NVDA,1749244901023,141.8300,141.8100,141.8500,900,2600,40129,141.8100,141.8100,141.8100,141.8100,0.0400,142.1568,50.0000,141.8565,141.8855,141.8448,0.6500,0.00,0.00,0.00,0.00,0.00,0.00,0.00,0.00
NVDA,1749244901465,141.8300,141.8100,141.8500,900,2600,40129,141.8100,141.8100,141.8100,141.8100,0.0400,142.1568,50.0000,141.8565,141.8855,141.8448,0.6500,0.00,0.00,0.00,0.00,0.00,0.00,0.00,0.00
NVDA,1749244901817,141.8300,141.8100,141.8200,900,100,40129,141.8100,141.8100,141.8100,141.8100,0.0100,142.1568,50.0000,141.8565,141.8855,141.8448,0.6500,0.00,0.00,0.00,0.00,0.00,0.00,0.00,0.00
NVDA,1749244901817,141.8300,141.8100,141.8500,900,2600,40129,141.8100,141.8100,141.8100,141.8100,0.0400,142.1568,50.0000,141.8565,141.8855,141.8448,0.6500,0.00,0.00,0.00,0.00,0.00,0.00,0.00,0.00
NVDA,1749244901817,141.8200,141.8100,141.8500,900,2600,40197,141.8100,141.8100,141.8100,141.8100,0.0400,142.1568,50.0000,141.8565,141.8855,141.8448,0.6500,0.00,0.00,0.00,0.00,0.00,0.00,0.00,0.00
NVDA,1749244901817,141.8200,141.8100,141.8500,900,2700,41104,141.8100,141.8100,141.8100,141.8100,0.0400,142.1568,50.0000,141.8565,141.8855,141.8448,0.6500,0.00,0.00,0.00,0.00,0.00,0.00,0.00,0.00
NVDA,1749244902966,141.8200,141.8100,141.8500,900,2700,41104,141.8100,141.8100,141.8100,141.8100,0.0400,142.1568,50.0000,141.8565,141.8855,141.8448,0.6500,0.00,0.00,0.00,0.00,0.00,0.00,0.00,0.00
NVDA,1749244903627,141.8100,141.8100,141.8500,900,2700,41119,141.8100,141.8100,141.8100,141.8100,0.0400,142.1568,50.0000,141.8565,141.8855,141.8448,0.6500,0.00,0.00,0.00,0.00,0.00,0.00,0.00,0.00
NVDA,1749244904214,141.8100,141.8100,141.8500,900,2700,41119,141.8100,141.8100,141.8100,141.8100,0.0400,142.1568,50.0000,141.8565,141.8855,141.8448,0.6500,0.00,0.00,0.00,0.00,0.00,0.00,0.00,0.00
NVDA,1749244904384,141.8100,141.8100,141.8200,900,1000,41119,141.8100,141.8100,141.8100,141.8100,0.0100,142.1568,50.0000,141.8565,141.8855,141.8448,0.6500,0.00,0.00,0.00,0.00,0.00,0.00,0.00,0.00
NVDA,1749244904384,141.8200,141.8100,141.8200,900,1000,41120,141.8100,141.8100,141.8100,141.8100,0.0100,142.1568,50.0000,141.8565,141.8855,141.8448,0.6500,0.00,0.00,0.00,0.00,0.00,0.00,0.00,0.00
NVDA,1749244905217,141.8200,141.8100,141.8200,900,1000,41120,141.8100,141.8100,141.8100,141.8100,0.0100,142.1568,50.0000,141.8565,141.8855,141.8448,0.6500,0.00,0.00,0.00,0.00,0.00,0.00,0.00,0.00
NVDA,1749244905801,141.8200,141.8100,141.8200,900,2000,41120,141.8100,141.8100,141.8100,141.8100,0.0100,142.1568,50.0000,141.8565,141.8855,141.8448,0.6500,0.00,0.00,0.00,0.00,0.00,0.00,0.00,0.00
NVDA,1749244905801,141.8200,141.8100,141.8200,900,1800,41120,141.8100,141.8100,141.8100,141.8100,0.0100,142.1568,50.0000,141.8565,141.8855,141.8448,0.6500,0.00,0.00,0.00,0.00,0.00,0.00,0.00,0.00
NVDA,1749244906027,141.8200,141.8100,141.8200,900,1800,41239,141.8200,141.8200,141.8200,141.8200,0.0100,142.1568,50.0000,141.8565,141.8855,141.8448,0.6500,0.00,0.00,0.00,0.00,0.00,0.00,0.00,0.00
NVDA,1749244906469,141.8200,141.8100,141.8200,900,1800,41239,141.8200,141.8200,141.8200,141.8200,0.0100,142.1568,50.0000,141.8565,141.8855,141.8448,0.6500,0.00,0.00,0.00,0.00,0.00,0.00,0.00,0.00
NVDA,1749244906794,141.8200,141.8100,141.8200,600,1800,41239,141.8200,141.8200,141.8200,141.8200,0.0100,142.1568,50.0000,141.8565,141.8855,141.8448,0.6500,0.00,0.00,0.00,0.00,0.00,0.00,0.00,0.00
NVDA,1749244906794,141.8200,141.8100,141.8200,500,1800,41239,141.8200,141.8200,141.8200,141.8200,0.0100,142.1568,50.0000,141.8565,141.8855,141.8448,0.6500,0.00,0.00,0.00,0.00,0.00,0.00,0.00,0.00
NVDA,1749244906794,141.8100,141.8100,141.8200,500,1800,41539,141.8200,141.8200,141.8200,141.8200,0.0100,142.1568,50.0000,141.8565,141.8855,141.8448,0.6500,0.00,0.00,0.00,0.00,0.00,0.00,0.00,0.00
NVDA,1749244906794,141.8100,141.8000,141.8200,300,1800,41639,141.8200,141.8200,141.8200,141.8200,0.0200,142.1568,50.0000,141.8565,141.8855,141.8448,0.6500,0.00,0.00,0.00,0.00,0.00,0.00,0.00,0.00
NVDA,1749244906794,141.8100,141.8000,141.8200,200,1800,41639,141.8200,141.8200,141.8200,141.8200,0.0200,142.1568,50.0000,141.8565,141.8855,141.8448,0.6500,0.00,0.00,0.00,0.00,0.00,0.00,0.00,0.00
NVDA,1749244907219,141.8100,141.8000,141.8200,200,1800,42228,141.8200,141.8200,141.8200,141.8200,0.0200,142.1568,50.0000,141.8565,141.8855,141.8448,0.6500,0.00,0.00,0.00,0.00,0.00,0.00,0.00,0.00
NVDA,1749244907730,141.8000,141.8000,141.8200,200,1800,42278,141.8200,141.8200,141.8200,141.8200,0.0200,142.1568,50.0000,141.8565,141.8855,141.8448,0.6500,0.00,0.00,0.00,0.00,0.00,0.00,0.00,0.00
NVDA,1749244908968,141.8000,141.8000,141.8200,200,1800,42278,141.8200,141.8200,141.8200,141.8200,0.0200,142.1568,50.0000,141.8565,141.8855,141.8448,0.6500,0.00,0.00,0.00,0.00,0.00,0.00,0.00,0.00
NVDA,1749244909162,141.8000,141.8000,141.8200,200,2000,42278,141.8200,141.8200,141.8200,141.8200,0.0200,142.1568,50.0000,141.8565,141.8855,141.8448,0.6500,0.00,0.00,0.00,0.00,0.00,0.00,0.00,0.00
NVDA,1749244910463,141.8000,141.8000,141.8200,200,2000,42279,141.8200,141.8200,141.8200,141.8200,0.0200,142.1568,50.0000,141.8565,141.8855,141.8448,0.6500,0.00,0.00,0.00,0.00,0.00,0.00,0.00,0.00
NVDA,1749244910981,141.8000,141.8000,141.8200,200,2000,42280,141.8200,141.8200,141.8200,141.8200,0.0200,142.1568,50.0000,141.8565,141.8855,141.8448,0.6500,0.00,0.00,0.00,0.00,0.00,0.00,0.00,0.00
NVDA,1749244910981,141.8000,141.8000,141.8200,100,2000,42379,141.8200,141.8200,141.8200,141.8200,0.0200,142.1568,50.0000,141.8565,141.8855,141.8448,0.6500,0.00,0.00,0.00,0.00,0.00,0.00,0.00,0.00
NVDA,1749244911967,141.8000,141.8000,141.8200,100,2000,42379,141.8100,141.8100,141.8100,141.8100,0.0200,142.1568,50.0000,141.8565,141.8855,141.8448,0.6500,0.00,0.00,0.00,0.00,0.00,0.00,0.00,0.00
NVDA,1749244912218,141.8000,141.8000,141.8200,100,2000,42379,141.8100,141.8100,141.8100,141.8100,0.0200,142.1568,50.0000,141.8565,141.8855,141.8448,0.6500,0.00,0.00,0.00,0.00,0.00,0.00,0.00,0.00
NVDA,1749244912463,141.8000,141.8000,141.8200,100,2000,42380,141.8100,141.8100,141.8100,141.8100,0.0200,142.1568,50.0000,141.8565,141.8855,141.8448,0.6500,0.00,0.00,0.00,0.00,0.00,0.00,0.00,0.00
NVDA,1749244912463,141.8100,141.8000,141.8200,100,2000,42381,141.8100,141.8100,141.8100,141.8100,0.0200,142.1568,50.0000,141.8565,141.8855,141.8448,0.6500,0.00,0.00,0.00,0.00,0.00,0.00,0.00,0.00
NVDA,1749244913220,141.8100,141.8000,141.8200,100,2000,42381,141.8100,141.8100,141.8100,141.8100,0.0200,142.1568,50.0000,141.8565,141.8855,141.8448,0.6500,0.00,0.00,0.00,0.00,0.00,0.00,0.00,0.00
NVDA,1749244913473,141.8100,141.8000,141.8200,100,2000,42381,141.8100,141.8100,141.8100,141.8100,0.0200,142.1568,50.0000,141.8565,141.8855,141.8448,0.6500,0.00,0.00,0.00,0.00,0.00,0.00,0.00,0.00
NVDA,1749244913598,141.8000,141.8000,141.8200,100,2000,42382,141.8100,141.8100,141.8100,141.8100,0.0200,142.1568,50.0000,141.8565,141.8855,141.8448,0.6500,0.00,0.00,0.00,0.00,0.00,0.00,0.00,0.00
NVDA,1749244913598,141.8100,141.8000,141.8200,100,2000,42383,141.8100,141.8100,141.8100,141.8100,0.0200,142.1568,50.0000,141.8565,141.8855,141.8448,0.6500,0.00,0.00,0.00,0.00,0.00,0.00,0.00,0.00
NVDA,1749244914222,141.8100,141.8000,141.8200,100,2000,42383,141.8100,141.8100,141.8100,141.8100,0.0200,142.1568,50.0000,141.8565,141.8855,141.8448,0.6500,0.00,0.00,0.00,0.00,0.00,0.00,0.00,0.00
NVDA,1749244914886,141.8100,141.8000,141.8200,100,2000,42392,141.8100,141.8100,141.8100,141.8100,0.0200,142.1568,50.0000,141.8565,141.8855,141.8448,0.6500,0.00,0.00,0.00,0.00,0.00,0.00,0.00,0.00
NVDA,1749244914979,141.8100,141.8000,141.8200,100,2000,42392,141.8100,141.8100,141.8100,141.8100,0.0200,142.1568,50.0000,141.8565,141.8855,141.8448,0.6500,0.00,0.00,0.00,0.00,0.00,0.00,0.00,0.00
NVDA,1749244915472,141.8100,141.8000,141.8200,100,2000,42392,141.8100,141.8100,141.8100,141.8100,0.0200,142.1568,50.0000,141.8565,141.8855,141.8448,0.6500,0.00,0.00,0.00,0.00,0.00,0.00,0.00,0.00
NVDA,1749244915615,141.8100,141.8000,141.8200,100,2000,42393,141.8100,141.8100,141.8100,141.8100,0.0200,142.1568,50.0000,141.8565,141.8855,141.8448,0.6500,0.00,0.00,0.00,0.00,0.00,0.00,0.00,0.00
NVDA,1749244915615,141.8200,141.8000,141.8200,100,2000,43194,141.8100,141.8100,141.8100,141.8100,0.0200,142.1568,50.0000,141.8565,141.8855,141.8448,0.6500,0.00,0.00,0.00,0.00,0.00,0.00,0.00,0.00
NVDA,1749244915781,141.8200,141.8000,141.8200,100,2000,43194,141.8100,141.8100,141.8100,141.8100,0.0200,142.1568,50.0000,141.8565,141.8855,141.8448,0.6500,0.00,0.00,0.00,0.00,0.00,0.00,0.00,0.00
NVDA,1749244916279,141.8200,141.8000,141.8200,100,2000,43194,141.8100,141.8100,141.8100,141.8100,0.0200,142.1568,50.0000,141.8565,141.8855,141.8448,0.6500,0.00,0.00,0.00,0.00,0.00,0.00,0.00,0.00
NVDA,1749244916817,141.8200,141.8000,141.8200,100,1200,43194,141.8100,141.8100,141.8100,141.8100,0.0200,142.1568,50.0000,141.8565,141.8855,141.8448,0.6500,0.00,0.00,0.00,0.00,0.00,0.00,0.00,0.00
NVDA,1749244916817,141.8200,141.8000,141.8100,100,800,43194,141.8100,141.8100,141.8100,141.8100,0.0100,142.1568,50.0000,141.8565,141.8855,141.8448,0.6500,0.00,0.00,0.00,0.00,0.00,0.00,0.00,0.00
NVDA,1749244916817,141.8100,141.8000,141.8100,100,800,43239,141.8100,141.8100,141.8100,141.8100,0.0100,142.1568,50.0000,141.8565,141.8855,141.8448,0.6500,0.00,0.00,0.00,0.00,0.00,0.00,0.00,0.00
NVDA,1749244918474,141.8100,141.8000,141.8100,100,800,43240,141.8100,141.8100,141.8100,141.8100,0.0100,142.1568,50.0000,141.8565,141.8855,141.8448,0.6500,0.00,0.00,0.00,0.00,0.00,0.00,0.00,0.00
NVDA,1749244918981,141.8100,141.8000,141.8100,100,800,43240,141.8100,141.8100,141.8100,141.8100,0.0100,142.1568,50.0000,141.8565,141.8855,141.8448,0.6500,0.00,0.00,0.00,0.00,0.00,0.00,0.00,0.00
NVDA,1749244919105,141.8100,141.8000,141.8200,100,1200,43240,141.8100,141.8100,141.8100,141.8100,0.0200,142.1568,50.0000,141.8565,141.8855,141.8448,0.6500,0.00,0.00,0.00,0.00,0.00,0.00,0.00,0.00
NVDA,1749244919105,141.8100,141.7900,141.8200,200,1200,43240,141.8100,141.8100,141.8100,141.8100,0.0300,142.1568,50.0000,141.8565,141.8855,141.8448,0.6500,0.00,0.00,0.00,0.00,0.00,0.00,0.00,0.00
NVDA,1749244919105,141.8100,141.7900,141.8000,200,600,43240,141.8100,141.8100,141.8100,141.8100,0.0100,142.1568,50.0000,141.8565,141.8855,141.8448,0.6500,0.00,0.00,0.00,0.00,0.00,0.00,0.00,0.00
NVDA,1749244919105,141.8000,141.7900,141.8000,200,600,43402,141.8100,141.8100,141.8100,141.8100,0.0100,142.1568,50.0000,141.8565,141.8855,141.8448,0.6500,0.00,0.00,0.00,0.00,0.00,0.00,0.00,0.00
NVDA,1749244919981,141.8000,141.7900,141.8000,200,600,43703,141.8100,141.8100,141.8100,141.8100,0.0100,142.1568,50.0000,141.8565,141.8855,141.8448,0.6500,0.00,0.00,0.00,0.00,0.00,0.00,0.00,0.00
NVDA,1749244920689,141.7900,141.7900,141.8000,200,600,43704,141.8100,141.8100,141.8100,141.8100,0.0100,142.1568,50.0000,141.8452,141.8791,141.8296,0.7200,0.00,0.00,0.00,0.00,0.00,0.00,0.00,0.00
NVDA,1749244921016,141.7900,141.7900,141.8000,200,600,43704,141.8200,141.8200,141.8000,141.8000,0.0100,142.1568,50.0000,141.8452,141.8791,141.8296,0.7200,0.00,0.00,0.00,0.00,0.00,0.00,0.00,0.00
NVDA,1749244921233,141.7900,141.7900,141.8000,200,600,43704,141.8200,141.8200,141.8000,141.8000,0.0100,142.1568,50.0000,141.8452,141.8791,141.8296,0.7200,0.00,0.00,0.00,0.00,0.00,0.00,0.00,0.00
NVDA,1749244921825,141.8000,141.7900,141.8000,200,600,43705,141.8200,141.8200,141.8000,141.8000,0.0100,142.1568,50.0000,141.8452,141.8791,141.8296,0.7200,0.00,0.00,0.00,0.00,0.00,0.00,0.00,0.00
NVDA,1749244922232,141.8000,141.7900,141.8000,200,600,43705,141.8200,141.8200,141.8000,141.8000,0.0100,142.1568,50.0000,141.8452,141.8791,141.8296,0.7200,0.00,0.00,0.00,0.00,0.00,0.00,0.00,0.00
NVDA,1749244922629,141.8000,141.7900,141.8000,200,600,45805,141.8200,141.8200,141.8000,141.8000,0.0100,142.1568,50.0000,141.8452,141.8791,141.8296,0.7200,0.00,0.00,0.00,0.00,0.00,0.00,0.00,0.00
NVDA,1749244922629,141.8000,141.7900,141.8200,200,1100,46307,141.8200,141.8200,141.8000,141.8000,0.0300,142.1568,50.0000,141.8452,141.8791,141.8296,0.7200,0.00,0.00,0.00,0.00,0.00,0.00,0.00,0.00
NVDA,1749244922629,141.8000,141.7900,141.8000,200,600,46307,141.8200,141.8200,141.8000,141.8000,0.0100,142.1568,50.0000,141.8452,141.8791,141.8296,0.7200,0.00,0.00,0.00,0.00,0.00,0.00,0.00,0.00
NVDA,1749244924238,141.8000,141.7900,141.8000,200,600,46307,141.8200,141.8200,141.8000,141.8000,0.0100,142.1568,50.0000,141.8452,141.8791,141.8296,0.7200,0.00,0.00,0.00,0.00,0.00,0.00,0.00,0.00
NVDA,1749244924733,141.8000,141.7900,141.8000,200,600,46307,141.8200,141.8200,141.8000,141.8000,0.0100,142.1568,50.0000,141.8452,141.8791,141.8296,0.7200,0.00,0.00,0.00,0.00,0.00,0.00,0.00,0.00
NVDA,1749244924823,141.7900,141.7900,141.8000,200,600,46317,141.8200,141.8200,141.8000,141.8000,0.0100,142.1568,50.0000,141.8452,141.8791,141.8296,0.7200,0.00,0.00,0.00,0.00,0.00,0.00,0.00,0.00
NVDA,1749244924823,141.8000,141.7900,141.8000,200,600,46318,141.8200,141.8200,141.8000,141.8000,0.0100,142.1568,50.0000,141.8452,141.8791,141.8296,0.7200,0.00,0.00,0.00,0.00,0.00,0.00,0.00,0.00
NVDA,1749244925237,141.8000,141.7900,141.8000,200,600,46318,141.8200,141.8200,141.8000,141.8000,0.0100,142.1568,50.0000,141.8452,141.8791,141.8296,0.7200,0.00,0.00,0.00,0.00,0.00,0.00,0.00,0.00
NVDA,1749244925630,141.8000,141.7900,141.8000,200,600,46408,141.8200,141.8200,141.8000,141.8000,0.0100,142.1568,50.0000,141.8452,141.8791,141.8296,0.7200,0.00,0.00,0.00,0.00,0.00,0.00,0.00,0.00
NVDA,1749244926018,141.8000,141.7900,141.8000,200,600,46408,141.8000,141.8000,141.8000,141.8000,0.0100,142.1568,50.0000,141.8452,141.8791,141.8296,0.7200,0.00,0.00,0.00,0.00,0.00,0.00,0.00,0.00
NVDA,1749244928487,141.8000,141.7900,141.8000,200,600,46408,141.8000,141.8000,141.8000,141.8000,0.0100,142.1568,50.0000,141.8452,141.8791,141.8296,0.7200,0.00,0.00,0.00,0.00,0.00,0.00,0.00,0.00
NVDA,1749244928975,141.7900,141.7900,141.8000,200,600,46416,141.8000,141.8000,141.8000,141.8000,0.0100,142.1568,50.0000,141.8452,141.8791,141.8296,0.7200,0.00,0.00,0.00,0.00,0.00,0.00,0.00,0.00
NVDA,1749244928975,141.8000,141.7900,141.8000,200,600,46424,141.8000,141.8000,141.8000,141.8000,0.0100,142.1568,50.0000,141.8452,141.8791,141.8296,0.7200,0.00,0.00,0.00,0.00,0.00,0.00,0.00,0.00
NVDA,1749244929486,141.8000,141.7900,141.8000,200,600,46424,141.8000,141.8000,141.8000,141.8000,0.0100,142.1568,50.0000,141.8452,141.8791,141.8296,0.7200,0.00,0.00,0.00,0.00,0.00,0.00,0.00,0.00
NVDA,1749244930102,141.7900,141.7900,141.8000,200,600,46425,141.8000,141.8000,141.8000,141.8000,0.0100,142.1568,50.0000,141.8452,141.8791,141.8296,0.7200,0.00,0.00,0.00,0.00,0.00,0.00,0.00,0.00
NVDA,1749244930497,141.7900,141.7900,141.8000,200,600,46425,141.8000,141.8000,141.8000,141.8000,0.0100,142.1568,50.0000,141.8452,141.8791,141.8296,0.7200,0.00,0.00,0.00,0.00,0.00,0.00,0.00,0.00
NVDA,1749244931024,141.7900,141.7900,141.8000,200,600,46425,141.8000,141.8000,141.8000,141.8000,0.0100,142.1568,50.0000,141.8452,141.8791,141.8296,0.7200,0.00,0.00,0.00,0.00,0.00,0.00,0.00,0.00
NVDA,1749244931250,141.7900,141.7900,141.8000,200,600,46426,141.8000,141.8000,141.8000,141.8000,0.0100,142.1568,50.0000,141.8452,141.8791,141.8296,0.7200,0.00,0.00,0.00,0.00,0.00,0.00,0.00,0.00
NVDA,1749244931810,141.7900,141.7900,141.8000,200,600,46427,141.8000,141.8000,141.8000,141.8000,0.0100,142.1568,50.0000,141.8452,141.8791,141.8296,0.7200,0.00,0.00,0.00,0.00,0.00,0.00,0.00,0.00
NVDA,1749244933498,141.7900,141.7900,141.8000,200,600,46427,141.8000,141.8000,141.8000,141.8000,0.0100,142.1568,50.0000,141.8452,141.8791,141.8296,0.7200,0.00,0.00,0.00,0.00,0.00,0.00,0.00,0.00
NVDA,1749244933934,141.7900,141.7900,141.8000,200,600,46428,141.8000,141.8000,141.8000,141.8000,0.0100,142.1568,50.0000,141.8452,141.8791,141.8296,0.7200,0.00,0.00,0.00,0.00,0.00,0.00,0.00,0.00
NVDA,1749244934515,141.7900,141.7900,141.8000,200,600,46473,141.8000,141.8000,141.8000,141.8000,0.0100,142.1568,50.0000,141.8452,141.8791,141.8296,0.7200,0.00,0.00,0.00,0.00,0.00,0.00,0.00,0.00
NVDA,1749244935747,141.7900,141.7900,141.8000,200,600,46474,141.8000,141.8000,141.8000,141.8000,0.0100,142.1568,50.0000,141.8452,141.8791,141.8296,0.7200,0.00,0.00,0.00,0.00,0.00,0.00,0.00,0.00
NVDA,1749244936017,141.7900,141.7900,141.8000,200,600,46474,141.8000,141.8000,141.8000,141.8000,0.0100,142.1568,50.0000,141.8452,141.8791,141.8296,0.7200,0.00,0.00,0.00,0.00,0.00,0.00,0.00,0.00
NVDA,1749244936095,141.7900,141.7900,141.8000,300,600,46474,141.8000,141.8000,141.8000,141.8000,0.0100,142.1568,50.0000,141.8452,141.8791,141.8296,0.7200,0.00,0.00,0.00,0.00,0.00,0.00,0.00,0.00
NVDA,1749244936753,141.7900,141.7900,141.8000,300,600,46475,141.8000,141.8000,141.8000,141.8000,0.0100,142.1568,50.0000,141.8452,141.8791,141.8296,0.7200,0.00,0.00,0.00,0.00,0.00,0.00,0.00,0.00
NVDA,1749244937287,141.8000,141.7900,141.8000,300,600,46485,141.8000,141.8000,141.8000,141.8000,0.0100,142.1568,50.0000,141.8452,141.8791,141.8296,0.7200,0.00,0.00,0.00,0.00,0.00,0.00,0.00,0.00
NVDA,1749244938808,141.8000,141.7900,141.8000,300,900,46485,141.8000,141.8000,141.8000,141.8000,0.0100,142.1568,50.0000,141.8452,141.8791,141.8296,0.7200,0.00,0.00,0.00,0.00,0.00,0.00,0.00,0.00
NVDA,1749244939467,141.8000,141.7900,141.8000,300,1500,46485,141.8000,141.8000,141.8000,141.8000,0.0100,142.1568,50.0000,141.8452,141.8791,141.8296,0.7200,0.00,0.00,0.00,0.00,0.00,0.00,0.00,0.00
NVDA,1749244940756,141.8000,141.7900,141.8000,300,1500,46485,141.8000,141.8000,141.8000,141.8000,0.0100,142.1568,50.0000,141.8452,141.8791,141.8296,0.7200,0.00,0.00,0.00,0.00,0.00,0.00,0.00,0.00
NVDA,1749244941010,141.8000,141.7900,141.8000,300,1500,46485,141.8000,141.8000,141.8000,141.8000,0.0100,142.1568,50.0000,141.8452,141.8791,141.8296,0.7200,0.00,0.00,0.00,0.00,0.00,0.00,0.00,0.00
NVDA,1749244941428,141.7900,141.7900,141.8000,300,1500,46488,141.8000,141.8000,141.8000,141.8000,0.0100,142.1568,50.0000,141.8452,141.8791,141.8296,0.7200,0.00,0.00,0.00,0.00,0.00,0.00,0.00,0.00
NVDA,1749244941428,141.8000,141.7900,141.8000,300,1500,46518,141.8000,141.8000,141.8000,141.8000,0.0100,142.1568,50.0000,141.8452,141.8791,141.8296,0.7200,0.00,0.00,0.00,0.00,0.00,0.00,0.00,0.00
NVDA,1749244941428,141.7900,141.7900,141.8000,300,1500,46539,141.8000,141.8000,141.8000,141.8000,0.0100,142.1568,50.0000,141.8452,141.8791,141.8296,0.7200,0.00,0.00,0.00,0.00,0.00,0.00,0.00,0.00
NVDA,1749244943014,141.7900,141.7900,141.8000,300,1500,46539,141.8000,141.8000,141.8000,141.8000,0.0100,142.1568,50.0000,141.8452,141.8791,141.8296,0.7200,0.00,0.00,0.00,0.00,0.00,0.00,0.00,0.00
NVDA,1749244943506,141.7900,141.7900,141.8000,300,1500,46539,141.8000,141.8000,141.8000,141.8000,0.0100,142.1568,50.0000,141.8452,141.8791,141.8296,0.7200,0.00,0.00,0.00,0.00,0.00,0.00,0.00,0.00
NVDA,1749244943707,141.7900,141.7900,141.8000,300,1500,46542,141.8000,141.8000,141.8000,141.8000,0.0100,142.1568,50.0000,141.8452,141.8791,141.8296,0.7200,0.00,0.00,0.00,0.00,0.00,0.00,0.00,0.00
NVDA,1749244943707,141.8000,141.7900,141.8000,300,1500,46699,141.8000,141.8000,141.8000,141.8000,0.0100,142.1568,50.0000,141.8452,141.8791,141.8296,0.7200,0.00,0.00,0.00,0.00,0.00,0.00,0.00,0.00
NVDA,1749244944518,141.8000,141.7900,141.8000,300,1500,46699,141.8000,141.8000,141.8000,141.8000,0.0100,142.1568,50.0000,141.8452,141.8791,141.8296,0.7200,0.00,0.00,0.00,0.00,0.00,0.00,0.00,0.00
NVDA,1749244945065,141.8000,141.7900,141.8000,300,1500,46714,141.8000,141.8000,141.8000,141.8000,0.0100,142.1568,50.0000,141.8452,141.8791,141.8296,0.7200,0.00,0.00,0.00,0.00,0.00,0.00,0.00,0.00
NVDA,1749244945509,141.8000,141.7900,141.8000,300,1500,46729,141.8000,141.8000,141.8000,141.8000,0.0100,142.1568,50.0000,141.8452,141.8791,141.8296,0.7200,0.00,0.00,0.00,0.00,0.00,0.00,0.00,0.00
NVDA,1749244946022,141.8000,141.7900,141.8000,300,1500,46729,141.8000,141.8000,141.8000,141.8000,0.0100,142.1568,50.0000,141.8452,141.8791,141.8296,0.7200,0.00,0.00,0.00,0.00,0.00,0.00,0.00,0.00
NVDA,1749244946022,141.7900,141.7900,141.8000,300,1500,46730,141.8000,141.8000,141.8000,141.8000,0.0100,142.1568,50.0000,141.8452,141.8791,141.8296,0.7200,0.00,0.00,0.00,0.00,0.00,0.00,0.00,0.00
NVDA,1749244946509,141.7900,141.7900,141.8000,300,1500,46730,141.8000,141.8000,141.8000,141.8000,0.0100,142.1568,50.0000,141.8452,141.8791,141.8296,0.7200,0.00,0.00,0.00,0.00,0.00,0.00,0.00,0.00
NVDA,1749244946760,141.7900,141.7900,141.8000,100,1500,46730,141.8000,141.8000,141.8000,141.8000,0.0100,142.1568,50.0000,141.8452,141.8791,141.8296,0.7200,0.00,0.00,0.00,0.00,0.00,0.00,0.00,0.00
NVDA,1749244947014,141.7900,141.7900,141.8000,100,1500,46735,141.8000,141.8000,141.8000,141.8000,0.0100,142.1568,50.0000,141.8452,141.8791,141.8296,0.7200,0.00,0.00,0.00,0.00,0.00,0.00,0.00,0.00
NVDA,1749244947267,141.7900,141.7900,141.8000,100,1500,46735,141.8000,141.8000,141.8000,141.8000,0.0100,142.1568,50.0000,141.8452,141.8791,141.8296,0.7200,0.00,0.00,0.00,0.00,0.00,0.00,0.00,0.00
NVDA,1749244947560,141.7900,141.7900,141.8000,100,1600,46735,141.8000,141.8000,141.8000,141.8000,0.0100,142.1568,50.0000,141.8452,141.8791,141.8296,0.7200,0.00,0.00,0.00,0.00,0.00,0.00,0.00,0.00
NVDA,1749244947560,141.8000,141.7900,141.8000,100,1600,46736,141.8000,141.8000,141.8000,141.8000,0.0100,142.1568,50.0000,141.8452,141.8791,141.8296,0.7200,0.00,0.00,0.00,0.00,0.00,0.00,0.00,0.00
NVDA,1749244949509,141.8000,141.7900,141.8000,100,1000,46764,141.8000,141.8000,141.8000,141.8000,0.0100,142.1568,50.0000,141.8452,141.8791,141.8296,0.7200,0.00,0.00,0.00,0.00,0.00,0.00,0.00,0.00
NVDA,1749244949773,141.8000,141.7900,141.8000,100,1000,46764,141.8000,141.8000,141.8000,141.8000,0.0100,142.1568,50.0000,141.8452,141.8791,141.8296,0.7200,0.00,0.00,0.00,0.00,0.00,0.00,0.00,0.00
NVDA,1749244950507,141.7900,141.7900,141.8000,100,1000,46769,141.8000,141.8000,141.8000,141.8000,0.0100,142.1568,50.0000,141.8452,141.8791,141.8296,0.7200,0.00,0.00,0.00,0.00,0.00,0.00,0.00,0.00
NVDA,1749244951021,141.7900,141.7900,141.8000,100,1000,46784,141.8000,141.8000,141.8000,141.8000,0.0100,142.1568,50.0000,141.8452,141.8791,141.8296,0.7200,0.00,0.00,0.00,0.00,0.00,0.00,0.00,0.00
NVDA,1749244951156,141.7900,141.7900,141.8000,100,1000,46791,141.8000,141.8000,141.8000,141.8000,0.0100,142.1568,50.0000,141.8452,141.8791,141.8296,0.7200,0.00,0.00,0.00,0.00,0.00,0.00,0.00,0.00
NVDA,1749244951156,141.8000,141.7900,141.8000,100,1000,46792,141.8000,141.8000,141.8000,141.8000,0.0100,142.1568,50.0000,141.8452,141.8791,141.8296,0.7200,0.00,0.00,0.00,0.00,0.00,0.00,0.00,0.00
NVDA,1749244954267,141.8000,141.7900,141.8000,100,1000,46792,141.8000,141.8000,141.8000,141.8000,0.0100,142.1568,50.0000,141.8452,141.8791,141.8296,0.7200,0.00,0.00,0.00,0.00,0.00,0.00,0.00,0.00
NVDA,1749244954522,141.8000,141.7900,141.8000,100,1000,46792,141.8000,141.8000,141.8000,141.8000,0.0100,142.1568,50.0000,141.8452,141.8791,141.8296,0.7200,0.00,0.00,0.00,0.00,0.00,0.00,0.00,0.00
NVDA,1749244954758,141.8000,141.7900,141.8000,100,1000,46817,141.8000,141.8000,141.8000,141.8000,0.0100,142.1568,50.0000,141.8452,141.8791,141.8296,0.7200,0.00,0.00,0.00,0.00,0.00,0.00,0.00,0.00
NVDA,1749244954758,141.7900,141.7900,141.8000,100,1000,46857,141.8000,141.8000,141.8000,141.8000,0.0100,142.1568,50.0000,141.8452,141.8791,141.8296,0.7200,0.00,0.00,0.00,0.00,0.00,0.00,0.00,0.00
NVDA,1749244955271,141.7900,141.7900,141.8000,100,1000,46857,141.8000,141.8000,141.8000,141.8000,0.0100,142.1568,50.0000,141.8452,141.8791,141.8296,0.7200,0.00,0.00,0.00,0.00,0.00,0.00,0.00,0.00
NVDA,1749244955847,141.7900,141.7900,141.8000,100,1000,46868,141.8000,141.8000,141.8000,141.8000,0.0100,142.1568,50.0000,141.8452,141.8791,141.8296,0.7200,0.00,0.00,0.00,0.00,0.00,0.00,0.00,0.00
NVDA,1749244956015,141.7900,141.7900,141.8000,100,1000,46868,141.8000,141.8000,141.8000,141.8000,0.0100,142.1568,50.0000,141.8452,141.8791,141.8296,0.7200,0.00,0.00,0.00,0.00,0.00,0.00,0.00,0.00
NVDA,1749244956779,141.7900,141.7900,141.8000,100,900,46868,141.8000,141.8000,141.8000,141.8000,0.0100,142.1568,50.0000,141.8452,141.8791,141.8296,0.7200,0.00,0.00,0.00,0.00,0.00,0.00,0.00,0.00
NVDA,1749244956779,141.8000,141.7900,141.8000,100,900,46910,141.8000,141.8000,141.8000,141.8000,0.0100,142.1568,50.0000,141.8452,141.8791,141.8296,0.7200,0.00,0.00,0.00,0.00,0.00,0.00,0.00,0.00
NVDA,1749244957349,141.7900,141.7900,141.8000,100,900,46912,141.8000,141.8000,141.8000,141.8000,0.0100,142.1568,50.0000,141.8452,141.8791,141.8296,0.7200,0.00,0.00,0.00,0.00,0.00,0.00,0.00,0.00
NVDA,1749244958779,141.7900,141.7900,141.8000,100,900,46912,141.8000,141.8000,141.8000,141.8000,0.0100,142.1568,50.0000,141.8452,141.8791,141.8296,0.7200,0.00,0.00,0.00,0.00,0.00,0.00,0.00,0.00
NVDA,1749244959028,141.7900,141.7900,141.8000,100,900,46912,141.8000,141.8000,141.8000,141.8000,0.0100,142.1568,50.0000,141.8452,141.8791,141.8296,0.7200,0.00,0.00,0.00,0.00,0.00,0.00,0.00,0.00
NVDA,1749244959262,141.7900,141.7900,141.8000,100,900,46932,141.8000,141.8000,141.8000,141.8000,0.0100,142.1568,50.0000,141.8452,141.8791,141.8296,0.7200,0.00,0.00,0.00,0.00,0.00,0.00,0.00,0.00
NVDA,1749244960031,141.7900,141.7900,141.8000,100,900,46933,141.8000,141.8000,141.8000,141.8000,0.0100,142.1568,50.0000,141.8452,141.8791,141.8296,0.7200,0.00,0.00,0.00,0.00,0.00,0.00,0.00,0.00
NVDA,1749244960616,141.8000,141.7900,141.8000,100,900,46934,141.8000,141.8000,141.8000,141.8000,0.0100,142.1568,50.0000,141.8452,141.8791,141.8296,0.7200,0.00,0.00,0.00,0.00,0.00,0.00,0.00,0.00
NVDA,1749244960788,141.8000,141.7900,141.8000,100,900,46934,141.8000,141.8000,141.8000,141.8000,0.0100,142.1568,50.0000,141.8452,141.8791,141.8296,0.7200,0.00,0.00,0.00,0.00,0.00,0.00,0.00,0.00
NVDA,1749244960956,141.8000,141.7900,141.8000,100,900,46934,141.8000,141.8000,141.8000,141.8000,0.0100,142.1568,50.0000,141.8452,141.8791,141.8296,0.7200,0.00,0.00,0.00,0.00,0.00,0.00,0.00,0.00
NVDA,1749244961213,141.7900,141.7900,141.8000,100,900,47096,141.8000,141.8000,141.8000,141.8000,0.0100,142.1568,50.0000,141.8452,141.8791,141.8296,0.7200,0.00,0.00,0.00,0.00,0.00,0.00,0.00,0.00
NVDA,1749244961213,141.7900,141.7800,141.8000,500,900,47111,141.8000,141.8000,141.8000,141.8000,0.0200,142.1568,50.0000,141.8452,141.8791,141.8296,0.7200,0.00,0.00,0.00,0.00,0.00,0.00,0.00,0.00
NVDA,1749244961213,141.7900,141.7800,141.7900,500,100,47111,141.8000,141.8000,141.8000,141.8000,0.0100,142.1568,50.0000,141.8452,141.8791,141.8296,0.7200,0.00,0.00,0.00,0.00,0.00,0.00,0.00,0.00
NVDA,1749244963539,141.7900,141.7800,141.7900,500,100,47112,141.8000,141.8000,141.8000,141.8000,0.0100,142.1568,50.0000,141.8452,141.8791,141.8296,0.7200,0.00,0.00,0.00,0.00,0.00,0.00,0.00,0.00
NVDA,1749244963948,141.7900,141.7800,141.7900,500,100,47162,141.8000,141.8000,141.8000,141.8000,0.0100,142.1568,50.0000,141.8452,141.8791,141.8296,0.7200,0.00,0.00,0.00,0.00,0.00,0.00,0.00,0.00
NVDA,1749244963948,141.7900,141.7800,141.8000,500,900,47162,141.8000,141.8000,141.8000,141.8000,0.0200,142.1568,50.0000,141.8452,141.8791,141.8296,0.7200,0.00,0.00,0.00,0.00,0.00,0.00,0.00,0.00
NVDA,1749244966016,141.7900,141.7800,141.8000,500,900,47162,141.7900,141.7900,141.7900,141.7900,0.0200,142.1568,50.0000,141.8452,141.8791,141.8296,0.7200,0.00,0.00,0.00,0.00,0.00,0.00,0.00,0.00
NVDA,1749244968540,141.7900,141.7800,141.8000,500,900,47162,141.7900,141.7900,141.7900,141.7900,0.0200,142.1568,50.0000,141.8452,141.8791,141.8296,0.7200,0.00,0.00,0.00,0.00,0.00,0.00,0.00,0.00
NVDA,1749244969097,141.7900,141.7800,141.8000,500,900,47163,141.7900,141.7900,141.7900,141.7900,0.0200,142.1568,50.0000,141.8452,141.8791,141.8296,0.7200,0.00,0.00,0.00,0.00,0.00,0.00,0.00,0.00
NVDA,1749244969539,141.7900,141.7800,141.8000,500,900,47163,141.7900,141.7900,141.7900,141.7900,0.0200,142.1568,50.0000,141.8452,141.8791,141.8296,0.7200,0.00,0.00,0.00,0.00,0.00,0.00,0.00,0.00
NVDA,1749244970290,141.7900,141.7800,141.8000,500,900,47173,141.7900,141.7900,141.7900,141.7900,0.0200,142.1568,50.0000,141.8452,141.8791,141.8296,0.7200,0.00,0.00,0.00,0.00,0.00,0.00,0.00,0.00
NVDA,1749244970790,141.7900,141.7800,141.8000,500,900,47173,141.7900,141.7900,141.7900,141.7900,0.0200,142.1568,50.0000,141.8452,141.8791,141.8296,0.7200,0.00,0.00,0.00,0.00,0.00,0.00,0.00,0.00
NVDA,1749244971017,141.7900,141.7800,141.8000,500,900,47173,141.7900,141.7900,141.7900,141.7900,0.0200,142.1568,50.0000,141.8452,141.8791,141.8296,0.7200,0.00,0.00,0.00,0.00,0.00,0.00,0.00,0.00
NVDA,1749244971017,141.8000,141.7800,141.8000,500,900,47174,141.7900,141.7900,141.7900,141.7900,0.0200,142.1568,50.0000,141.8452,141.8791,141.8296,0.7200,0.00,0.00,0.00,0.00,0.00,0.00,0.00,0.00
NVDA,1749244971017,141.7900,141.7800,141.8000,500,900,47175,141.7900,141.7900,141.7900,141.7900,0.0200,142.1568,50.0000,141.8452,141.8791,141.8296,0.7200,0.00,0.00,0.00,0.00,0.00,0.00,0.00,0.00
NVDA,1749244971544,141.7900,141.7800,141.8000,500,900,47175,141.7900,141.7900,141.7900,141.7900,0.0200,142.1568,50.0000,141.8452,141.8791,141.8296,0.7200,0.00,0.00,0.00,0.00,0.00,0.00,0.00,0.00
NVDA,1749244971796,141.7900,141.7800,141.8000,500,900,47175,141.7900,141.7900,141.7900,141.7900,0.0200,142.1568,50.0000,141.8452,141.8791,141.8296,0.7200,0.00,0.00,0.00,0.00,0.00,0.00,0.00,0.00
NVDA,1749244972278,141.8000,141.7800,141.8000,500,900,47190,141.7900,141.7900,141.7900,141.7900,0.0200,142.1568,50.0000,141.8452,141.8791,141.8296,0.7200,0.00,0.00,0.00,0.00,0.00,0.00,0.00,0.00
NVDA,1749244972278,141.7900,141.7800,141.8000,500,900,47191,141.7900,141.7900,141.7900,141.7900,0.0200,142.1568,50.0000,141.8452,141.8791,141.8296,0.7200,0.00,0.00,0.00,0.00,0.00,0.00,0.00,0.00
NVDA,1749244973049,141.7900,141.7800,141.8000,500,900,47191,141.7900,141.7900,141.7900,141.7900,0.0200,142.1568,50.0000,141.8452,141.8791,141.8296,0.7200,0.00,0.00,0.00,0.00,0.00,0.00,0.00,0.00
NVDA,1749244973548,141.7900,141.7800,141.8000,500,900,47191,141.7900,141.7900,141.7900,141.7900,0.0200,142.1568,50.0000,141.8452,141.8791,141.8296,0.7200,0.00,0.00,0.00,0.00,0.00,0.00,0.00,0.00
NVDA,1749244973805,141.7900,141.7800,141.8000,500,900,47263,141.7900,141.7900,141.7900,141.7900,0.0200,142.1568,50.0000,141.8452,141.8791,141.8296,0.7200,0.00,0.00,0.00,0.00,0.00,0.00,0.00,0.00
NVDA,1749244973805,141.7800,141.7800,141.8000,500,900,47265,141.7900,141.7900,141.7900,141.7900,0.0200,142.1568,50.0000,141.8452,141.8791,141.8296,0.7200,0.00,0.00,0.00,0.00,0.00,0.00,0.00,0.00
NVDA,1749244974300,141.7800,141.7800,141.8000,500,900,47265,141.7900,141.7900,141.7900,141.7900,0.0200,142.1568,50.0000,141.8452,141.8791,141.8296,0.7200,0.00,0.00,0.00,0.00,0.00,0.00,0.00,0.00
NVDA,1749244974552,141.7800,141.7800,141.8000,500,900,47265,141.7900,141.7900,141.7900,141.7900,0.0200,142.1568,50.0000,141.8452,141.8791,141.8296,0.7200,0.00,0.00,0.00,0.00,0.00,0.00,0.00,0.00
NVDA,1749244974961,141.7900,141.7800,141.8000,500,900,47364,141.7900,141.7900,141.7900,141.7900,0.0200,142.1568,50.0000,141.8452,141.8791,141.8296,0.7200,0.00,0.00,0.00,0.00,0.00,0.00,0.00,0.00
NVDA,1749244974961,141.8000,141.7800,141.8000,500,900,47464,141.7900,141.7900,141.7900,141.7900,0.0200,142.1568,50.0000,141.8452,141.8791,141.8296,0.7200,0.00,0.00,0.00,0.00,0.00,0.00,0.00,0.00
NVDA,1749244976022,141.8000,141.7800,141.8000,500,900,47564,141.8000,141.8000,141.7900,141.8000,0.0200,142.1568,50.0000,141.8452,141.8791,141.8296,0.7200,0.00,0.00,0.00,0.00,0.00,0.00,0.00,0.00
NVDA,1749244976796,141.8000,141.7800,141.8000,500,900,47564,141.8000,141.8000,141.7900,141.8000,0.0200,142.1568,50.0000,141.8452,141.8791,141.8296,0.7200,0.00,0.00,0.00,0.00,0.00,0.00,0.00,0.00
NVDA,1749244977049,141.8000,141.7800,141.8000,500,900,47564,141.8000,141.8000,141.7900,141.8000,0.0200,142.1568,50.0000,141.8452,141.8791,141.8296,0.7200,0.00,0.00,0.00,0.00,0.00,0.00,0.00,0.00
NVDA,1749244977282,141.8000,141.7800,141.8000,500,900,48640,141.8000,141.8000,141.7900,141.8000,0.0200,142.1568,50.0000,141.8452,141.8791,141.8296,0.7200,0.00,0.00,0.00,0.00,0.00,0.00,0.00,0.00
NVDA,1749244979053,141.8000,141.7800,141.8000,500,900,48682,141.8000,141.8000,141.7900,141.8000,0.0200,142.1568,50.0000,141.8452,141.8791,141.8296,0.7200,0.00,0.00,0.00,0.00,0.00,0.00,0.00,0.00
NVDA,1749244979803,141.7900,141.7800,141.8000,500,900,48683,141.8000,141.8000,141.7900,141.8000,0.0200,142.1568,50.0000,141.8452,141.8791,141.8296,0.7200,0.00,0.00,0.00,0.00,0.00,0.00,0.00,0.00
NVDA,1749244980054,141.7900,141.7800,141.8000,500,900,48683,141.8000,141.8000,141.7900,141.8000,0.0200,142.1568,50.0000,141.8342,141.8725,141.8160,0.7400,0.00,0.00,0.00,0.00,0.00,0.00,0.00,0.00
NVDA,1749244980629,141.7900,141.7700,141.8000,1200,900,48683,141.8000,141.8000,141.7900,141.8000,0.0300,142.1568,50.0000,141.8342,141.8725,141.8160,0.7400,0.00,0.00,0.00,0.00,0.00,0.00,0.00,0.00
NVDA,1749244980629,141.7900,141.7700,141.7800,1200,500,48683,141.8000,141.8000,141.7900,141.8000,0.0100,142.1568,50.0000,141.8342,141.8725,141.8160,0.7400,0.00,0.00,0.00,0.00,0.00,0.00,0.00,0.00
NVDA,1749244980629,141.7800,141.7700,141.7800,1200,500,48961,141.8000,141.8000,141.7900,141.8000,0.0100,142.1568,50.0000,141.8342,141.8725,141.8160,0.7400,0.00,0.00,0.00,0.00,0.00,0.00,0.00,0.00
NVDA,1749244981018,141.7800,141.7700,141.7800,1200,500,49360,141.8000,141.8000,141.7800,141.7800,0.0100,142.1568,50.0000,141.8342,141.8725,141.8160,0.7400,0.00,0.00,0.00,0.00,0.00,0.00,0.00,0.00
NVDA,1749244982307,141.7800,141.7700,141.7800,1200,500,49360,141.8000,141.8000,141.7800,141.7800,0.0100,142.1568,50.0000,141.8342,141.8725,141.8160,0.7400,0.00,0.00,0.00,0.00,0.00,0.00,0.00,0.00
NVDA,1749244982622,141.7800,141.7700,141.7800,1200,400,49360,141.8000,141.8000,141.7800,141.7800,0.0100,142.1568,50.0000,141.8342,141.8725,141.8160,0.7400,0.00,0.00,0.00,0.00,0.00,0.00,0.00,0.00
NVDA,1749244982622,141.7800,141.7700,141.7800,1200,300,49360,141.8000,141.8000,141.7800,141.7800,0.0100,142.1568,50.0000,141.8342,141.8725,141.8160,0.7400,0.00,0.00,0.00,0.00,0.00,0.00,0.00,0.00
NVDA,1749244982622,141.7800,141.7700,141.8000,1200,900,49360,141.8000,141.8000,141.7800,141.7800,0.0300,142.1568,50.0000,141.8342,141.8725,141.8160,0.7400,0.00,0.00,0.00,0.00,0.00,0.00,0.00,0.00
NVDA,1749244982622,141.7700,141.7700,141.8000,1200,900,49884,141.8000,141.8000,141.7800,141.7800,0.0300,142.1568,50.0000,141.8342,141.8725,141.8160,0.7400,0.00,0.00,0.00,0.00,0.00,0.00,0.00,0.00
NVDA,1749244983811,141.7700,141.7700,141.8000,1200,900,49884,141.8000,141.8000,141.7800,141.7800,0.0300,142.1568,50.0000,141.8342,141.8725,141.8160,0.7400,0.00,0.00,0.00,0.00,0.00,0.00,0.00,0.00
NVDA,1749244984381,141.7900,141.7700,141.8000,1200,900,49984,141.8000,141.8000,141.7800,141.7800,0.0300,142.1568,50.0000,141.8342,141.8725,141.8160,0.7400,0.00,0.00,0.00,0.00,0.00,0.00,0.00,0.00
NVDA,1749244986020,141.7900,141.7700,141.8000,1200,900,49984,141.7800,141.7900,141.7800,141.7900,0.0300,142.1568,50.0000,141.8342,141.8725,141.8160,0.7400,0.00,0.00,0.00,0.00,0.00,0.00,0.00,0.00
NVDA,1749244986337,141.7900,141.7800,141.8000,100,900,49984,141.7800,141.7900,141.7800,141.7900,0.0200,142.1568,50.0000,141.8342,141.8725,141.8160,0.7400,0.00,0.00,0.00,0.00,0.00,0.00,0.00,0.00
NVDA,1749244988752,141.7900,141.7700,141.8000,1200,900,49984,141.7800,141.7900,141.7800,141.7900,0.0300,142.1568,50.0000,141.8342,141.8725,141.8160,0.7400,0.00,0.00,0.00,0.00,0.00,0.00,0.00,0.00
NVDA,1749244989436,141.8000,141.7700,141.8000,1200,900,49985,141.7800,141.7900,141.7800,141.7900,0.0300,142.1568,50.0000,141.8342,141.8725,141.8160,0.7400,0.00,0.00,0.00,0.00,0.00,0.00,0.00,0.00
NVDA,1749244991021,141.8000,141.7700,141.8000,1200,900,49985,141.7900,141.7900,141.7900,141.7900,0.0300,142.1568,50.0000,141.8342,141.8725,141.8160,0.7400,0.00,0.00,0.00,0.00,0.00,0.00,0.00,0.00
NVDA,1749244991324,141.8000,141.7700,141.8000,1200,900,49985,141.7900,141.7900,141.7900,141.7900,0.0300,142.1568,50.0000,141.8342,141.8725,141.8160,0.7400,0.00,0.00,0.00,0.00,0.00,0.00,0.00,0.00
NVDA,1749244991825,141.8000,141.7700,141.8000,1200,900,49985,141.7900,141.7900,141.7900,141.7900,0.0300,142.1568,50.0000,141.8342,141.8725,141.8160,0.7400,0.00,0.00,0.00,0.00,0.00,0.00,0.00,0.00
NVDA,1749244991935,141.8000,141.7700,141.8000,1200,600,49985,141.7900,141.7900,141.7900,141.7900,0.0300,142.1568,50.0000,141.8342,141.8725,141.8160,0.7400,0.00,0.00,0.00,0.00,0.00,0.00,0.00,0.00
NVDA,1749244991935,141.7900,141.7700,141.8000,1200,600,49986,141.7900,141.7900,141.7900,141.7900,0.0300,142.1568,50.0000,141.8342,141.8725,141.8160,0.7400,0.00,0.00,0.00,0.00,0.00,0.00,0.00,0.00
NVDA,1749244991935,141.7800,141.7700,141.8000,1200,600,49996,141.7900,141.7900,141.7900,141.7900,0.0300,142.1568,50.0000,141.8342,141.8725,141.8160,0.7400,0.00,0.00,0.00,0.00,0.00,0.00,0.00,0.00
NVDA,1749244992071,141.7800,141.7700,141.8000,1200,600,49996,141.7900,141.7900,141.7900,141.7900,0.0300,142.1568,50.0000,141.8342,141.8725,141.8160,0.7400,0.00,0.00,0.00,0.00,0.00,0.00,0.00,0.00
NVDA,1749244992479,141.7700,141.7700,141.8000,1200,600,50000,141.7900,141.7900,141.7900,141.7900,0.0300,142.1568,50.0000,141.8342,141.8725,141.8160,0.7400,0.00,0.00,0.00,0.00,0.00,0.00,0.00,0.00
NVDA,1749244992479,141.7900,141.7700,141.8000,1200,600,50001,141.7900,141.7900,141.7900,141.7900,0.0300,142.1568,50.0000,141.8342,141.8725,141.8160,0.7400,0.00,0.00,0.00,0.00,0.00,0.00,0.00,0.00
NVDA,1749244993826,141.7900,141.7700,141.8000,1200,600,50001,141.7900,141.7900,141.7900,141.7900,0.0300,142.1568,50.0000,141.8342,141.8725,141.8160,0.7400,0.00,0.00,0.00,0.00,0.00,0.00,0.00,0.00
NVDA,1749244994318,141.7900,141.7700,141.8000,1200,600,50001,141.7900,141.7900,141.7900,141.7900,0.0300,142.1568,50.0000,141.8342,141.8725,141.8160,0.7400,0.00,0.00,0.00,0.00,0.00,0.00,0.00,0.00
NVDA,1749244994446,141.7900,141.7700,141.8000,1200,600,50002,141.7900,141.7900,141.7900,141.7900,0.0300,142.1568,50.0000,141.8342,141.8725,141.8160,0.7400,0.00,0.00,0.00,0.00,0.00,0.00,0.00,0.00
NVDA,1749244994446,141.7800,141.7700,141.8000,1200,600,50043,141.7900,141.7900,141.7900,141.7900,0.0300,142.1568,50.0000,141.8342,141.8725,141.8160,0.7400,0.00,0.00,0.00,0.00,0.00,0.00,0.00,0.00
NVDA,1749244994569,141.7800,141.7700,141.8000,1200,600,50043,141.7900,141.7900,141.7900,141.7900,0.0300,142.1568,50.0000,141.8342,141.8725,141.8160,0.7400,0.00,0.00,0.00,0.00,0.00,0.00,0.00,0.00
NVDA,1749244996017,141.7800,141.7700,141.8000,1200,600,50043,141.7900,141.7900,141.7900,141.7900,0.0300,142.1568,50.0000,141.8342,141.8725,141.8160,0.7400,0.00,0.00,0.00,0.00,0.00,0.00,0.00,0.00
NVDA,1749244996576,141.7800,141.7700,141.8000,1200,600,50043,141.7900,141.7900,141.7900,141.7900,0.0300,142.1568,50.0000,141.8342,141.8725,141.8160,0.7400,0.00,0.00,0.00,0.00,0.00,0.00,0.00,0.00
NVDA,1749244997244,141.7800,141.7700,141.7900,1200,100,50043,141.7900,141.7900,141.7900,141.7900,0.0200,142.1568,50.0000,141.8342,141.8725,141.8160,0.7400,0.00,0.00,0.00,0.00,0.00,0.00,0.00,0.00
NVDA,1749244997577,141.7800,141.7700,141.7900,1200,100,50248,141.7900,141.7900,141.7900,141.7900,0.0200,142.1568,50.0000,141.8342,141.8725,141.8160,0.7400,0.00,0.00,0.00,0.00,0.00,0.00,0.00,0.00
NVDA,1749244998175,141.7800,141.7700,141.7900,1200,100,50376,141.7900,141.7900,141.7900,141.7900,0.0200,142.1568,50.0000,141.8342,141.8725,141.8160,0.7400,0.00,0.00,0.00,0.00,0.00,0.00,0.00,0.00
NVDA,1749245001038,141.7800,141.7700,141.7900,1200,100,50376,141.7800,141.7800,141.7800,141.7800,0.0200,142.1568,50.0000,141.8342,141.8725,141.8160,0.7400,0.00,0.00,0.00,0.00,0.00,0.00,0.00,0.00
NVDA,1749245006027,141.7800,141.7700,141.7900,1200,100,50376,141.7800,141.7800,141.7800,141.7800,0.0200,142.1568,50.0000,141.8342,141.8725,141.8160,0.7400,0.00,0.00,0.00,0.00,0.00,0.00,0.00,0.00
NVDA,1749245009596,141.7800,141.7700,141.7900,1200,100,50376,141.7800,141.7800,141.7800,141.7800,0.0200,142.1568,50.0000,141.8342,141.8725,141.8160,0.7400,0.00,0.00,0.00,0.00,0.00,0.00,0.00,0.00
NVDA,1749245010093,141.7800,141.7700,141.7900,1200,100,50376,141.7800,141.7800,141.7800,141.7800,0.0200,142.1568,50.0000,141.8342,141.8725,141.8160,0.7400,0.00,0.00,0.00,0.00,0.00,0.00,0.00,0.00
NVDA,1749245010236,141.7800,141.7700,141.7900,1200,100,50377,141.7800,141.7800,141.7800,141.7800,0.0200,142.1568,50.0000,141.8342,141.8725,141.8160,0.7400,0.00,0.00,0.00,0.00,0.00,0.00,0.00,0.00
NVDA,1749245010236,141.7700,141.7700,141.7900,1200,100,50417,141.7800,141.7800,141.7800,141.7800,0.0200,142.1568,50.0000,141.8342,141.8725,141.8160,0.7400,0.00,0.00,0.00,0.00,0.00,0.00,0.00,0.00
NVDA,1749245010236,141.7700,141.7700,141.7900,1100,100,50417,141.7800,141.7800,141.7800,141.7800,0.0200,142.1568,50.0000,141.8342,141.8725,141.8160,0.7400,0.00,0.00,0.00,0.00,0.00,0.00,0.00,0.00
NVDA,1749245010840,141.7700,141.7700,141.7900,1100,100,50417,141.7800,141.7800,141.7800,141.7800,0.0200,142.1568,50.0000,141.8342,141.8725,141.8160,0.7400,0.00,0.00,0.00,0.00,0.00,0.00,0.00,0.00
NVDA,1749245011017,141.7700,141.7700,141.7900,1100,100,50417,141.7800,141.7800,141.7800,141.7800,0.0200,142.1568,50.0000,141.8342,141.8725,141.8160,0.7400,0.00,0.00,0.00,0.00,0.00,0.00,0.00,0.00
NVDA,1749245011093,141.7700,141.7700,141.7900,1100,100,50417,141.7800,141.7800,141.7800,141.7800,0.0200,142.1568,50.0000,141.8342,141.8725,141.8160,0.7400,0.00,0.00,0.00,0.00,0.00,0.00,0.00,0.00
NVDA,1749245011564,141.7900,141.7700,141.7900,1100,100,50422,141.7800,141.7800,141.7800,141.7800,0.0200,142.1568,50.0000,141.8342,141.8725,141.8160,0.7400,0.00,0.00,0.00,0.00,0.00,0.00,0.00,0.00
NVDA,1749245011564,141.7700,141.7700,141.7900,1100,100,50423,141.7800,141.7800,141.7800,141.7800,0.0200,142.1568,50.0000,141.8342,141.8725,141.8160,0.7400,0.00,0.00,0.00,0.00,0.00,0.00,0.00,0.00
NVDA,1749245012098,141.7700,141.7700,141.7900,1100,100,50423,141.7800,141.7800,141.7800,141.7800,0.0200,142.1568,50.0000,141.8342,141.8725,141.8160,0.7400,0.00,0.00,0.00,0.00,0.00,0.00,0.00,0.00
NVDA,1749245012656,141.7800,141.7700,141.7900,1100,100,50424,141.7800,141.7800,141.7800,141.7800,0.0200,142.1568,50.0000,141.8342,141.8725,141.8160,0.7400,0.00,0.00,0.00,0.00,0.00,0.00,0.00,0.00
NVDA,1749245012656,141.7900,141.7700,141.7900,1100,100,50427,141.7800,141.7800,141.7800,141.7800,0.0200,142.1568,50.0000,141.8342,141.8725,141.8160,0.7400,0.00,0.00,0.00,0.00,0.00,0.00,0.00,0.00
NVDA,1749245012847,141.7900,141.7700,141.7900,1100,100,50427,141.7800,141.7800,141.7800,141.7800,0.0200,142.1568,50.0000,141.8342,141.8725,141.8160,0.7400,0.00,0.00,0.00,0.00,0.00,0.00,0.00,0.00
NVDA,1749245013346,141.7900,141.7700,141.7900,1100,100,50427,141.7800,141.7800,141.7800,141.7800,0.0200,142.1568,50.0000,141.8342,141.8725,141.8160,0.7400,0.00,0.00,0.00,0.00,0.00,0.00,0.00,0.00
NVDA,1749245013346,141.7900,141.7700,141.8000,1100,600,50477,141.7800,141.7800,141.7800,141.7800,0.0300,142.1568,50.0000,141.8342,141.8725,141.8160,0.7400,0.00,0.00,0.00,0.00,0.00,0.00,0.00,0.00
NVDA,1749245013346,141.7800,141.7700,141.8000,1100,600,50478,141.7800,141.7800,141.7800,141.7800,0.0300,142.1568,50.0000,141.8342,141.8725,141.8160,0.7400,0.00,0.00,0.00,0.00,0.00,0.00,0.00,0.00
NVDA,1749245016028,141.7800,141.7700,141.8000,1100,600,50478,141.7800,141.7800,141.7800,141.7800,0.0300,142.1568,50.0000,141.8342,141.8725,141.8160,0.7400,0.00,0.00,0.00,0.00,0.00,0.00,0.00,0.00
NVDA,1749245016346,141.7800,141.7700,141.8000,1100,600,50478,141.7800,141.7800,141.7800,141.7800,0.0300,142.1568,50.0000,141.8342,141.8725,141.8160,0.7400,0.00,0.00,0.00,0.00,0.00,0.00,0.00,0.00
NVDA,1749245016924,141.7900,141.7700,141.8000,1100,600,50483,141.7800,141.7800,141.7800,141.7800,0.0300,142.1568,50.0000,141.8342,141.8725,141.8160,0.7400,0.00,0.00,0.00,0.00,0.00,0.00,0.00,0.00
NVDA,1749245019099,141.7900,141.7700,141.8000,1100,600,50483,141.7800,141.7800,141.7800,141.7800,0.0300,142.1568,50.0000,141.8342,141.8725,141.8160,0.7400,0.00,0.00,0.00,0.00,0.00,0.00,0.00,0.00
NVDA,1749245019348,141.7900,141.7700,141.8000,1100,600,50483,141.7800,141.7800,141.7800,141.7800,0.0300,142.1568,50.0000,141.8342,141.8725,141.8160,0.7400,0.00,0.00,0.00,0.00,0.00,0.00,0.00,0.00
NVDA,1749245019494,141.7900,141.7700,141.8000,1200,600,50483,141.7800,141.7800,141.7800,141.7800,0.0300,142.1568,50.0000,141.8342,141.8725,141.8160,0.7400,0.00,0.00,0.00,0.00,0.00,0.00,0.00,0.00
NVDA,1749245019494,141.7700,141.7700,141.8000,1200,600,50484,141.7800,141.7800,141.7800,141.7800,0.0300,142.1568,50.0000,141.8342,141.8725,141.8160,0.7400,0.00,0.00,0.00,0.00,0.00,0.00,0.00,0.00
NVDA,1749245020042,141.7700,141.7700,141.8000,1100,600,50484,141.7800,141.7800,141.7800,141.7800,0.0300,142.1568,50.0000,141.8342,141.8725,141.8160,0.7400,0.00,0.00,0.00,0.00,0.00,0.00,0.00,0.00
NVDA,1749245020353,141.7700,141.7700,141.8000,1100,600,50495,141.7800,141.7800,141.7800,141.7800,0.0300,142.1568,50.0000,141.8342,141.8725,141.8160,0.7400,0.00,0.00,0.00,0.00,0.00,0.00,0.00,0.00
NVDA,1749245020611,141.7700,141.7700,141.8000,1100,600,50495,141.7800,141.7800,141.7800,141.7800,0.0300,142.1568,50.0000,141.8342,141.8725,141.8160,0.7400,0.00,0.00,0.00,0.00,0.00,0.00,0.00,0.00
NVDA,1749245020835,141.8000,141.7700,141.8000,1100,600,50502,141.7800,141.7800,141.7800,141.7800,0.0300,142.1568,50.0000,141.8342,141.8725,141.8160,0.7400,0.00,0.00,0.00,0.00,0.00,0.00,0.00,0.00
NVDA,1749245020835,141.7900,141.7700,141.8000,1100,600,50503,141.7800,141.7800,141.7800,141.7800,0.0300,142.1568,50.0000,141.8342,141.8725,141.8160,0.7400,0.00,0.00,0.00,0.00,0.00,0.00,0.00,0.00
NVDA,1749245021030,141.7900,141.7700,141.8000,1100,600,50504,141.7800,141.7800,141.7800,141.7800,0.0300,142.1568,50.0000,141.8342,141.8725,141.8160,0.7400,0.00,0.00,0.00,0.00,0.00,0.00,0.00,0.00
NVDA,1749245021361,141.7900,141.7700,141.8000,1100,600,50504,141.7800,141.7800,141.7800,141.7800,0.0300,142.1568,50.0000,141.8342,141.8725,141.8160,0.7400,0.00,0.00,0.00,0.00,0.00,0.00,0.00,0.00
NVDA,1749245022104,141.7900,141.7700,141.8000,1100,600,50511,141.7800,141.7800,141.7800,141.7800,0.0300,142.1568,50.0000,141.8342,141.8725,141.8160,0.7400,0.00,0.00,0.00,0.00,0.00,0.00,0.00,0.00
NVDA,1749245025366,141.7900,141.7700,141.8000,1100,600,50511,141.7800,141.7800,141.7800,141.7800,0.0300,142.1568,50.0000,141.8342,141.8725,141.8160,0.7400,0.00,0.00,0.00,0.00,0.00,0.00,0.00,0.00
NVDA,1749245025609,141.7900,141.7700,141.8000,1100,600,50511,141.7800,141.7800,141.7800,141.7800,0.0300,142.1568,50.0000,141.8342,141.8725,141.8160,0.7400,0.00,0.00,0.00,0.00,0.00,0.00,0.00,0.00
NVDA,1749245025732,141.7900,141.7700,141.8000,1100,600,50511,141.7800,141.7800,141.7800,141.7800,0.0300,142.1568,50.0000,141.8342,141.8725,141.8160,0.7400,0.00,0.00,0.00,0.00,0.00,0.00,0.00,0.00
NVDA,1749245025981,141.8000,141.7700,141.8000,1100,600,50711,141.7800,141.7800,141.7800,141.7800,0.0300,142.1568,50.0000,141.8342,141.8725,141.8160,0.7400,0.00,0.00,0.00,0.00,0.00,0.00,0.00,0.00
NVDA,1749245025981,141.7900,141.7700,141.8000,1100,600,50731,141.7800,141.7800,141.7800,141.7800,0.0300,142.1568,50.0000,141.8342,141.8725,141.8160,0.7400,0.00,0.00,0.00,0.00,0.00,0.00,0.00,0.00
NVDA,1749245026164,141.7900,141.7700,141.8000,1100,600,50731,141.7800,141.7800,141.7800,141.7800,0.0300,142.1568,50.0000,141.8342,141.8725,141.8160,0.7400,0.00,0.00,0.00,0.00,0.00,0.00,0.00,0.00
NVDA,1749245026613,141.7900,141.7700,141.8000,1100,600,50731,141.7800,141.7800,141.7800,141.7800,0.0300,142.1568,50.0000,141.8342,141.8725,141.8160,0.7400,0.00,0.00,0.00,0.00,0.00,0.00,0.00,0.00
NVDA,1749245026710,141.7900,141.7700,141.8000,1100,600,50758,141.7800,141.7800,141.7800,141.7800,0.0300,142.1568,50.0000,141.8342,141.8725,141.8160,0.7400,0.00,0.00,0.00,0.00,0.00,0.00,0.00,0.00
NVDA,1749245026710,141.7800,141.7700,141.8000,1100,600,50768,141.7800,141.7800,141.7800,141.7800,0.0300,142.1568,50.0000,141.8342,141.8725,141.8160,0.7400,0.00,0.00,0.00,0.00,0.00,0.00,0.00,0.00
NVDA,1749245030618,141.7800,141.7700,141.8000,1100,600,50768,141.7800,141.7800,141.7800,141.7800,0.0300,142.1568,50.0000,141.8342,141.8725,141.8160,0.7400,0.00,0.00,0.00,0.00,0.00,0.00,0.00,0.00
NVDA,1749245031020,141.7800,141.7700,141.8000,1100,600,50768,141.7900,141.7900,141.7900,141.7900,0.0300,142.1568,50.0000,141.8342,141.8725,141.8160,0.7400,0.00,0.00,0.00,0.00,0.00,0.00,0.00,0.00
NVDA,1749245031338,141.7900,141.7700,141.8000,1100,600,50769,141.7900,141.7900,141.7900,141.7900,0.0300,142.1568,50.0000,141.8342,141.8725,141.8160,0.7400,0.00,0.00,0.00,0.00,0.00,0.00,0.00,0.00
NVDA,1749245036029,141.7900,141.7700,141.8000,1100,600,50769,141.7900,141.7900,141.7900,141.7900,0.0300,142.1568,50.0000,141.8342,141.8725,141.8160,0.7400,0.00,0.00,0.00,0.00,0.00,0.00,0.00,0.00
NVDA,1749245037726,141.7900,141.7700,141.7900,1100,100,50769,141.7900,141.7900,141.7900,141.7900,0.0200,142.1568,50.0000,141.8342,141.8725,141.8160,0.7400,0.00,0.00,0.00,0.00,0.00,0.00,0.00,0.00
NVDA,1749245039882,141.7900,141.7700,141.7900,1100,100,50769,141.7900,141.7900,141.7900,141.7900,0.0200,142.1568,50.0000,141.8342,141.8725,141.8160,0.7400,0.00,0.00,0.00,0.00,0.00,0.00,0.00,0.00
NVDA,1749245040384,141.7900,141.7700,141.7900,1100,100,50769,141.7900,141.7900,141.7900,141.7900,0.0200,142.1568,50.0000,141.8253,141.8664,141.8068,0.7700,0.00,0.00,0.00,0.00,0.00,0.00,0.00,0.00
NVDA,1749245040384,141.7800,141.7700,141.7900,1100,100,50770,141.7900,141.7900,141.7900,141.7900,0.0200,142.1568,50.0000,141.8253,141.8664,141.8068,0.7700,0.00,0.00,0.00,0.00,0.00,0.00,0.00,0.00
NVDA,1749245040384,141.7700,141.7700,141.7900,1100,100,50771,141.7900,141.7900,141.7900,141.7900,0.0200,142.1568,50.0000,141.8253,141.8664,141.8068,0.7700,0.00,0.00,0.00,0.00,0.00,0.00,0.00,0.00
NVDA,1749245040384,141.7800,141.7700,141.7900,1100,100,50841,141.7900,141.7900,141.7900,141.7900,0.0200,142.1568,50.0000,141.8253,141.8664,141.8068,0.7700,0.00,0.00,0.00,0.00,0.00,0.00,0.00,0.00
NVDA,1749245041027,141.7800,141.7700,141.7900,1100,100,50841,141.7900,141.7900,141.7900,141.7900,0.0200,142.1568,50.0000,141.8253,141.8664,141.8068,0.7700,0.00,0.00,0.00,0.00,0.00,0.00,0.00,0.00
NVDA,1749245041379,141.7800,141.7700,141.7900,1100,100,50841,141.7900,141.7900,141.7900,141.7900,0.0200,142.1568,50.0000,141.8253,141.8664,141.8068,0.7700,0.00,0.00,0.00,0.00,0.00,0.00,0.00,0.00
NVDA,1749245042032,141.7700,141.7700,141.7900,1100,100,50843,141.7900,141.7900,141.7900,141.7900,0.0200,142.1568,50.0000,141.8253,141.8664,141.8068,0.7700,0.00,0.00,0.00,0.00,0.00,0.00,0.00,0.00
NVDA,1749245043386,141.7700,141.7700,141.7900,1100,100,50843,141.7900,141.7900,141.7900,141.7900,0.0200,142.1568,50.0000,141.8253,141.8664,141.8068,0.7700,0.00,0.00,0.00,0.00,0.00,0.00,0.00,0.00
NVDA,1749245043954,141.7900,141.7700,141.7900,1100,100,50845,141.7900,141.7900,141.7900,141.7900,0.0200,142.1568,50.0000,141.8253,141.8664,141.8068,0.7700,0.00,0.00,0.00,0.00,0.00,0.00,0.00,0.00
NVDA,1749245045637,141.7900,141.7700,141.7900,1100,100,50845,141.7900,141.7900,141.7900,141.7900,0.0200,142.1568,50.0000,141.8253,141.8664,141.8068,0.7700,0.00,0.00,0.00,0.00,0.00,0.00,0.00,0.00
NVDA,1749245046021,141.7900,141.7700,141.7900,1100,100,50845,141.7900,141.7900,141.7900,141.7900,0.0200,142.1568,50.0000,141.8253,141.8664,141.8068,0.7700,0.00,0.00,0.00,0.00,0.00,0.00,0.00,0.00
NVDA,1749245046200,141.7900,141.7700,141.7900,1100,100,50845,141.7900,141.7900,141.7900,141.7900,0.0200,142.1568,50.0000,141.8253,141.8664,141.8068,0.7700,0.00,0.00,0.00,0.00,0.00,0.00,0.00,0.00
NVDA,1749245046200,141.7700,141.7700,141.7900,1100,100,50854,141.7900,141.7900,141.7900,141.7900,0.0200,142.1568,50.0000,141.8253,141.8664,141.8068,0.7700,0.00,0.00,0.00,0.00,0.00,0.00,0.00,0.00
NVDA,1749245046382,141.7700,141.7700,141.7900,1100,100,50854,141.7900,141.7900,141.7900,141.7900,0.0200,142.1568,50.0000,141.8253,141.8664,141.8068,0.7700,0.00,0.00,0.00,0.00,0.00,0.00,0.00,0.00
NVDA,1749245046790,141.7700,141.7700,141.7900,1100,100,50857,141.7900,141.7900,141.7900,141.7900,0.0200,142.1568,50.0000,141.8253,141.8664,141.8068,0.7700,0.00,0.00,0.00,0.00,0.00,0.00,0.00,0.00
NVDA,1749245046790,141.7800,141.7700,141.7900,1100,100,50860,141.7900,141.7900,141.7900,141.7900,0.0200,142.1568,50.0000,141.8253,141.8664,141.8068,0.7700,0.00,0.00,0.00,0.00,0.00,0.00,0.00,0.00
NVDA,1749245047136,141.7800,141.7700,141.7900,1100,100,50860,141.7900,141.7900,141.7900,141.7900,0.0200,142.1568,50.0000,141.8253,141.8664,141.8068,0.7700,0.00,0.00,0.00,0.00,0.00,0.00,0.00,0.00
NVDA,1749245047497,141.7700,141.7700,141.7900,1100,100,50862,141.7900,141.7900,141.7900,141.7900,0.0200,142.1568,50.0000,141.8253,141.8664,141.8068,0.7700,0.00,0.00,0.00,0.00,0.00,0.00,0.00,0.00
NVDA,1749245048140,141.7700,141.7700,141.7900,1100,100,50862,141.7900,141.7900,141.7900,141.7900,0.0200,142.1568,50.0000,141.8253,141.8664,141.8068,0.7700,0.00,0.00,0.00,0.00,0.00,0.00,0.00,0.00
NVDA,1749245048681,141.7900,141.7700,141.7900,1100,100,50962,141.7900,141.7900,141.7900,141.7900,0.0200,142.1568,50.0000,141.8253,141.8664,141.8068,0.7700,0.00,0.00,0.00,0.00,0.00,0.00,0.00,0.00
NVDA,1749245051026,141.7900,141.7700,141.7900,1100,100,50962,141.7900,141.7900,141.7900,141.7900,0.0200,142.1568,50.0000,141.8253,141.8664,141.8068,0.7700,0.00,0.00,0.00,0.00,0.00,0.00,0.00,0.00
NVDA,1749245051147,141.7900,141.7700,141.7900,1100,100,50962,141.7900,141.7900,141.7900,141.7900,0.0200,142.1568,50.0000,141.8253,141.8664,141.8068,0.7700,0.00,0.00,0.00,0.00,0.00,0.00,0.00,0.00
NVDA,1749245051641,141.7700,141.7700,141.7900,1100,100,51002,141.7900,141.7900,141.7900,141.7900,0.0200,142.1568,50.0000,141.8253,141.8664,141.8068,0.7700,0.00,0.00,0.00,0.00,0.00,0.00,0.00,0.00
NVDA,1749245052310,141.7800,141.7700,141.7900,1100,100,51003,141.7900,141.7900,141.7900,141.7900,0.0200,142.1568,50.0000,141.8253,141.8664,141.8068,0.7700,0.00,0.00,0.00,0.00,0.00,0.00,0.00,0.00
NVDA,1749245053169,141.7800,141.7700,141.7900,1200,100,51003,141.7900,141.7900,141.7900,141.7900,0.0200,142.1568,50.0000,141.8253,141.8664,141.8068,0.7700,0.00,0.00,0.00,0.00,0.00,0.00,0.00,0.00
NVDA,1749245053901,141.7800,141.7700,141.7900,1200,100,51003,141.7900,141.7900,141.7900,141.7900,0.0200,142.1568,50.0000,141.8253,141.8664,141.8068,0.7700,0.00,0.00,0.00,0.00,0.00,0.00,0.00,0.00
NVDA,1749245054559,141.7800,141.7700,141.7900,1100,100,51003,141.7900,141.7900,141.7900,141.7900,0.0200,142.1568,50.0000,141.8253,141.8664,141.8068,0.7700,0.00,0.00,0.00,0.00,0.00,0.00,0.00,0.00
NVDA,1749245054559,141.7700,141.7700,141.7900,1100,100,52722,141.7900,141.7900,141.7900,141.7900,0.0200,142.1568,50.0000,141.8253,141.8664,141.8068,0.7700,0.00,0.00,0.00,0.00,0.00,0.00,0.00,0.00
NVDA,1749245056021,141.7700,141.7700,141.7900,1100,100,56003,141.7800,141.7800,141.7700,141.7700,0.0200,142.1568,50.0000,141.8253,141.8664,141.8068,0.7700,0.00,0.00,0.00,0.00,0.00,0.00,0.00,0.00
NVDA,1749245058650,141.7700,141.7700,141.7900,1100,100,56003,141.7800,141.7800,141.7700,141.7700,0.0200,142.1568,50.0000,141.8253,141.8664,141.8068,0.7700,0.00,0.00,0.00,0.00,0.00,0.00,0.00,0.00
NVDA,1749245059159,141.7700,141.7700,141.7900,1100,100,56003,141.7800,141.7800,141.7700,141.7700,0.0200,142.1568,50.0000,141.8253,141.8664,141.8068,0.7700,0.00,0.00,0.00,0.00,0.00,0.00,0.00,0.00
NVDA,1749245059324,141.7700,141.7700,141.7900,1100,100,56013,141.7800,141.7800,141.7700,141.7700,0.0200,142.1568,50.0000,141.8253,141.8664,141.8068,0.7700,0.00,0.00,0.00,0.00,0.00,0.00,0.00,0.00
NVDA,1749245059896,141.7700,141.7700,141.7900,1100,100,56088,141.7800,141.7800,141.7700,141.7700,0.0200,142.1568,50.0000,141.8253,141.8664,141.8068,0.7700,0.00,0.00,0.00,0.00,0.00,0.00,0.00,0.00
NVDA,1749245060497,141.7700,141.7700,141.7900,1100,100,56148,141.7800,141.7800,141.7700,141.7700,0.0200,142.1568,50.0000,141.8253,141.8664,141.8068,0.7700,0.00,0.00,0.00,0.00,0.00,0.00,0.00,0.00
NVDA,1749245060667,141.7700,141.7700,141.7900,1100,100,56148,141.7800,141.7800,141.7700,141.7700,0.0200,142.1568,50.0000,141.8253,141.8664,141.8068,0.7700,0.00,0.00,0.00,0.00,0.00,0.00,0.00,0.00
NVDA,1749245060908,141.7700,141.7700,141.7900,1100,100,56148,141.7800,141.7800,141.7700,141.7700,0.0200,142.1568,50.0000,141.8253,141.8664,141.8068,0.7700,0.00,0.00,0.00,0.00,0.00,0.00,0.00,0.00
NVDA,1749245061025,141.7700,141.7700,141.7900,1100,100,56148,141.7700,141.7700,141.7700,141.7700,0.0200,142.1568,50.0000,141.8253,141.8664,141.8068,0.7700,0.00,0.00,0.00,0.00,0.00,0.00,0.00,0.00
NVDA,1749245061402,141.7800,141.7700,141.7900,1100,100,56156,141.7700,141.7700,141.7700,141.7700,0.0200,142.1568,50.0000,141.8253,141.8664,141.8068,0.7700,0.00,0.00,0.00,0.00,0.00,0.00,0.00,0.00
NVDA,1749245061402,141.7900,141.7700,141.7900,1100,100,56431,141.7700,141.7700,141.7700,141.7700,0.0200,142.1568,50.0000,141.8253,141.8664,141.8068,0.7700,0.00,0.00,0.00,0.00,0.00,0.00,0.00,0.00
NVDA,1749245062857,141.7900,141.7700,141.7900,1100,200,56431,141.7700,141.7700,141.7700,141.7700,0.0200,142.1568,50.0000,141.8253,141.8664,141.8068,0.7700,0.00,0.00,0.00,0.00,0.00,0.00,0.00,0.00
NVDA,1749245062857,141.7900,141.7700,141.7900,1100,100,56431,141.7700,141.7700,141.7700,141.7700,0.0200,142.1568,50.0000,141.8253,141.8664,141.8068,0.7700,0.00,0.00,0.00,0.00,0.00,0.00,0.00,0.00
NVDA,1749245063528,141.7900,141.7700,141.7900,1100,100,56432,141.7700,141.7700,141.7700,141.7700,0.0200,142.1568,50.0000,141.8253,141.8664,141.8068,0.7700,0.00,0.00,0.00,0.00,0.00,0.00,0.00,0.00
NVDA,1749245063528,141.7800,141.7700,141.7900,1100,100,56475,141.7700,141.7700,141.7700,141.7700,0.0200,142.1568,50.0000,141.8253,141.8664,141.8068,0.7700,0.00,0.00,0.00,0.00,0.00,0.00,0.00,0.00
NVDA,1749245064810,141.7800,141.7700,141.7900,1100,300,56475,141.7700,141.7700,141.7700,141.7700,0.0200,142.1568,50.0000,141.8253,141.8664,141.8068,0.7700,0.00,0.00,0.00,0.00,0.00,0.00,0.00,0.00
NVDA,1749245066026,141.7800,141.7700,141.7900,1100,300,56475,141.7800,141.7800,141.7800,141.7800,0.0200,142.1568,50.0000,141.8253,141.8664,141.8068,0.7700,0.00,0.00,0.00,0.00,0.00,0.00,0.00,0.00
NVDA,1749245066410,141.7800,141.7700,141.7900,1100,300,56475,141.7800,141.7800,141.7800,141.7800,0.0200,142.1568,50.0000,141.8253,141.8664,141.8068,0.7700,0.00,0.00,0.00,0.00,0.00,0.00,0.00,0.00
NVDA,1749245066893,141.7800,141.7700,141.7900,1100,300,56476,141.7800,141.7800,141.7800,141.7800,0.0200,142.1568,50.0000,141.8253,141.8664,141.8068,0.7700,0.00,0.00,0.00,0.00,0.00,0.00,0.00,0.00
NVDA,1749245068165,141.7800,141.7700,141.7900,1100,300,56476,141.7800,141.7800,141.7800,141.7800,0.0200,142.1568,50.0000,141.8253,141.8664,141.8068,0.7700,0.00,0.00,0.00,0.00,0.00,0.00,0.00,0.00
NVDA,1749245068418,141.7800,141.7700,141.7900,1100,300,56476,141.7800,141.7800,141.7800,141.7800,0.0200,142.1568,50.0000,141.8253,141.8664,141.8068,0.7700,0.00,0.00,0.00,0.00,0.00,0.00,0.00,0.00
NVDA,1749245068694,141.7800,141.7700,141.7900,700,300,56476,141.7800,141.7800,141.7800,141.7800,0.0200,142.1568,50.0000,141.8253,141.8664,141.8068,0.7700,0.00,0.00,0.00,0.00,0.00,0.00,0.00,0.00
NVDA,1749245068694,141.7800,141.7600,141.7900,200,300,56476,141.7800,141.7800,141.7800,141.7800,0.0300,142.1568,50.0000,141.8253,141.8664,141.8068,0.7700,0.00,0.00,0.00,0.00,0.00,0.00,0.00,0.00
NVDA,1749245068694,141.7800,141.7500,141.7900,1800,300,56476,141.7800,141.7800,141.7800,141.7800,0.0400,142.1568,50.0000,141.8253,141.8664,141.8068,0.7700,0.00,0.00,0.00,0.00,0.00,0.00,0.00,0.00
NVDA,1749245068694,141.7700,141.7500,141.7900,1800,300,57926,141.7800,141.7800,141.7800,141.7800,0.0400,142.1568,50.0000,141.8253,141.8664,141.8068,0.7700,0.00,0.00,0.00,0.00,0.00,0.00,0.00,0.00
NVDA,1749245068694,141.7600,141.7500,141.7900,1800,300,59215,141.7800,141.7800,141.7800,141.7800,0.0400,142.1568,50.0000,141.8253,141.8664,141.8068,0.7700,0.00,0.00,0.00,0.00,0.00,0.00,0.00,0.00
NVDA,1749245068694,141.7800,141.7500,141.7900,1800,300,59912,141.7800,141.7800,141.7800,141.7800,0.0400,142.1568,50.0000,141.8253,141.8664,141.8068,0.7700,0.00,0.00,0.00,0.00,0.00,0.00,0.00,0.00
NVDA,1749245069172,141.7800,141.7500,141.7900,1800,300,59912,141.7800,141.7800,141.7800,141.7800,0.0400,142.1568,50.0000,141.8253,141.8664,141.8068,0.7700,0.00,0.00,0.00,0.00,0.00,0.00,0.00,0.00
NVDA,1749245069411,141.7800,141.7500,141.7900,1800,300,59912,141.7800,141.7800,141.7800,141.7800,0.0400,142.1568,50.0000,141.8253,141.8664,141.8068,0.7700,0.00,0.00,0.00,0.00,0.00,0.00,0.00,0.00
NVDA,1749245069813,141.7800,141.7500,141.7900,1800,300,59914,141.7800,141.7800,141.7800,141.7800,0.0400,142.1568,50.0000,141.8253,141.8664,141.8068,0.7700,0.00,0.00,0.00,0.00,0.00,0.00,0.00,0.00
NVDA,1749245069813,141.7500,141.7500,141.7900,1800,300,60189,141.7800,141.7800,141.7800,141.7800,0.0400,142.1568,50.0000,141.8253,141.8664,141.8068,0.7700,0.00,0.00,0.00,0.00,0.00,0.00,0.00,0.00
NVDA,1749245069813,141.7500,141.7500,141.7900,1800,400,60189,141.7800,141.7800,141.7800,141.7800,0.0400,142.1568,50.0000,141.8253,141.8664,141.8068,0.7700,0.00,0.00,0.00,0.00,0.00,0.00,0.00,0.00
NVDA,1749245070168,141.7500,141.7500,141.7900,1800,400,60189,141.7800,141.7800,141.7800,141.7800,0.0400,142.1568,50.0000,141.8253,141.8664,141.8068,0.7700,0.00,0.00,0.00,0.00,0.00,0.00,0.00,0.00
NVDA,1749245070568,141.7500,141.7500,141.7900,1800,400,60189,141.7800,141.7900,141.7500,141.7500,0.0400,142.1568,50.0000,141.8253,141.8664,141.8068,0.7700,0.00,0.00,0.00,0.00,0.00,0.00,0.00,0.00
NVDA,1749245070822,141.7500,141.7500,141.7900,1800,400,60289,141.7800,141.7900,141.7500,141.7500,0.0400,142.1568,50.0000,141.8253,141.8664,141.8068,0.7700,0.00,0.00,0.00,0.00,0.00,0.00,0.00,0.00
NVDA,1749245074313,141.7500,141.7500,141.7900,1800,200,60289,141.7800,141.7900,141.7500,141.7500,0.0400,142.1568,50.0000,141.8253,141.8664,141.8068,0.7700,0.00,0.00,0.00,0.00,0.00,0.00,0.00,0.00
NVDA,1749245074671,141.7500,141.7500,141.7900,1800,200,60289,141.7800,141.7900,141.7500,141.7500,0.0400,142.1568,50.0000,141.8253,141.8664,141.8068,0.7700,0.00,0.00,0.00,0.00,0.00,0.00,0.00,0.00
NVDA,1749245075227,141.7800,141.7500,141.7900,1800,200,60309,141.7800,141.7900,141.7500,141.7500,0.0400,142.1568,50.0000,141.8253,141.8664,141.8068,0.7700,0.00,0.00,0.00,0.00,0.00,0.00,0.00,0.00
NVDA,1749245075422,141.7800,141.7500,141.7900,1800,200,60309,141.7800,141.7900,141.7500,141.7500,0.0400,142.1568,50.0000,141.8253,141.8664,141.8068,0.7700,0.00,0.00,0.00,0.00,0.00,0.00,0.00,0.00
NVDA,1749245075938,141.7500,141.7500,141.7900,1800,200,60319,141.7800,141.7900,141.7500,141.7500,0.0400,142.1568,50.0000,141.8253,141.8664,141.8068,0.7700,0.00,0.00,0.00,0.00,0.00,0.00,0.00,0.00
NVDA,1749245075938,141.7500,141.7500,141.7900,1900,200,60319,141.7800,141.7900,141.7500,141.7500,0.0400,142.1568,50.0000,141.8253,141.8664,141.8068,0.7700,0.00,0.00,0.00,0.00,0.00,0.00,0.00,0.00
NVDA,1749245076016,141.7500,141.7500,141.7900,1900,200,60319,141.7500,141.7500,141.7500,141.7500,0.0400,142.1568,50.0000,141.8253,141.8664,141.8068,0.7700,0.00,0.00,0.00,0.00,0.00,0.00,0.00,0.00
NVDA,1749245076676,141.7500,141.7500,141.7900,1900,200,60319,141.7500,141.7500,141.7500,141.7500,0.0400,142.1568,50.0000,141.8253,141.8664,141.8068,0.7700,0.00,0.00,0.00,0.00,0.00,0.00,0.00,0.00
NVDA,1749245077259,141.7700,141.7500,141.7900,1900,200,60320,141.7500,141.7500,141.7500,141.7500,0.0400,142.1568,50.0000,141.8253,141.8664,141.8068,0.7700,0.00,0.00,0.00,0.00,0.00,0.00,0.00,0.00
NVDA,1749245078254,141.7700,141.7500,141.7900,1900,300,60320,141.7500,141.7500,141.7500,141.7500,0.0400,142.1568,50.0000,141.8253,141.8664,141.8068,0.7700,0.00,0.00,0.00,0.00,0.00,0.00,0.00,0.00
NVDA,1749245078924,141.7700,141.7500,141.7900,1900,300,60320,141.7500,141.7500,141.7500,141.7500,0.0400,142.1568,50.0000,141.8253,141.8664,141.8068,0.7700,0.00,0.00,0.00,0.00,0.00,0.00,0.00,0.00
NVDA,1749245079181,141.7700,141.7500,141.7900,1900,300,60320,141.7500,141.7500,141.7500,141.7500,0.0400,142.1568,50.0000,141.8253,141.8664,141.8068,0.7700,0.00,0.00,0.00,0.00,0.00,0.00,0.00,0.00
NVDA,1749245079436,141.7700,141.7500,141.7900,1900,300,60320,141.7500,141.7500,141.7500,141.7500,0.0400,142.1568,50.0000,141.8253,141.8664,141.8068,0.7700,0.00,0.00,0.00,0.00,0.00,0.00,0.00,0.00
NVDA,1749245079635,141.7700,141.7500,141.7900,1900,300,60321,141.7500,141.7500,141.7500,141.7500,0.0400,142.1568,50.0000,141.8253,141.8664,141.8068,0.7700,0.00,0.00,0.00,0.00,0.00,0.00,0.00,0.00
NVDA,1749245079635,141.7500,141.7500,141.7900,1900,300,60596,141.7500,141.7500,141.7500,141.7500,0.0400,142.1568,50.0000,141.8253,141.8664,141.8068,0.7700,0.00,0.00,0.00,0.00,0.00,0.00,0.00,0.00
NVDA,1749245079635,141.7600,141.7500,141.7900,1900,300,60695,141.7500,141.7500,141.7500,141.7500,0.0400,142.1568,50.0000,141.8253,141.8664,141.8068,0.7700,0.00,0.00,0.00,0.00,0.00,0.00,0.00,0.00
NVDA,1749245079635,141.7600,141.7500,141.7900,1900,200,60695,141.7500,141.7500,141.7500,141.7500,0.0400,142.1568,50.0000,141.8253,141.8664,141.8068,0.7700,0.00,0.00,0.00,0.00,0.00,0.00,0.00,0.00
NVDA,1749245079635,141.7600,141.7500,141.7900,1800,200,60695,141.7500,141.7500,141.7500,141.7500,0.0400,142.1568,50.0000,141.8253,141.8664,141.8068,0.7700,0.00,0.00,0.00,0.00,0.00,0.00,0.00,0.00
NVDA,1749245080144,141.7900,141.7500,141.7900,1800,200,60696,141.7500,141.7500,141.7500,141.7500,0.0400,142.1568,50.0000,141.8253,141.8664,141.8068,0.7700,0.00,0.00,0.00,0.00,0.00,0.00,0.00,0.00
NVDA,1749245080735,141.7900,141.7500,141.7900,1900,200,60696,141.7500,141.7500,141.7500,141.7500,0.0400,142.1568,50.0000,141.8253,141.8664,141.8068,0.7700,0.00,0.00,0.00,0.00,0.00,0.00,0.00,0.00
NVDA,1749245081026,141.7900,141.7500,141.7900,1900,200,60696,141.7500,141.7500,141.7500,141.7500,0.0400,142.1568,50.0000,141.8253,141.8664,141.8068,0.7700,0.00,0.00,0.00,0.00,0.00,0.00,0.00,0.00
NVDA,1749245081358,141.7900,141.7600,141.7900,200,200,60696,141.7500,141.7500,141.7500,141.7500,0.0300,142.1568,50.0000,141.8253,141.8664,141.8068,0.7700,0.00,0.00,0.00,0.00,0.00,0.00,0.00,0.00
NVDA,1749245083930,141.7900,141.7600,141.7900,200,200,60696,141.7500,141.7500,141.7500,141.7500,0.0300,142.1568,50.0000,141.8253,141.8664,141.8068,0.7700,0.00,0.00,0.00,0.00,0.00,0.00,0.00,0.00
NVDA,1749245084546,141.7900,141.7600,141.7900,200,200,60697,141.7500,141.7500,141.7500,141.7500,0.0300,142.1568,50.0000,141.8253,141.8664,141.8068,0.7700,0.00,0.00,0.00,0.00,0.00,0.00,0.00,0.00
NVDA,1749245085189,141.7900,141.7600,141.7900,200,200,60697,141.7500,141.7500,141.7500,141.7500,0.0300,142.1568,50.0000,141.8253,141.8664,141.8068,0.7700,0.00,0.00,0.00,0.00,0.00,0.00,0.00,0.00
NVDA,1749245085612,141.7700,141.7600,141.7900,200,200,60698,141.7500,141.7500,141.7500,141.7500,0.0300,142.1568,50.0000,141.8253,141.8664,141.8068,0.7700,0.00,0.00,0.00,0.00,0.00,0.00,0.00,0.00
NVDA,1749245085690,141.7700,141.7600,141.7900,200,200,60698,141.7500,141.7500,141.7500,141.7500,0.0300,142.1568,50.0000,141.8253,141.8664,141.8068,0.7700,0.00,0.00,0.00,0.00,0.00,0.00,0.00,0.00
NVDA,1749245085997,141.7700,141.7600,141.7900,200,200,60698,141.7500,141.7500,141.7500,141.7500,0.0300,142.1568,50.0000,141.8253,141.8664,141.8068,0.7700,0.00,0.00,0.00,0.00,0.00,0.00,0.00,0.00
NVDA,1749245086192,141.7700,141.7600,141.7900,200,200,60698,141.7500,141.7500,141.7500,141.7500,0.0300,142.1568,50.0000,141.8253,141.8664,141.8068,0.7700,0.00,0.00,0.00,0.00,0.00,0.00,0.00,0.00
NVDA,1749245086378,141.7700,141.7600,141.7900,200,200,60699,141.7500,141.7500,141.7500,141.7500,0.0300,142.1568,50.0000,141.8253,141.8664,141.8068,0.7700,0.00,0.00,0.00,0.00,0.00,0.00,0.00,0.00
NVDA,1749245086378,141.7700,141.7600,141.7900,200,100,60700,141.7500,141.7500,141.7500,141.7500,0.0300,142.1568,50.0000,141.8253,141.8664,141.8068,0.7700,0.00,0.00,0.00,0.00,0.00,0.00,0.00,0.00
NVDA,1749245086378,141.7800,141.7600,141.7900,200,100,60705,141.7500,141.7500,141.7500,141.7500,0.0300,142.1568,50.0000,141.8253,141.8664,141.8068,0.7700,0.00,0.00,0.00,0.00,0.00,0.00,0.00,0.00
NVDA,1749245086924,141.7700,141.7600,141.7900,200,100,60779,141.7500,141.7500,141.7500,141.7500,0.0300,142.1568,50.0000,141.8253,141.8664,141.8068,0.7700,0.00,0.00,0.00,0.00,0.00,0.00,0.00,0.00
NVDA,1749245088947,141.7700,141.7600,141.7900,200,100,60779,141.7500,141.7500,141.7500,141.7500,0.0300,142.1568,50.0000,141.8253,141.8664,141.8068,0.7700,0.00,0.00,0.00,0.00,0.00,0.00,0.00,0.00
NVDA,1749245089543,141.7700,141.7600,141.7900,200,100,60783,141.7500,141.7500,141.7500,141.7500,0.0300,142.1568,50.0000,141.8253,141.8664,141.8068,0.7700,0.00,0.00,0.00,0.00,0.00,0.00,0.00,0.00
NVDA,1749245089543,141.7700,141.7600,141.7800,200,100,60786,141.7500,141.7500,141.7500,141.7500,0.0200,142.1568,50.0000,141.8253,141.8664,141.8068,0.7700,0.00,0.00,0.00,0.00,0.00,0.00,0.00,0.00
NVDA,1749245091025,,,,200,100,60786,,,,,141.91,13414,,,,,,0.00,0.00,0.00,0.00,0.00,0.00,0.00,0.00
NVDA,1749245092207,141.7700,141.7600,141.7700,200,500,60786,141.7500,141.7500,141.7500,141.7500,0.0100,142.1568,50.0000,141.8253,141.8664,141.8068,0.7700,0.00,0.00,0.00,0.00,0.00,0.00,0.00,0.00
NVDA,1749245092951,141.7700,141.7600,141.7700,200,500,60786,141.7500,141.7500,141.7500,141.7500,0.0100,142.1568,50.0000,141.8253,141.8664,141.8068,0.7700,0.00,0.00,0.00,0.00,0.00,0.00,0.00,0.00
NVDA,1749245093576,141.7700,141.7600,141.7700,200,500,60846,141.7500,141.7500,141.7500,141.7500,0.0100,142.1568,50.0000,141.8253,141.8664,141.8068,0.7700,0.00,0.00,0.00,0.00,0.00,0.00,0.00,0.00
NVDA,1749245094197,141.7700,141.7600,141.7700,200,500,60906,141.7500,141.7500,141.7500,141.7500,0.0100,142.1568,50.0000,141.8253,141.8664,141.8068,0.7700,0.00,0.00,0.00,0.00,0.00,0.00,0.00,0.00
NVDA,1749245094926,141.7700,141.7600,141.7700,200,500,60956,141.7500,141.7500,141.7500,141.7500,0.0100,142.1568,50.0000,141.8253,141.8664,141.8068,0.7700,0.00,0.00,0.00,0.00,0.00,0.00,0.00,0.00
NVDA,1749245096016,141.7700,141.7600,141.7700,200,500,60956,141.7500,141.7500,141.7500,141.7500,0.0100,142.1568,50.0000,141.8253,141.8664,141.8068,0.7700,0.00,0.00,0.00,0.00,0.00,0.00,0.00,0.00
NVDA,1749245096456,141.7700,141.7600,141.7700,200,500,60956,141.7500,141.7500,141.7500,141.7500,0.0100,142.1568,50.0000,141.8253,141.8664,141.8068,0.7700,0.00,0.00,0.00,0.00,0.00,0.00,0.00,0.00
NVDA,1749245097143,141.7600,141.7600,141.7700,200,500,60957,141.7500,141.7500,141.7500,141.7500,0.0100,142.1568,50.0000,141.8253,141.8664,141.8068,0.7700,0.00,0.00,0.00,0.00,0.00,0.00,0.00,0.00
NVDA,1749245097958,141.7600,141.7600,141.7700,200,500,60957,141.7500,141.7500,141.7500,141.7500,0.0100,142.1568,50.0000,141.8253,141.8664,141.8068,0.7700,0.00,0.00,0.00,0.00,0.00,0.00,0.00,0.00
NVDA,1749245098674,141.7600,141.7600,141.7700,100,500,60957,141.7500,141.7500,141.7500,141.7500,0.0100,142.1568,50.0000,141.8253,141.8664,141.8068,0.7700,0.00,0.00,0.00,0.00,0.00,0.00,0.00,0.00
NVDA,1749245098763,141.7600,141.7600,141.7700,100,500,61047,141.7500,141.7500,141.7500,141.7500,0.0100,142.1568,50.0000,141.8253,141.8664,141.8068,0.7700,0.00,0.00,0.00,0.00,0.00,0.00,0.00,0.00
NVDA,1749245099247,141.7600,141.7600,141.7800,100,100,61047,141.7500,141.7500,141.7500,141.7500,0.0200,142.1568,50.0000,141.8253,141.8664,141.8068,0.7700,0.00,0.00,0.00,0.00,0.00,0.00,0.00,0.00
NVDA,1749245099247,141.7600,141.7600,141.7900,100,100,61047,141.7500,141.7500,141.7500,141.7500,0.0300,142.1568,50.0000,141.8253,141.8664,141.8068,0.7700,0.00,0.00,0.00,0.00,0.00,0.00,0.00,0.00
NVDA,1749245099247,141.7700,141.7600,141.7900,100,100,61197,141.7500,141.7500,141.7500,141.7500,0.0300,142.1568,50.0000,141.8253,141.8664,141.8068,0.7700,0.00,0.00,0.00,0.00,0.00,0.00,0.00,0.00
NVDA,1749245100461,141.7700,141.7600,141.7900,100,100,61592,141.7500,141.7500,141.7500,141.7500,0.0300,142.1568,50.0000,141.8143,141.8593,141.7947,0.8100,0.00,0.00,0.00,0.00,0.00,0.00,0.00,0.00
NVDA,1749245100665,141.7700,141.7600,141.7900,100,300,61592,141.7500,141.7500,141.7500,141.7500,0.0300,142.1568,50.0000,141.8143,141.8593,141.7947,0.8100,0.00,0.00,0.00,0.00,0.00,0.00,0.00,0.00
NVDA,1749245100665,141.7700,141.7500,141.7900,1900,500,61592,141.7500,141.7500,141.7500,141.7500,0.0400,142.1568,50.0000,141.8143,141.8593,141.7947,0.8100,0.00,0.00,0.00,0.00,0.00,0.00,0.00,0.00
NVDA,1749245100665,141.7700,141.7500,141.7800,1900,100,61592,141.7500,141.7500,141.7500,141.7500,0.0300,142.1568,50.0000,141.8143,141.8593,141.7947,0.8100,0.00,0.00,0.00,0.00,0.00,0.00,0.00,0.00
NVDA,1749245100665,141.7700,141.7500,141.7800,1800,100,61592,141.7500,141.7500,141.7500,141.7500,0.0300,142.1568,50.0000,141.8143,141.8593,141.7947,0.8100,0.00,0.00,0.00,0.00,0.00,0.00,0.00,0.00
NVDA,1749245100665,141.7700,141.7500,141.7600,1800,9200,61592,141.7500,141.7500,141.7500,141.7500,0.0100,142.1568,50.0000,141.8143,141.8593,141.7947,0.8100,0.00,0.00,0.00,0.00,0.00,0.00,0.00,0.00
NVDA,1749245100665,141.7600,141.7500,141.7600,1800,9200,61702,141.7500,141.7500,141.7500,141.7500,0.0100,142.1568,50.0000,141.8143,141.8593,141.7947,0.8100,0.00,0.00,0.00,0.00,0.00,0.00,0.00,0.00
NVDA,1749245100665,141.7500,141.7500,141.7600,1800,9200,61737,141.7500,141.7500,141.7500,141.7500,0.0100,142.1568,50.0000,141.8143,141.8593,141.7947,0.8100,0.00,0.00,0.00,0.00,0.00,0.00,0.00,0.00
NVDA,1749245100744,141.7500,141.7500,141.7600,1800,9200,61803,141.7700,141.7700,141.7700,141.7700,0.0100,142.1568,50.0000,141.8143,141.8593,141.7947,0.8100,0.00,0.00,0.00,0.00,0.00,0.00,0.00,0.00
NVDA,1749245101211,141.7500,141.7500,141.7600,1800,9200,61803,141.7700,141.7700,141.7700,141.7700,0.0100,142.1568,50.0000,141.8143,141.8593,141.7947,0.8100,0.00,0.00,0.00,0.00,0.00,0.00,0.00,0.00
NVDA,1749245101710,141.7500,141.7500,141.7600,1800,9200,61803,141.7700,141.7700,141.7700,141.7700,0.0100,142.1568,50.0000,141.8143,141.8593,141.7947,0.8100,0.00,0.00,0.00,0.00,0.00,0.00,0.00,0.00
NVDA,1749245101868,141.7600,141.7500,141.7600,1800,9200,61804,141.7700,141.7700,141.7700,141.7700,0.0100,142.1568,50.0000,141.8143,141.8593,141.7947,0.8100,0.00,0.00,0.00,0.00,0.00,0.00,0.00,0.00
NVDA,1749245101868,141.7600,141.7500,141.7600,1800,9100,61804,141.7700,141.7700,141.7700,141.7700,0.0100,142.1568,50.0000,141.8143,141.8593,141.7947,0.8100,0.00,0.00,0.00,0.00,0.00,0.00,0.00,0.00
NVDA,1749245102456,141.7600,141.7500,141.7600,1800,9100,61954,141.7700,141.7700,141.7700,141.7700,0.0100,142.1568,50.0000,141.8143,141.8593,141.7947,0.8100,0.00,0.00,0.00,0.00,0.00,0.00,0.00,0.00
NVDA,1749245102715,141.7600,141.7500,141.7600,1800,9100,61954,141.7700,141.7700,141.7700,141.7700,0.0100,142.1568,50.0000,141.8143,141.8593,141.7947,0.8100,0.00,0.00,0.00,0.00,0.00,0.00,0.00,0.00
NVDA,1749245102961,141.7600,141.7500,141.7600,1800,9100,61954,141.7700,141.7700,141.7700,141.7700,0.0100,142.1568,50.0000,141.8143,141.8593,141.7947,0.8100,0.00,0.00,0.00,0.00,0.00,0.00,0.00,0.00
NVDA,1749245103193,141.7500,141.7500,141.7600,1800,9100,62054,141.7700,141.7700,141.7700,141.7700,0.0100,142.1568,50.0000,141.8143,141.8593,141.7947,0.8100,0.00,0.00,0.00,0.00,0.00,0.00,0.00,0.00
NVDA,1749245103193,141.7600,141.7500,141.7600,1800,9100,62956,141.7700,141.7700,141.7700,141.7700,0.0100,142.1568,50.0000,141.8143,141.8593,141.7947,0.8100,0.00,0.00,0.00,0.00,0.00,0.00,0.00,0.00
NVDA,1749245103193,141.7600,141.7500,141.7600,1600,9100,62956,141.7700,141.7700,141.7700,141.7700,0.0100,142.1568,50.0000,141.8143,141.8593,141.7947,0.8100,0.00,0.00,0.00,0.00,0.00,0.00,0.00,0.00
NVDA,1749245103193,141.7600,141.7500,141.7600,900,9100,62956,141.7700,141.7700,141.7700,141.7700,0.0100,142.1568,50.0000,141.8143,141.8593,141.7947,0.8100,0.00,0.00,0.00,0.00,0.00,0.00,0.00,0.00
NVDA,1749245103193,141.7600,141.7500,141.7600,800,9100,62956,141.7700,141.7700,141.7700,141.7700,0.0100,142.1568,50.0000,141.8143,141.8593,141.7947,0.8100,0.00,0.00,0.00,0.00,0.00,0.00,0.00,0.00
NVDA,1749245103193,141.7600,141.7500,141.7600,700,9100,62956,141.7700,141.7700,141.7700,141.7700,0.0100,142.1568,50.0000,141.8143,141.8593,141.7947,0.8100,0.00,0.00,0.00,0.00,0.00,0.00,0.00,0.00
NVDA,1749245103193,141.7500,141.7500,141.7600,700,9100,63056,141.7700,141.7700,141.7700,141.7700,0.0100,142.1568,50.0000,141.8143,141.8593,141.7947,0.8100,0.00,0.00,0.00,0.00,0.00,0.00,0.00,0.00
NVDA,1749245103460,141.7500,141.7500,141.7600,700,9100,63056,141.7700,141.7700,141.7700,141.7700,0.0100,142.1568,50.0000,141.8143,141.8593,141.7947,0.8100,0.00,0.00,0.00,0.00,0.00,0.00,0.00,0.00
NVDA,1749245103823,141.7500,141.7500,141.7600,700,9000,63056,141.7700,141.7700,141.7700,141.7700,0.0100,142.1568,50.0000,141.8143,141.8593,141.7947,0.8100,0.00,0.00,0.00,0.00,0.00,0.00,0.00,0.00
NVDA,1749245103823,141.7600,141.7500,141.7600,700,9000,63162,141.7700,141.7700,141.7700,141.7700,0.0100,142.1568,50.0000,141.8143,141.8593,141.7947,0.8100,0.00,0.00,0.00,0.00,0.00,0.00,0.00,0.00
NVDA,1749245105710,141.7600,141.7500,141.7600,700,9000,63162,141.7700,141.7700,141.7700,141.7700,0.0100,142.1568,50.0000,141.8143,141.8593,141.7947,0.8100,0.00,0.00,0.00,0.00,0.00,0.00,0.00,0.00
NVDA,1749245106024,141.7600,141.7500,141.7600,700,9000,63162,141.7600,141.7600,141.7500,141.7600,0.0100,142.1568,50.0000,141.8143,141.8593,141.7947,0.8100,0.00,0.00,0.00,0.00,0.00,0.00,0.00,0.00
NVDA,1749245106315,141.7600,141.7500,141.7600,600,9000,63162,141.7600,141.7600,141.7500,141.7600,0.0100,142.1568,50.0000,141.8143,141.8593,141.7947,0.8100,0.00,0.00,0.00,0.00,0.00,0.00,0.00,0.00
NVDA,1749245106315,141.7500,141.7500,141.7600,600,9000,63208,141.7600,141.7600,141.7500,141.7600,0.0100,142.1568,50.0000,141.8143,141.8593,141.7947,0.8100,0.00,0.00,0.00,0.00,0.00,0.00,0.00,0.00
NVDA,1749245106719,141.7500,141.7500,141.7600,600,9000,63262,141.7600,141.7600,141.7500,141.7600,0.0100,142.1568,50.0000,141.8143,141.8593,141.7947,0.8100,0.00,0.00,0.00,0.00,0.00,0.00,0.00,0.00
NVDA,1749245107165,141.7500,141.7500,141.7600,600,9000,63762,141.7600,141.7600,141.7500,141.7600,0.0100,142.1568,50.0000,141.8143,141.8593,141.7947,0.8100,0.00,0.00,0.00,0.00,0.00,0.00,0.00,0.00
NVDA,1749245109466,141.7500,141.7500,141.7600,600,9000,63762,141.7600,141.7600,141.7500,141.7600,0.0100,142.1568,50.0000,141.8143,141.8593,141.7947,0.8100,0.00,0.00,0.00,0.00,0.00,0.00,0.00,0.00
NVDA,1749245110197,141.7500,141.7500,141.7600,600,9000,63936,141.7600,141.7600,141.7500,141.7600,0.0100,142.1568,50.0000,141.8143,141.8593,141.7947,0.8100,0.00,0.00,0.00,0.00,0.00,0.00,0.00,0.00
NVDA,1749245110465,141.7500,141.7500,141.7600,600,9000,63936,141.7600,141.7600,141.7500,141.7600,0.0100,142.1568,50.0000,141.8143,141.8593,141.7947,0.8100,0.00,0.00,0.00,0.00,0.00,0.00,0.00,0.00
NVDA,1749245110713,141.7500,141.7500,141.7600,600,9000,63936,141.7600,141.7600,141.7500,141.7600,0.0100,142.1568,50.0000,141.8143,141.8593,141.7947,0.8100,0.00,0.00,0.00,0.00,0.00,0.00,0.00,0.00
NVDA,1749245110812,141.7500,141.7500,141.7600,600,9000,63938,141.7600,141.7600,141.7500,141.7600,0.0100,142.1568,50.0000,141.8143,141.8593,141.7947,0.8100,0.00,0.00,0.00,0.00,0.00,0.00,0.00,0.00
NVDA,1749245110812,141.7500,141.7500,141.7600,500,9000,63949,141.7600,141.7600,141.7500,141.7600,0.0100,142.1568,50.0000,141.8143,141.8593,141.7947,0.8100,0.00,0.00,0.00,0.00,0.00,0.00,0.00,0.00
NVDA,1749245111037,141.7500,141.7500,141.7600,500,9000,63949,141.7500,141.7600,141.7500,141.7500,0.0100,142.1568,50.0000,141.8143,141.8593,141.7947,0.8100,0.00,0.00,0.00,0.00,0.00,0.00,0.00,0.00
NVDA,1749245111345,141.7500,141.7500,141.7600,500,9000,63993,141.7500,141.7600,141.7500,141.7500,0.0100,142.1568,50.0000,141.8143,141.8593,141.7947,0.8100,0.00,0.00,0.00,0.00,0.00,0.00,0.00,0.00
NVDA,1749245111345,141.7500,141.7500,141.7600,300,9000,64312,141.7500,141.7600,141.7500,141.7500,0.0100,142.1568,50.0000,141.8143,141.8593,141.7947,0.8100,0.00,0.00,0.00,0.00,0.00,0.00,0.00,0.00
NVDA,1749245114981,141.7500,141.7500,141.7600,300,9000,64312,141.7500,141.7600,141.7500,141.7500,0.0100,142.1568,50.0000,141.8143,141.8593,141.7947,0.8100,0.00,0.00,0.00,0.00,0.00,0.00,0.00,0.00
NVDA,1749245115227,141.7500,141.7500,141.7600,300,9000,64312,141.7500,141.7600,141.7500,141.7500,0.0100,142.1568,50.0000,141.8143,141.8593,141.7947,0.8100,0.00,0.00,0.00,0.00,0.00,0.00,0.00,0.00
NVDA,1749245115703,141.7600,141.7500,141.7600,300,9000,66112,141.7500,141.7600,141.7500,141.7500,0.0100,142.1568,50.0000,141.8143,141.8593,141.7947,0.8100,0.00,0.00,0.00,0.00,0.00,0.00,0.00,0.00
NVDA,1749245115703,141.7500,141.7500,141.7600,300,9000,66113,141.7500,141.7600,141.7500,141.7500,0.0100,142.1568,50.0000,141.8143,141.8593,141.7947,0.8100,0.00,0.00,0.00,0.00,0.00,0.00,0.00,0.00
NVDA,1749245116024,141.7500,141.7500,141.7600,300,9000,66113,141.7500,141.7600,141.7500,141.7600,0.0100,142.1568,50.0000,141.8143,141.8593,141.7947,0.8100,0.00,0.00,0.00,0.00,0.00,0.00,0.00,0.00
NVDA,1749245116729,141.7500,141.7500,141.7600,300,9000,66113,141.7500,141.7600,141.7500,141.7600,0.0100,142.1568,50.0000,141.8143,141.8593,141.7947,0.8100,0.00,0.00,0.00,0.00,0.00,0.00,0.00,0.00
NVDA,1749245116975,141.7500,141.7500,141.7600,300,9000,66113,141.7500,141.7600,141.7500,141.7600,0.0100,142.1568,50.0000,141.8143,141.8593,141.7947,0.8100,0.00,0.00,0.00,0.00,0.00,0.00,0.00,0.00
NVDA,1749245117250,141.7600,141.7500,141.7600,300,9000,66114,141.7500,141.7600,141.7500,141.7600,0.0100,142.1568,50.0000,141.8143,141.8593,141.7947,0.8100,0.00,0.00,0.00,0.00,0.00,0.00,0.00,0.00
NVDA,1749245117250,141.7500,141.7500,141.7600,300,9000,66274,141.7500,141.7600,141.7500,141.7600,0.0100,142.1568,50.0000,141.8143,141.8593,141.7947,0.8100,0.00,0.00,0.00,0.00,0.00,0.00,0.00,0.00
NVDA,1749245117250,141.7500,141.7500,141.7600,200,9000,66274,141.7500,141.7600,141.7500,141.7600,0.0100,142.1568,50.0000,141.8143,141.8593,141.7947,0.8100,0.00,0.00,0.00,0.00,0.00,0.00,0.00,0.00
NVDA,1749245121019,141.7500,141.7500,141.7600,200,9000,66274,141.7500,141.7500,141.7500,141.7500,0.0100,142.1568,50.0000,141.8143,141.8593,141.7947,0.8100,0.00,0.00,0.00,0.00,0.00,0.00,0.00,0.00
NVDA,1749245122485,141.7500,141.7500,141.7600,200,9000,66274,141.7500,141.7500,141.7500,141.7500,0.0100,142.1568,50.0000,141.8143,141.8593,141.7947,0.8100,0.00,0.00,0.00,0.00,0.00,0.00,0.00,0.00
NVDA,1749245123057,141.7600,141.7500,141.7600,200,9000,66275,141.7500,141.7500,141.7500,141.7500,0.0100,142.1568,50.0000,141.8143,141.8593,141.7947,0.8100,0.00,0.00,0.00,0.00,0.00,0.00,0.00,0.00
NVDA,1749245123232,141.7600,141.7500,141.7600,200,9000,66275,141.7500,141.7500,141.7500,141.7500,0.0100,142.1568,50.0000,141.8143,141.8593,141.7947,0.8100,0.00,0.00,0.00,0.00,0.00,0.00,0.00,0.00
NVDA,1749245123835,141.7600,141.7500,141.7600,200,9000,66276,141.7500,141.7500,141.7500,141.7500,0.0100,142.1568,50.0000,141.8143,141.8593,141.7947,0.8100,0.00,0.00,0.00,0.00,0.00,0.00,0.00,0.00
NVDA,1749245123835,141.7500,141.7500,141.7600,200,9000,66278,141.7500,141.7500,141.7500,141.7500,0.0100,142.1568,50.0000,141.8143,141.8593,141.7947,0.8100,0.00,0.00,0.00,0.00,0.00,0.00,0.00,0.00
NVDA,1749245125489,141.7500,141.7500,141.7600,200,9000,66278,141.7500,141.7500,141.7500,141.7500,0.0100,142.1568,50.0000,141.8143,141.8593,141.7947,0.8100,0.00,0.00,0.00,0.00,0.00,0.00,0.00,0.00
NVDA,1749245125690,141.7500,141.7500,141.7600,200,9000,66278,141.7500,141.7500,141.7500,141.7500,0.0100,142.1568,50.0000,141.8143,141.8593,141.7947,0.8100,0.00,0.00,0.00,0.00,0.00,0.00,0.00,0.00
NVDA,1749245125940,141.7600,141.7500,141.7600,200,9000,66453,141.7500,141.7500,141.7500,141.7500,0.0100,142.1568,50.0000,141.8143,141.8593,141.7947,0.8100,0.00,0.00,0.00,0.00,0.00,0.00,0.00,0.00
NVDA,1749245125940,141.7600,141.7500,141.7600,200,8800,66453,141.7500,141.7500,141.7500,141.7500,0.0100,142.1568,50.0000,141.8143,141.8593,141.7947,0.8100,0.00,0.00,0.00,0.00,0.00,0.00,0.00,0.00
NVDA,1749245129636,141.7600,141.7500,141.7600,200,13300,66453,141.7500,141.7500,141.7500,141.7500,0.0100,142.1568,50.0000,141.8143,141.8593,141.7947,0.8100,0.00,0.00,0.00,0.00,0.00,0.00,0.00,0.00
NVDA,1749245129749,141.7600,141.7500,141.7600,200,13300,66453,141.7500,141.7500,141.7500,141.7500,0.0100,142.1568,50.0000,141.8143,141.8593,141.7947,0.8100,0.00,0.00,0.00,0.00,0.00,0.00,0.00,0.00
NVDA,1749245130470,141.7500,141.7500,141.7600,200,13300,66503,141.7500,141.7500,141.7500,141.7500,0.0100,142.1568,50.0000,141.8143,141.8593,141.7947,0.8100,0.00,0.00,0.00,0.00,0.00,0.00,0.00,0.00
NVDA,1749245131035,141.7500,141.7500,141.7600,200,13300,66503,141.7600,141.7600,141.7600,141.7600,0.0100,142.1568,50.0000,141.8143,141.8593,141.7947,0.8100,0.00,0.00,0.00,0.00,0.00,0.00,0.00,0.00
NVDA,1749245131747,141.7500,141.7500,141.7600,200,13300,66503,141.7600,141.7600,141.7600,141.7600,0.0100,142.1568,50.0000,141.8143,141.8593,141.7947,0.8100,0.00,0.00,0.00,0.00,0.00,0.00,0.00,0.00
NVDA,1749245131993,141.7500,141.7500,141.7600,200,13300,66503,141.7600,141.7600,141.7600,141.7600,0.0100,142.1568,50.0000,141.8143,141.8593,141.7947,0.8100,0.00,0.00,0.00,0.00,0.00,0.00,0.00,0.00
NVDA,1749245132165,141.7500,141.7500,141.7600,200,8800,66503,141.7600,141.7600,141.7600,141.7600,0.0100,142.1568,50.0000,141.8143,141.8593,141.7947,0.8100,0.00,0.00,0.00,0.00,0.00,0.00,0.00,0.00
NVDA,1749245132165,141.7500,141.7400,141.7600,800,8800,66503,141.7600,141.7600,141.7600,141.7600,0.0200,142.1568,50.0000,141.8143,141.8593,141.7947,0.8100,0.00,0.00,0.00,0.00,0.00,0.00,0.00,0.00
NVDA,1749245132165,141.7500,141.7500,141.7600,500,8800,66503,141.7600,141.7600,141.7600,141.7600,0.0100,142.1568,50.0000,141.8143,141.8593,141.7947,0.8100,0.00,0.00,0.00,0.00,0.00,0.00,0.00,0.00
NVDA,1749245132165,141.7500,141.7500,141.7600,400,8800,66503,141.7600,141.7600,141.7600,141.7600,0.0100,142.1568,50.0000,141.8143,141.8593,141.7947,0.8100,0.00,0.00,0.00,0.00,0.00,0.00,0.00,0.00
NVDA,1749245132165,141.7500,141.7400,141.7600,700,8800,66503,141.7600,141.7600,141.7600,141.7600,0.0200,142.1568,50.0000,141.8143,141.8593,141.7947,0.8100,0.00,0.00,0.00,0.00,0.00,0.00,0.00,0.00
NVDA,1749245132165,141.7500,141.7500,141.7500,500,4100,66503,141.7600,141.7600,141.7600,141.7600,0.0000,142.1568,50.0000,141.8143,141.8593,141.7947,0.8100,0.00,0.00,0.00,0.00,0.00,0.00,0.00,0.00
NVDA,1749245132165,141.7500,141.7400,141.7500,700,4100,66503,141.7600,141.7600,141.7600,141.7600,0.0100,142.1568,50.0000,141.8143,141.8593,141.7947,0.8100,0.00,0.00,0.00,0.00,0.00,0.00,0.00,0.00
NVDA,1749245132165,141.7500,141.7400,141.7500,700,2700,66503,141.7600,141.7600,141.7600,141.7600,0.0100,142.1568,50.0000,141.8143,141.8593,141.7947,0.8100,0.00,0.00,0.00,0.00,0.00,0.00,0.00,0.00
NVDA,1749245132165,141.7500,141.7400,141.7500,700,2800,66503,141.7600,141.7600,141.7600,141.7600,0.0100,142.1568,50.0000,141.8143,141.8593,141.7947,0.8100,0.00,0.00,0.00,0.00,0.00,0.00,0.00,0.00
NVDA,1749245132165,141.7400,141.7400,141.7500,700,2800,68944,141.7600,141.7600,141.7600,141.7600,0.0100,142.1568,50.0000,141.8143,141.8593,141.7947,0.8100,0.00,0.00,0.00,0.00,0.00,0.00,0.00,0.00
NVDA,1749245132165,141.7400,141.7400,141.7500,700,3000,69093,141.7600,141.7600,141.7600,141.7600,0.0100,142.1568,50.0000,141.8143,141.8593,141.7947,0.8100,0.00,0.00,0.00,0.00,0.00,0.00,0.00,0.00
NVDA,1749245132165,141.7400,141.7400,141.7500,600,3000,69093,141.7600,141.7600,141.7600,141.7600,0.0100,142.1568,50.0000,141.8143,141.8593,141.7947,0.8100,0.00,0.00,0.00,0.00,0.00,0.00,0.00,0.00
NVDA,1749245132994,141.7400,141.7400,141.7500,600,3000,69093,141.7600,141.7600,141.7600,141.7600,0.0100,142.1568,50.0000,141.8143,141.8593,141.7947,0.8100,0.00,0.00,0.00,0.00,0.00,0.00,0.00,0.00
NVDA,1749245133536,141.7400,141.7400,141.7500,600,3100,69093,141.7600,141.7600,141.7600,141.7600,0.0100,142.1568,50.0000,141.8143,141.8593,141.7947,0.8100,0.00,0.00,0.00,0.00,0.00,0.00,0.00,0.00
NVDA,1749245133536,141.7500,141.7400,141.7500,600,3100,69094,141.7600,141.7600,141.7600,141.7600,0.0100,142.1568,50.0000,141.8143,141.8593,141.7947,0.8100,0.00,0.00,0.00,0.00,0.00,0.00,0.00,0.00
NVDA,1749245134798,141.7500,141.7400,141.7500,600,3000,69094,141.7600,141.7600,141.7600,141.7600,0.0100,142.1568,50.0000,141.8143,141.8593,141.7947,0.8100,0.00,0.00,0.00,0.00,0.00,0.00,0.00,0.00
NVDA,1749245136026,141.7500,141.7400,141.7500,600,3000,69094,141.7500,141.7500,141.7400,141.7400,0.0100,142.1568,50.0000,141.8143,141.8593,141.7947,0.8100,0.00,0.00,0.00,0.00,0.00,0.00,0.00,0.00
NVDA,1749245136752,141.7500,141.7400,141.7500,600,3000,69094,141.7500,141.7500,141.7400,141.7400,0.0100,142.1568,50.0000,141.8143,141.8593,141.7947,0.8100,0.00,0.00,0.00,0.00,0.00,0.00,0.00,0.00
NVDA,1749245137431,141.7500,141.7400,141.7500,500,3000,69094,141.7500,141.7500,141.7400,141.7400,0.0100,142.1568,50.0000,141.8143,141.8593,141.7947,0.8100,0.00,0.00,0.00,0.00,0.00,0.00,0.00,0.00
NVDA,1749245137431,141.7400,141.7400,141.7500,500,3000,69155,141.7500,141.7500,141.7400,141.7400,0.0100,142.1568,50.0000,141.8143,141.8593,141.7947,0.8100,0.00,0.00,0.00,0.00,0.00,0.00,0.00,0.00
NVDA,1749245138166,141.7400,141.7400,141.7500,500,3000,69195,141.7500,141.7500,141.7400,141.7400,0.0100,142.1568,50.0000,141.8143,141.8593,141.7947,0.8100,0.00,0.00,0.00,0.00,0.00,0.00,0.00,0.00
NVDA,1749245138254,141.7400,141.7400,141.7500,500,3000,69195,141.7500,141.7500,141.7400,141.7400,0.0100,142.1568,50.0000,141.8143,141.8593,141.7947,0.8100,0.00,0.00,0.00,0.00,0.00,0.00,0.00,0.00
NVDA,1749245138900,141.7400,141.7400,141.7500,500,3000,69196,141.7500,141.7500,141.7400,141.7400,0.0100,142.1568,50.0000,141.8143,141.8593,141.7947,0.8100,0.00,0.00,0.00,0.00,0.00,0.00,0.00,0.00
NVDA,1749245138900,141.7400,141.7300,141.7500,1100,3000,69196,141.7500,141.7500,141.7400,141.7400,0.0200,142.1568,50.0000,141.8143,141.8593,141.7947,0.8100,0.00,0.00,0.00,0.00,0.00,0.00,0.00,0.00
NVDA,1749245139506,141.7400,141.7300,141.7500,1100,3000,69196,141.7500,141.7500,141.7400,141.7400,0.0200,142.1568,50.0000,141.8143,141.8593,141.7947,0.8100,0.00,0.00,0.00,0.00,0.00,0.00,0.00,0.00
NVDA,1749245140139,141.7400,141.7300,141.7500,1100,3000,69197,141.7500,141.7500,141.7400,141.7400,0.0200,142.1568,50.0000,141.8143,141.8593,141.7947,0.8100,0.00,0.00,0.00,0.00,0.00,0.00,0.00,0.00
NVDA,1749245141028,141.7400,141.7300,141.7500,1100,3000,69197,141.7400,141.7400,141.7400,141.7400,0.0200,142.1568,50.0000,141.8143,141.8593,141.7947,0.8100,0.00,0.00,0.00,0.00,0.00,0.00,0.00,0.00
NVDA,1749245141260,141.7400,141.7300,141.7500,1100,3000,69197,141.7400,141.7400,141.7400,141.7400,0.0200,142.1568,50.0000,141.8143,141.8593,141.7947,0.8100,0.00,0.00,0.00,0.00,0.00,0.00,0.00,0.00
NVDA,1749245141920,141.7500,141.7300,141.7500,1100,3000,69247,141.7400,141.7400,141.7400,141.7400,0.0200,142.1568,50.0000,141.8143,141.8593,141.7947,0.8100,0.00,0.00,0.00,0.00,0.00,0.00,0.00,0.00
NVDA,1749245142259,141.7500,141.7300,141.7500,1100,3000,69248,141.7400,141.7400,141.7400,141.7400,0.0200,142.1568,50.0000,141.8143,141.8593,141.7947,0.8100,0.00,0.00,0.00,0.00,0.00,0.00,0.00,0.00
NVDA,1749245142948,141.7500,141.7300,141.7500,1100,3000,69258,141.7400,141.7400,141.7400,141.7400,0.0200,142.1568,50.0000,141.8143,141.8593,141.7947,0.8100,0.00,0.00,0.00,0.00,0.00,0.00,0.00,0.00
NVDA,1749245143960,141.7500,141.7300,141.7500,1100,3100,69258,141.7400,141.7400,141.7400,141.7400,0.0200,142.1568,50.0000,141.8143,141.8593,141.7947,0.8100,0.00,0.00,0.00,0.00,0.00,0.00,0.00,0.00
NVDA,1749245144511,141.7500,141.7300,141.7500,1100,3100,69258,141.7400,141.7400,141.7400,141.7400,0.0200,142.1568,50.0000,141.8143,141.8593,141.7947,0.8100,0.00,0.00,0.00,0.00,0.00,0.00,0.00,0.00
NVDA,1749245144711,141.7500,141.7400,141.7500,500,3100,69258,141.7400,141.7400,141.7400,141.7400,0.0100,142.1568,50.0000,141.8143,141.8593,141.7947,0.8100,0.00,0.00,0.00,0.00,0.00,0.00,0.00,0.00
NVDA,1749245144711,141.7400,141.7400,141.7500,500,3100,69259,141.7400,141.7400,141.7400,141.7400,0.0100,142.1568,50.0000,141.8143,141.8593,141.7947,0.8100,0.00,0.00,0.00,0.00,0.00,0.00,0.00,0.00
NVDA,1749245146026,141.7400,141.7400,141.7500,500,3100,69259,141.7400,141.7400,141.7400,141.7400,0.0100,142.1568,50.0000,141.8143,141.8593,141.7947,0.8100,0.00,0.00,0.00,0.00,0.00,0.00,0.00,0.00
NVDA,1749245146509,141.7400,141.7400,141.7500,500,3100,69259,141.7400,141.7400,141.7400,141.7400,0.0100,142.1568,50.0000,141.8143,141.8593,141.7947,0.8100,0.00,0.00,0.00,0.00,0.00,0.00,0.00,0.00
NVDA,1749245146660,141.7400,141.7400,141.7500,500,3100,69260,141.7400,141.7400,141.7400,141.7400,0.0100,142.1568,50.0000,141.8143,141.8593,141.7947,0.8100,0.00,0.00,0.00,0.00,0.00,0.00,0.00,0.00
NVDA,1749245146660,141.7500,141.7400,141.7500,500,3100,69261,141.7400,141.7400,141.7400,141.7400,0.0100,142.1568,50.0000,141.8143,141.8593,141.7947,0.8100,0.00,0.00,0.00,0.00,0.00,0.00,0.00,0.00
NVDA,1749245147232,141.7500,141.7400,141.7500,500,3100,69265,141.7400,141.7400,141.7400,141.7400,0.0100,142.1568,50.0000,141.8143,141.8593,141.7947,0.8100,0.00,0.00,0.00,0.00,0.00,0.00,0.00,0.00
NVDA,1749245147232,141.7500,141.7400,141.7500,500,3000,69275,141.7400,141.7400,141.7400,141.7400,0.0100,142.1568,50.0000,141.8143,141.8593,141.7947,0.8100,0.00,0.00,0.00,0.00,0.00,0.00,0.00,0.00
NVDA,1749245147232,141.7500,141.7400,141.7500,500,300,69275,141.7400,141.7400,141.7400,141.7400,0.0100,142.1568,50.0000,141.8143,141.8593,141.7947,0.8100,0.00,0.00,0.00,0.00,0.00,0.00,0.00,0.00
NVDA,1749245147232,141.7500,141.7400,141.7500,500,3000,69275,141.7400,141.7400,141.7400,141.7400,0.0100,142.1568,50.0000,141.8143,141.8593,141.7947,0.8100,0.00,0.00,0.00,0.00,0.00,0.00,0.00,0.00
NVDA,1749245148018,141.7500,141.7400,141.7500,500,3000,69275,141.7400,141.7400,141.7400,141.7400,0.0100,142.1568,50.0000,141.8143,141.8593,141.7947,0.8100,0.00,0.00,0.00,0.00,0.00,0.00,0.00,0.00
NVDA,1749245148349,141.7400,141.7400,141.7500,500,3000,69276,141.7400,141.7400,141.7400,141.7400,0.0100,142.1568,50.0000,141.8143,141.8593,141.7947,0.8100,0.00,0.00,0.00,0.00,0.00,0.00,0.00,0.00
NVDA,1749245148766,141.7400,141.7400,141.7500,500,3000,69276,141.7400,141.7400,141.7400,141.7400,0.0100,142.1568,50.0000,141.8143,141.8593,141.7947,0.8100,0.00,0.00,0.00,0.00,0.00,0.00,0.00,0.00
NVDA,1749245149013,141.7400,141.7400,141.7500,500,3000,69276,141.7400,141.7400,141.7400,141.7400,0.0100,142.1568,50.0000,141.8143,141.8593,141.7947,0.8100,0.00,0.00,0.00,0.00,0.00,0.00,0.00,0.00
NVDA,1749245149485,141.7400,141.7400,141.7500,500,3000,69304,141.7400,141.7400,141.7400,141.7400,0.0100,142.1568,50.0000,141.8143,141.8593,141.7947,0.8100,0.00,0.00,0.00,0.00,0.00,0.00,0.00,0.00
NVDA,1749245151020,141.7400,141.7400,141.7500,500,3000,69415,141.7400,141.7400,141.7400,141.7400,0.0100,142.1568,50.0000,141.8143,141.8593,141.7947,0.8100,0.00,0.00,0.00,0.00,0.00,0.00,0.00,0.00
NVDA,1749245156028,141.7400,141.7400,141.7500,500,3000,69415,141.7400,141.7400,141.7400,141.7400,0.0100,142.1568,50.0000,141.8143,141.8593,141.7947,0.8100,0.00,0.00,0.00,0.00,0.00,0.00,0.00,0.00
NVDA,1749245156331,141.7400,141.7400,141.7500,500,3000,69415,141.7400,141.7400,141.7400,141.7400,0.0100,142.1568,50.0000,141.8143,141.8593,141.7947,0.8100,0.00,0.00,0.00,0.00,0.00,0.00,0.00,0.00
NVDA,1749245156520,141.7400,141.7400,141.7500,500,3000,69415,141.7400,141.7400,141.7400,141.7400,0.0100,142.1568,50.0000,141.8143,141.8593,141.7947,0.8100,0.00,0.00,0.00,0.00,0.00,0.00,0.00,0.00
NVDA,1749245156790,141.7400,141.7400,141.7500,500,3000,69425,141.7400,141.7400,141.7400,141.7400,0.0100,142.1568,50.0000,141.8143,141.8593,141.7947,0.8100,0.00,0.00,0.00,0.00,0.00,0.00,0.00,0.00
NVDA,1749245160553,141.7400,141.7400,141.7500,500,3100,69498,141.7400,141.7400,141.7400,141.7400,0.0100,142.1568,50.0000,141.7994,141.8504,141.7764,0.8400,0.00,0.00,0.00,0.00,0.00,0.00,0.00,0.00
NVDA,1749245161030,141.7400,141.7400,141.7500,500,3100,69498,141.7400,141.7400,141.7400,141.7400,0.0100,142.1568,50.0000,141.7994,141.8504,141.7764,0.8400,0.00,0.00,0.00,0.00,0.00,0.00,0.00,0.00
NVDA,1749245161781,141.7400,141.7400,141.7500,500,3100,69498,141.7400,141.7400,141.7400,141.7400,0.0100,142.1568,50.0000,141.7994,141.8504,141.7764,0.8400,0.00,0.00,0.00,0.00,0.00,0.00,0.00,0.00
NVDA,1749245162496,141.7400,141.7400,141.7500,500,3100,69499,141.7400,141.7400,141.7400,141.7400,0.0100,142.1568,50.0000,141.7994,141.8504,141.7764,0.8400,0.00,0.00,0.00,0.00,0.00,0.00,0.00,0.00
NVDA,1749245166033,141.7400,141.7400,141.7500,500,3100,69499,141.7400,141.7400,141.7400,141.7400,0.0100,142.1568,50.0000,141.7994,141.8504,141.7764,0.8400,0.00,0.00,0.00,0.00,0.00,0.00,0.00,0.00
NVDA,1749245166540,141.7400,141.7400,141.7500,500,3100,69499,141.7400,141.7400,141.7400,141.7400,0.0100,142.1568,50.0000,141.7994,141.8504,141.7764,0.8400,0.00,0.00,0.00,0.00,0.00,0.00,0.00,0.00
NVDA,1749245167032,141.7400,141.7400,141.7500,500,3100,69499,141.7400,141.7400,141.7400,141.7400,0.0100,142.1568,50.0000,141.7994,141.8504,141.7764,0.8400,0.00,0.00,0.00,0.00,0.00,0.00,0.00,0.00
NVDA,1749245167237,141.7400,141.7400,141.7500,500,3100,69502,141.7400,141.7400,141.7400,141.7400,0.0100,142.1568,50.0000,141.7994,141.8504,141.7764,0.8400,0.00,0.00,0.00,0.00,0.00,0.00,0.00,0.00
NVDA,1749245170291,141.7400,141.7400,141.7500,500,3100,69507,141.7400,141.7400,141.7400,141.7400,0.0100,142.1568,50.0000,141.7994,141.8504,141.7764,0.8400,0.00,0.00,0.00,0.00,0.00,0.00,0.00,0.00
NVDA,1749245170816,141.7500,141.7400,141.7500,500,3100,69508,141.7400,141.7400,141.7400,141.7400,0.0100,142.1568,50.0000,141.7994,141.8504,141.7764,0.8400,0.00,0.00,0.00,0.00,0.00,0.00,0.00,0.00
NVDA,1749245171041,141.7500,141.7400,141.7500,500,3100,69509,141.7400,141.7400,141.7400,141.7400,0.0100,142.1568,50.0000,141.7994,141.8504,141.7764,0.8400,0.00,0.00,0.00,0.00,0.00,0.00,0.00,0.00
NVDA,1749245171294,141.7500,141.7400,141.7500,500,3100,69509,141.7400,141.7400,141.7400,141.7400,0.0100,142.1568,50.0000,141.7994,141.8504,141.7764,0.8400,0.00,0.00,0.00,0.00,0.00,0.00,0.00,0.00
NVDA,1749245171862,141.7500,141.7400,141.7500,500,3100,69510,141.7400,141.7400,141.7400,141.7400,0.0100,142.1568,50.0000,141.7994,141.8504,141.7764,0.8400,0.00,0.00,0.00,0.00,0.00,0.00,0.00,0.00
NVDA,1749245172789,141.7500,141.7400,141.7500,500,3100,69510,141.7400,141.7400,141.7400,141.7400,0.0100,142.1568,50.0000,141.7994,141.8504,141.7764,0.8400,0.00,0.00,0.00,0.00,0.00,0.00,0.00,0.00
NVDA,1749245173051,141.7500,141.7400,141.7500,500,3100,69510,141.7400,141.7400,141.7400,141.7400,0.0100,142.1568,50.0000,141.7994,141.8504,141.7764,0.8400,0.00,0.00,0.00,0.00,0.00,0.00,0.00,0.00
NVDA,1749245173414,141.7400,141.7400,141.7500,500,3100,69511,141.7400,141.7400,141.7400,141.7400,0.0100,142.1568,50.0000,141.7994,141.8504,141.7764,0.8400,0.00,0.00,0.00,0.00,0.00,0.00,0.00,0.00
NVDA,1749245173799,141.7400,141.7400,141.7500,500,3100,69512,141.7400,141.7400,141.7400,141.7400,0.0100,142.1568,50.0000,141.7994,141.8504,141.7764,0.8400,0.00,0.00,0.00,0.00,0.00,0.00,0.00,0.00
NVDA,1749245174475,141.7400,141.7400,141.7500,500,3100,69513,141.7400,141.7400,141.7400,141.7400,0.0100,142.1568,50.0000,141.7994,141.8504,141.7764,0.8400,0.00,0.00,0.00,0.00,0.00,0.00,0.00,0.00
NVDA,1749245175549,141.7400,141.7400,141.7500,500,3100,69513,141.7400,141.7400,141.7400,141.7400,0.0100,142.1568,50.0000,141.7994,141.8504,141.7764,0.8400,0.00,0.00,0.00,0.00,0.00,0.00,0.00,0.00
NVDA,1749245175805,141.7400,141.7400,141.7500,500,3100,69513,141.7400,141.7400,141.7400,141.7400,0.0100,142.1568,50.0000,141.7994,141.8504,141.7764,0.8400,0.00,0.00,0.00,0.00,0.00,0.00,0.00,0.00
NVDA,1749245176010,141.7400,141.7400,141.7500,1000,3100,69513,141.7400,141.7400,141.7400,141.7400,0.0100,142.1568,50.0000,141.7994,141.8504,141.7764,0.8400,0.00,0.00,0.00,0.00,0.00,0.00,0.00,0.00
NVDA,1749245177052,141.7400,141.7400,141.7500,1000,3100,69515,141.7400,141.7400,141.7400,141.7400,0.0100,142.1568,50.0000,141.7994,141.8504,141.7764,0.8400,0.00,0.00,0.00,0.00,0.00,0.00,0.00,0.00
NVDA,1749245177432,141.7400,141.7400,141.7500,1000,3100,69526,141.7400,141.7400,141.7400,141.7400,0.0100,142.1568,50.0000,141.7994,141.8504,141.7764,0.8400,0.00,0.00,0.00,0.00,0.00,0.00,0.00,0.00
NVDA,1749245180176,141.7400,141.7400,141.7500,1100,3100,69526,141.7400,141.7400,141.7400,141.7400,0.0100,142.1568,50.0000,141.7994,141.8504,141.7764,0.8400,0.00,0.00,0.00,0.00,0.00,0.00,0.00,0.00
NVDA,1749245181037,141.7400,141.7400,141.7500,1100,3100,69526,141.7400,141.7400,141.7400,141.7400,0.0100,142.1568,50.0000,141.7994,141.8504,141.7764,0.8400,0.00,0.00,0.00,0.00,0.00,0.00,0.00,0.00
NVDA,1749245182555,141.7400,141.7400,141.7500,1100,3100,69526,141.7400,141.7400,141.7400,141.7400,0.0100,142.1568,50.0000,141.7994,141.8504,141.7764,0.8400,0.00,0.00,0.00,0.00,0.00,0.00,0.00,0.00
NVDA,1749245183121,141.7500,141.7400,141.7500,1100,3100,69656,141.7400,141.7400,141.7400,141.7400,0.0100,142.1568,50.0000,141.7994,141.8504,141.7764,0.8400,0.00,0.00,0.00,0.00,0.00,0.00,0.00,0.00
NVDA,1749245183121,141.7500,141.7400,141.7500,1100,2900,69986,141.7400,141.7400,141.7400,141.7400,0.0100,142.1568,50.0000,141.7994,141.8504,141.7764,0.8400,0.00,0.00,0.00,0.00,0.00,0.00,0.00,0.00
NVDA,1749245183121,141.7500,141.7400,141.7500,1100,2800,69986,141.7400,141.7400,141.7400,141.7400,0.0100,142.1568,50.0000,141.7994,141.8504,141.7764,0.8400,0.00,0.00,0.00,0.00,0.00,0.00,0.00,0.00
NVDA,1749245184814,141.7500,141.7400,141.7500,1100,2800,69986,141.7400,141.7400,141.7400,141.7400,0.0100,142.1568,50.0000,141.7994,141.8504,141.7764,0.8400,0.00,0.00,0.00,0.00,0.00,0.00,0.00,0.00
NVDA,1749245185328,141.7500,141.7400,141.7500,1100,2800,69991,141.7400,141.7400,141.7400,141.7400,0.0100,142.1568,50.0000,141.7994,141.8504,141.7764,0.8400,0.00,0.00,0.00,0.00,0.00,0.00,0.00,0.00
NVDA,1749245185565,141.7500,141.7400,141.7500,1100,2800,69996,141.7400,141.7400,141.7400,141.7400,0.0100,142.1568,50.0000,141.7994,141.8504,141.7764,0.8400,0.00,0.00,0.00,0.00,0.00,0.00,0.00,0.00
NVDA,1749245186029,141.7500,141.7400,141.7500,1100,2800,69996,141.7500,141.7500,141.7500,141.7500,0.0100,142.1568,50.0000,141.7994,141.8504,141.7764,0.8400,0.00,0.00,0.00,0.00,0.00,0.00,0.00,0.00
NVDA,1749245186138,141.7500,141.7400,141.7500,1100,2800,70056,141.7500,141.7500,141.7500,141.7500,0.0100,142.1568,50.0000,141.7994,141.8504,141.7764,0.8400,0.00,0.00,0.00,0.00,0.00,0.00,0.00,0.00
NVDA,1749245186138,141.7500,141.7400,141.7500,1100,100,70056,141.7500,141.7500,141.7500,141.7500,0.0100,142.1568,50.0000,141.7994,141.8504,141.7764,0.8400,0.00,0.00,0.00,0.00,0.00,0.00,0.00,0.00
NVDA,1749245186138,141.7500,141.7400,141.7500,1100,2700,70056,141.7500,141.7500,141.7500,141.7500,0.0100,142.1568,50.0000,141.7994,141.8504,141.7764,0.8400,0.00,0.00,0.00,0.00,0.00,0.00,0.00,0.00
NVDA,1749245186568,141.7500,141.7400,141.7500,1100,2700,70056,141.7500,141.7500,141.7500,141.7500,0.0100,142.1568,50.0000,141.7994,141.8504,141.7764,0.8400,0.00,0.00,0.00,0.00,0.00,0.00,0.00,0.00
NVDA,1749245187241,141.7400,141.7400,141.7500,1100,2700,70116,141.7500,141.7500,141.7500,141.7500,0.0100,142.1568,50.0000,141.7994,141.8504,141.7764,0.8400,0.00,0.00,0.00,0.00,0.00,0.00,0.00,0.00
NVDA,1749245187241,141.7400,141.7400,141.7500,1100,100,71235,141.7500,141.7500,141.7500,141.7500,0.0100,142.1568,50.0000,141.7994,141.8504,141.7764,0.8400,0.00,0.00,0.00,0.00,0.00,0.00,0.00,0.00
NVDA,1749245187241,141.7400,141.7400,141.7500,600,100,71235,141.7500,141.7500,141.7500,141.7500,0.0100,142.1568,50.0000,141.7994,141.8504,141.7764,0.8400,0.00,0.00,0.00,0.00,0.00,0.00,0.00,0.00
NVDA,1749245187241,141.7400,141.7400,141.7500,500,100,71235,141.7500,141.7500,141.7500,141.7500,0.0100,142.1568,50.0000,141.7994,141.8504,141.7764,0.8400,0.00,0.00,0.00,0.00,0.00,0.00,0.00,0.00
NVDA,1749245187241,141.7400,141.7300,141.7500,1200,100,71235,141.7500,141.7500,141.7500,141.7500,0.0200,142.1568,50.0000,141.7994,141.8504,141.7764,0.8400,0.00,0.00,0.00,0.00,0.00,0.00,0.00,0.00
NVDA,1749245187241,141.7400,141.7300,141.7400,1200,2900,71235,141.7500,141.7500,141.7500,141.7500,0.0100,142.1568,50.0000,141.7994,141.8504,141.7764,0.8400,0.00,0.00,0.00,0.00,0.00,0.00,0.00,0.00
NVDA,1749245190309,141.7400,141.7300,141.7400,1200,3000,71235,141.7500,141.7500,141.7500,141.7500,0.0100,142.1568,50.0000,141.7994,141.8504,141.7764,0.8400,0.00,0.00,0.00,0.00,0.00,0.00,0.00,0.00
NVDA,1749245190573,141.7400,141.7300,141.7400,1200,3000,71235,141.7500,141.7500,141.7500,141.7500,0.0100,142.1568,50.0000,141.7994,141.8504,141.7764,0.8400,0.00,0.00,0.00,0.00,0.00,0.00,0.00,0.00
NVDA,1749245190825,141.7400,141.7300,141.7400,1200,3000,71235,141.7500,141.7500,141.7500,141.7500,0.0100,142.1568,50.0000,141.7994,141.8504,141.7764,0.8400,0.00,0.00,0.00,0.00,0.00,0.00,0.00,0.00
NVDA,1749245191080,141.7300,141.7300,141.7400,1200,3000,71435,141.7400,141.7400,141.7400,141.7400,0.0100,142.1568,50.0000,141.7994,141.8504,141.7764,0.8400,0.00,0.00,0.00,0.00,0.00,0.00,0.00,0.00
NVDA,1749245191080,141.7300,141.7300,141.7400,1200,100,71435,141.7400,141.7400,141.7400,141.7400,0.0100,142.1568,50.0000,141.7994,141.8504,141.7764,0.8400,0.00,0.00,0.00,0.00,0.00,0.00,0.00,0.00
NVDA,1749245191080,141.7300,141.7300,141.7400,200,100,71435,141.7400,141.7400,141.7400,141.7400,0.0100,142.1568,50.0000,141.7994,141.8504,141.7764,0.8400,0.00,0.00,0.00,0.00,0.00,0.00,0.00,0.00
NVDA,1749245191080,141.7300,141.7200,141.7400,2200,100,71435,141.7400,141.7400,141.7400,141.7400,0.0200,142.1568,50.0000,141.7994,141.8504,141.7764,0.8400,0.00,0.00,0.00,0.00,0.00,0.00,0.00,0.00
NVDA,1749245191080,141.7300,141.7200,141.7300,2200,2300,71435,141.7400,141.7400,141.7400,141.7400,0.0100,142.1568,50.0000,141.7994,141.8504,141.7764,0.8400,0.00,0.00,0.00,0.00,0.00,0.00,0.00,0.00
NVDA,1749245192071,141.7300,141.7200,141.7300,2200,2300,72662,141.7400,141.7400,141.7400,141.7400,0.0100,142.1568,50.0000,141.7994,141.8504,141.7764,0.8400,0.00,0.00,0.00,0.00,0.00,0.00,0.00,0.00
NVDA,1749245192511,141.7300,141.7200,141.7300,2200,2300,72663,141.7400,141.7400,141.7400,141.7400,0.0100,142.1568,50.0000,141.7994,141.8504,141.7764,0.8400,0.00,0.00,0.00,0.00,0.00,0.00,0.00,0.00
NVDA,1749245192633,141.7300,141.7200,141.7300,2200,2300,72663,141.7400,141.7400,141.7400,141.7400,0.0100,142.1568,50.0000,141.7994,141.8504,141.7764,0.8400,0.00,0.00,0.00,0.00,0.00,0.00,0.00,0.00
NVDA,1749245193073,141.7300,141.7200,141.7300,2200,2300,72663,141.7400,141.7400,141.7400,141.7400,0.0100,142.1568,50.0000,141.7994,141.8504,141.7764,0.8400,0.00,0.00,0.00,0.00,0.00,0.00,0.00,0.00
NVDA,1749245193234,141.7300,141.7200,141.7300,2200,2200,72663,141.7400,141.7400,141.7400,141.7400,0.0100,142.1568,50.0000,141.7994,141.8504,141.7764,0.8400,0.00,0.00,0.00,0.00,0.00,0.00,0.00,0.00
NVDA,1749245193234,141.7300,141.7200,141.7400,2200,100,72663,141.7400,141.7400,141.7400,141.7400,0.0200,142.1568,50.0000,141.7994,141.8504,141.7764,0.8400,0.00,0.00,0.00,0.00,0.00,0.00,0.00,0.00
NVDA,1749245193234,141.7300,141.7200,141.7300,2200,2200,72663,141.7400,141.7400,141.7400,141.7400,0.0100,142.1568,50.0000,141.7994,141.8504,141.7764,0.8400,0.00,0.00,0.00,0.00,0.00,0.00,0.00,0.00
NVDA,1749245193820,141.7300,141.7200,141.7300,2200,2200,72814,141.7400,141.7400,141.7400,141.7400,0.0100,142.1568,50.0000,141.7994,141.8504,141.7764,0.8400,0.00,0.00,0.00,0.00,0.00,0.00,0.00,0.00
NVDA,1749245194295,141.7300,141.7200,141.7400,2200,400,72814,141.7400,141.7400,141.7400,141.7400,0.0200,142.1568,50.0000,141.7994,141.8504,141.7764,0.8400,0.00,0.00,0.00,0.00,0.00,0.00,0.00,0.00
NVDA,1749245194295,141.7300,141.7200,141.7300,2200,2200,72814,141.7400,141.7400,141.7400,141.7400,0.0100,142.1568,50.0000,141.7994,141.8504,141.7764,0.8400,0.00,0.00,0.00,0.00,0.00,0.00,0.00,0.00
NVDA,1749245195572,141.7300,141.7200,141.7300,2200,2200,72864,141.7400,141.7400,141.7400,141.7400,0.0100,142.1567,50.0000,141.7994,141.8504,141.7764,0.8400,0.00,0.00,0.00,0.00,0.00,0.00,0.00,0.00
NVDA,1749245195762,141.7300,141.7200,141.7300,2200,2200,72864,141.7300,141.7300,141.7300,141.7300,0.0100,142.1567,50.0000,141.7994,141.8504,141.7764,0.8400,0.00,0.00,0.00,0.00,0.00,0.00,0.00,0.00
NVDA,1749245196012,141.7200,141.7200,141.7300,2200,2200,72865,141.7300,141.7300,141.7300,141.7300,0.0100,142.1567,50.0000,141.7994,141.8504,141.7764,0.8400,0.00,0.00,0.00,0.00,0.00,0.00,0.00,0.00
NVDA,1749245196012,141.7300,141.7200,141.7300,2200,2200,74243,141.7300,141.7300,141.7300,141.7300,0.0100,142.1567,50.0000,141.7994,141.8504,141.7764,0.8400,0.00,0.00,0.00,0.00,0.00,0.00,0.00,0.00
NVDA,1749245196012,141.7200,141.7200,141.7300,2200,2200,77981,141.7300,141.7300,141.7300,141.7300,0.0100,142.1567,50.0000,141.7994,141.8504,141.7764,0.8400,0.00,0.00,0.00,0.00,0.00,0.00,0.00,0.00
NVDA,1749245196012,141.7200,141.7200,141.7400,2200,400,77981,141.7300,141.7300,141.7300,141.7300,0.0200,142.1567,50.0000,141.7994,141.8504,141.7764,0.8400,0.00,0.00,0.00,0.00,0.00,0.00,0.00,0.00
NVDA,1749245196012,141.7200,141.7200,141.7400,1900,400,77981,141.7300,141.7300,141.7300,141.7300,0.0200,142.1567,50.0000,141.7994,141.8504,141.7764,0.8400,0.00,0.00,0.00,0.00,0.00,0.00,0.00,0.00
NVDA,1749245196012,141.7300,141.7200,141.7400,1900,400,77982,141.7300,141.7300,141.7300,141.7300,0.0200,142.1567,50.0000,141.7994,141.8504,141.7764,0.8400,0.00,0.00,0.00,0.00,0.00,0.00,0.00,0.00
NVDA,1749245197323,141.7300,141.7200,141.7400,1900,400,77982,141.7300,141.7300,141.7300,141.7300,0.0200,142.1567,50.0000,141.7994,141.8504,141.7764,0.8400,0.00,0.00,0.00,0.00,0.00,0.00,0.00,0.00
NVDA,1749245197746,141.7300,141.7200,141.7400,1000,400,77982,141.7300,141.7300,141.7300,141.7300,0.0200,142.1567,50.0000,141.7994,141.8504,141.7764,0.8400,0.00,0.00,0.00,0.00,0.00,0.00,0.00,0.00
NVDA,1749245197746,141.7200,141.7200,141.7400,1000,400,78962,141.7300,141.7300,141.7300,141.7300,0.0200,142.1567,50.0000,141.7994,141.8504,141.7764,0.8400,0.00,0.00,0.00,0.00,0.00,0.00,0.00,0.00
NVDA,1749245201017,141.7200,141.7200,141.7400,1000,400,78962,141.7200,141.7300,141.7200,141.7200,0.0200,142.1567,50.0000,141.7994,141.8504,141.7764,0.8400,0.00,0.00,0.00,0.00,0.00,0.00,0.00,0.00
NVDA,1749245202587,141.7200,141.7200,141.7400,1000,400,78962,141.7200,141.7300,141.7200,141.7200,0.0200,142.1567,50.0000,141.7994,141.8504,141.7764,0.8400,0.00,0.00,0.00,0.00,0.00,0.00,0.00,0.00
NVDA,1749245202853,141.7200,141.7200,141.7300,1000,1000,78962,141.7200,141.7300,141.7200,141.7200,0.0100,142.1567,50.0000,141.7994,141.8504,141.7764,0.8400,0.00,0.00,0.00,0.00,0.00,0.00,0.00,0.00
NVDA,1749245202853,141.7300,141.7200,141.7300,1000,1000,78967,141.7200,141.7300,141.7200,141.7200,0.0100,142.1567,50.0000,141.7994,141.8504,141.7764,0.8400,0.00,0.00,0.00,0.00,0.00,0.00,0.00,0.00
NVDA,1749245203532,141.7300,141.7200,141.7300,1000,1300,78967,141.7200,141.7300,141.7200,141.7200,0.0100,142.1567,50.0000,141.7994,141.8504,141.7764,0.8400,0.00,0.00,0.00,0.00,0.00,0.00,0.00,0.00
NVDA,1749245204225,141.7300,141.7200,141.7300,1000,1300,79030,141.7200,141.7300,141.7200,141.7200,0.0100,142.1567,50.0000,141.7994,141.8504,141.7764,0.8400,0.00,0.00,0.00,0.00,0.00,0.00,0.00,0.00
NVDA,1749245204582,141.7300,141.7200,141.7300,1000,1300,79030,141.7200,141.7300,141.7200,141.7200,0.0100,142.1567,50.0000,141.7994,141.8504,141.7764,0.8400,0.00,0.00,0.00,0.00,0.00,0.00,0.00,0.00
NVDA,1749245205099,141.7300,141.7200,141.7300,1000,1300,80030,141.7200,141.7300,141.7200,141.7200,0.0100,142.1567,50.0000,141.7994,141.8504,141.7764,0.8400,0.00,0.00,0.00,0.00,0.00,0.00,0.00,0.00
NVDA,1749245206017,141.7300,141.7200,141.7300,1000,1300,80030,141.7200,141.7200,141.7200,141.7200,0.0100,142.1567,50.0000,141.7994,141.8504,141.7764,0.8400,0.00,0.00,0.00,0.00,0.00,0.00,0.00,0.00
NVDA,1749245207086,141.7300,141.7200,141.7300,1000,1300,80030,141.7200,141.7200,141.7200,141.7200,0.0100,142.1567,50.0000,141.7994,141.8504,141.7764,0.8400,0.00,0.00,0.00,0.00,0.00,0.00,0.00,0.00
NVDA,1749245207606,141.7300,141.7200,141.7300,1000,1300,80180,141.7200,141.7200,141.7200,141.7200,0.0100,142.1567,50.0000,141.7994,141.8504,141.7764,0.8400,0.00,0.00,0.00,0.00,0.00,0.00,0.00,0.00
NVDA,1749245208337,141.7300,141.7200,141.7300,1000,1300,80180,141.7200,141.7200,141.7200,141.7200,0.0100,142.1567,50.0000,141.7994,141.8504,141.7764,0.8400,0.00,0.00,0.00,0.00,0.00,0.00,0.00,0.00
NVDA,1749245208728,141.7300,141.7200,141.7300,1000,10000,80180,141.7200,141.7200,141.7200,141.7200,0.0100,142.1567,50.0000,141.7994,141.8504,141.7764,0.8400,0.00,0.00,0.00,0.00,0.00,0.00,0.00,0.00
NVDA,1749245209092,141.7300,141.7200,141.7300,1000,10000,80267,141.7200,141.7200,141.7200,141.7200,0.0100,142.1567,50.0000,141.7994,141.8504,141.7764,0.8400,0.00,0.00,0.00,0.00,0.00,0.00,0.00,0.00
NVDA,1749245209335,141.7300,141.7200,141.7300,1000,10000,80267,141.7200,141.7200,141.7200,141.7200,0.0100,142.1567,50.0000,141.7994,141.8504,141.7764,0.8400,0.00,0.00,0.00,0.00,0.00,0.00,0.00,0.00
NVDA,1749245209593,141.7300,141.7200,141.7300,1000,10000,80267,141.7200,141.7200,141.7200,141.7200,0.0100,142.1567,50.0000,141.7994,141.8504,141.7764,0.8400,0.00,0.00,0.00,0.00,0.00,0.00,0.00,0.00
NVDA,1749245209593,141.7200,141.7200,141.7300,1000,10000,80443,141.7200,141.7200,141.7200,141.7200,0.0100,142.1567,50.0000,141.7994,141.8504,141.7764,0.8400,0.00,0.00,0.00,0.00,0.00,0.00,0.00,0.00
NVDA,1749245209593,141.7200,141.7200,141.7300,800,10000,80443,141.7200,141.7200,141.7200,141.7200,0.0100,142.1567,50.0000,141.7994,141.8504,141.7764,0.8400,0.00,0.00,0.00,0.00,0.00,0.00,0.00,0.00
NVDA,1749245209593,141.7200,141.7200,141.7300,800,9700,80443,141.7200,141.7200,141.7200,141.7200,0.0100,142.1567,50.0000,141.7994,141.8504,141.7764,0.8400,0.00,0.00,0.00,0.00,0.00,0.00,0.00,0.00
NVDA,1749245209593,141.7300,141.7200,141.7300,800,9700,80743,141.7200,141.7200,141.7200,141.7200,0.0100,142.1567,50.0000,141.7994,141.8504,141.7764,0.8400,0.00,0.00,0.00,0.00,0.00,0.00,0.00,0.00
NVDA,1749245209593,141.7200,141.7200,141.7300,800,9700,80943,141.7200,141.7200,141.7200,141.7200,0.0100,142.1567,50.0000,141.7994,141.8504,141.7764,0.8400,0.00,0.00,0.00,0.00,0.00,0.00,0.00,0.00
NVDA,1749245209670,141.7200,141.7200,141.7300,800,9700,81767,141.7200,141.7200,141.7200,141.7200,0.0100,142.1567,50.0000,141.7994,141.8504,141.7764,0.8400,0.00,0.00,0.00,0.00,0.00,0.00,0.00,0.00
NVDA,1749245209670,141.7200,141.7200,141.7300,800,1300,81972,141.7200,141.7200,141.7200,141.7200,0.0100,142.1567,50.0000,141.7994,141.8504,141.7764,0.8400,0.00,0.00,0.00,0.00,0.00,0.00,0.00,0.00
NVDA,1749245209670,141.7200,141.7000,141.7300,400,1300,81972,141.7200,141.7200,141.7200,141.7200,0.0300,142.1567,50.0000,141.7994,141.8504,141.7764,0.8400,0.00,0.00,0.00,0.00,0.00,0.00,0.00,0.00
NVDA,1749245209670,141.7200,141.7000,141.7200,400,7200,81972,141.7200,141.7200,141.7200,141.7200,0.0200,142.1567,50.0000,141.7994,141.8504,141.7764,0.8400,0.00,0.00,0.00,0.00,0.00,0.00,0.00,0.00
NVDA,1749245210175,141.7200,141.7000,141.7200,400,7200,82042,141.7200,141.7200,141.7200,141.7200,0.0200,142.1567,50.0000,141.7994,141.8504,141.7764,0.8400,0.00,0.00,0.00,0.00,0.00,0.00,0.00,0.00
NVDA,1749245210342,141.7200,141.7000,141.7200,400,7200,82042,141.7200,141.7200,141.7200,141.7200,0.0200,142.1567,50.0000,141.7994,141.8504,141.7764,0.8400,0.00,0.00,0.00,0.00,0.00,0.00,0.00,0.00
NVDA,1749245210598,141.7200,141.7000,141.7200,400,7200,82042,141.7200,141.7200,141.7200,141.7200,0.0200,142.1567,50.0000,141.7994,141.8504,141.7764,0.8400,0.00,0.00,0.00,0.00,0.00,0.00,0.00,0.00
NVDA,1749245210839,141.7200,141.7000,141.7200,400,7200,82042,141.7300,141.7300,141.7200,141.7200,0.0200,142.1567,50.0000,141.7994,141.8504,141.7764,0.8400,0.00,0.00,0.00,0.00,0.00,0.00,0.00,0.00
NVDA,1749245210839,141.7200,141.7000,141.7200,400,6900,82342,141.7300,141.7300,141.7200,141.7200,0.0200,142.1567,50.0000,141.7994,141.8504,141.7764,0.8400,0.00,0.00,0.00,0.00,0.00,0.00,0.00,0.00
NVDA,1749245210839,141.7100,141.7000,141.7200,400,6900,82343,141.7300,141.7300,141.7200,141.7200,0.0200,142.1567,50.0000,141.7994,141.8504,141.7764,0.8400,0.00,0.00,0.00,0.00,0.00,0.00,0.00,0.00
NVDA,1749245213095,141.7100,141.7000,141.7200,400,6900,82511,141.7300,141.7300,141.7200,141.7200,0.0200,142.1567,50.0000,141.7994,141.8504,141.7764,0.8400,0.00,0.00,0.00,0.00,0.00,0.00,0.00,0.00
NVDA,1749245213466,141.7100,141.7000,141.7200,900,6900,82511,141.7300,141.7300,141.7200,141.7200,0.0200,142.1567,50.0000,141.7994,141.8504,141.7764,0.8400,0.00,0.00,0.00,0.00,0.00,0.00,0.00,0.00
NVDA,1749245213466,141.7200,141.7000,141.7200,900,6900,82512,141.7300,141.7300,141.7200,141.7200,0.0200,142.1567,50.0000,141.7994,141.8504,141.7764,0.8400,0.00,0.00,0.00,0.00,0.00,0.00,0.00,0.00
NVDA,1749245214281,141.7200,141.7000,141.7200,900,7200,82512,141.7300,141.7300,141.7200,141.7200,0.0200,142.1567,50.0000,141.7994,141.8504,141.7764,0.8400,0.00,0.00,0.00,0.00,0.00,0.00,0.00,0.00
NVDA,1749245214592,141.7200,141.7000,141.7200,900,7200,82512,141.7300,141.7300,141.7200,141.7200,0.0200,142.1567,50.0000,141.7994,141.8504,141.7764,0.8400,0.00,0.00,0.00,0.00,0.00,0.00,0.00,0.00
NVDA,1749245215103,141.7200,141.7000,141.7200,900,7200,82512,141.7300,141.7300,141.7200,141.7200,0.0200,142.1567,50.0000,141.7994,141.8504,141.7764,0.8400,0.00,0.00,0.00,0.00,0.00,0.00,0.00,0.00
NVDA,1749245215290,141.7000,141.7000,141.7200,900,7200,82812,141.7300,141.7300,141.7200,141.7200,0.0200,142.1567,50.0000,141.7994,141.8504,141.7764,0.8400,0.00,0.00,0.00,0.00,0.00,0.00,0.00,0.00
NVDA,1749245215290,141.7000,141.7000,141.7200,400,7200,82812,141.7300,141.7300,141.7200,141.7200,0.0200,142.1567,50.0000,141.7994,141.8504,141.7764,0.8400,0.00,0.00,0.00,0.00,0.00,0.00,0.00,0.00
NVDA,1749245215290,141.7000,141.7000,141.7200,300,7200,82812,141.7300,141.7300,141.7200,141.7200,0.0200,142.1567,50.0000,141.7994,141.8504,141.7764,0.8400,0.00,0.00,0.00,0.00,0.00,0.00,0.00,0.00
NVDA,1749245215290,141.7100,141.7000,141.7200,300,7200,83812,141.7300,141.7300,141.7200,141.7200,0.0200,142.1567,50.0000,141.7994,141.8504,141.7764,0.8400,0.00,0.00,0.00,0.00,0.00,0.00,0.00,0.00
NVDA,1749245215290,141.7000,141.7000,141.7200,300,7200,83819,141.7300,141.7300,141.7200,141.7200,0.0200,142.1567,50.0000,141.7994,141.8504,141.7764,0.8400,0.00,0.00,0.00,0.00,0.00,0.00,0.00,0.00
NVDA,1749245215290,141.7100,141.7000,141.7200,300,7200,83820,141.7300,141.7300,141.7200,141.7200,0.0200,142.1567,50.0000,141.7994,141.8504,141.7764,0.8400,0.00,0.00,0.00,0.00,0.00,0.00,0.00,0.00
NVDA,1749245215600,141.7100,141.7000,141.7200,300,7200,83820,141.7300,141.7300,141.7200,141.7200,0.0200,142.1567,50.0000,141.7994,141.8504,141.7764,0.8400,0.00,0.00,0.00,0.00,0.00,0.00,0.00,0.00
NVDA,1749245216024,141.7100,141.7000,141.7200,300,7200,83820,141.7200,141.7200,141.7000,141.7100,0.0200,142.1567,50.0000,141.7994,141.8504,141.7764,0.8400,0.00,0.00,0.00,0.00,0.00,0.00,0.00,0.00
NVDA,1749245216147,141.7100,141.7000,141.7200,300,7200,83820,141.7200,141.7200,141.7000,141.7100,0.0200,142.1567,50.0000,141.7994,141.8504,141.7764,0.8400,0.00,0.00,0.00,0.00,0.00,0.00,0.00,0.00
NVDA,1749245216147,141.7000,141.7000,141.7200,300,7200,83821,141.7200,141.7200,141.7000,141.7100,0.0200,142.1567,50.0000,141.7994,141.8504,141.7764,0.8400,0.00,0.00,0.00,0.00,0.00,0.00,0.00,0.00
NVDA,1749245218857,141.7000,141.7000,141.7200,300,7200,83840,141.7200,141.7200,141.7000,141.7100,0.0200,142.1567,50.0000,141.7994,141.8504,141.7764,0.8400,0.00,0.00,0.00,0.00,0.00,0.00,0.00,0.00
NVDA,1749245219162,141.7000,141.7000,141.7200,300,7200,83841,141.7200,141.7200,141.7000,141.7100,0.0200,142.1567,50.0000,141.7994,141.8504,141.7764,0.8400,0.00,0.00,0.00,0.00,0.00,0.00,0.00,0.00
NVDA,1749245220351,141.7000,141.7000,141.7200,300,7200,83841,141.7200,141.7200,141.7000,141.7100,0.0200,142.1567,50.0000,141.7795,141.8393,141.7511,0.0636,0.00,0.00,0.00,0.00,0.00,0.00,0.00,0.00
NVDA,1749245221014,141.7000,141.7000,141.7200,300,7200,83858,141.7200,141.7200,141.7000,141.7100,0.0200,142.1567,50.0000,141.7795,141.8393,141.7511,0.0636,0.00,0.00,0.00,0.00,0.00,0.00,0.00,0.00
NVDA,1749245221014,141.7100,141.7000,141.7200,300,7200,83891,141.7200,141.7200,141.7000,141.7100,0.0200,142.1567,50.0000,141.7795,141.8393,141.7511,0.0636,0.00,0.00,0.00,0.00,0.00,0.00,0.00,0.00
NVDA,1749245221349,141.7100,141.7000,141.7200,300,7200,83891,141.7100,141.7100,141.7100,141.7100,0.0200,142.1567,50.0000,141.7795,141.8393,141.7511,0.0636,0.00,0.00,0.00,0.00,0.00,0.00,0.00,0.00
NVDA,1749245221965,141.7200,141.7000,141.7200,300,7200,83991,141.7100,141.7100,141.7100,141.7100,0.0200,142.1567,50.0000,141.7795,141.8393,141.7511,0.0636,0.00,0.00,0.00,0.00,0.00,0.00,0.00,0.00
NVDA,1749245222357,141.7200,141.7000,141.7200,300,7200,83991,141.7100,141.7100,141.7100,141.7100,0.0200,142.1567,50.0000,141.7795,141.8393,141.7511,0.0636,0.00,0.00,0.00,0.00,0.00,0.00,0.00,0.00
NVDA,1749245222861,141.7200,141.7000,141.7200,300,7200,83991,141.7100,141.7100,141.7100,141.7100,0.0200,142.1567,50.0000,141.7795,141.8393,141.7511,0.0636,0.00,0.00,0.00,0.00,0.00,0.00,0.00,0.00
NVDA,1749245222861,141.7000,141.7000,141.7200,300,7200,83994,141.7100,141.7100,141.7100,141.7100,0.0200,142.1567,50.0000,141.7795,141.8393,141.7511,0.0636,0.00,0.00,0.00,0.00,0.00,0.00,0.00,0.00
NVDA,1749245222861,141.7100,141.7000,141.7200,300,7200,83995,141.7100,141.7100,141.7100,141.7100,0.0200,142.1567,50.0000,141.7795,141.8393,141.7511,0.0636,0.00,0.00,0.00,0.00,0.00,0.00,0.00,0.00
NVDA,1749245223436,141.7000,141.7000,141.7200,300,7200,83996,141.7100,141.7100,141.7100,141.7100,0.0200,142.1567,50.0000,141.7795,141.8393,141.7511,0.0636,0.00,0.00,0.00,0.00,0.00,0.00,0.00,0.00
NVDA,1749245223854,141.7000,141.7000,141.7200,300,7200,83996,141.7100,141.7100,141.7100,141.7100,0.0200,142.1567,50.0000,141.7795,141.8393,141.7511,0.0636,0.00,0.00,0.00,0.00,0.00,0.00,0.00,0.00
NVDA,1749245224362,141.7000,141.7000,141.7200,300,7200,83996,141.7100,141.7100,141.7100,141.7100,0.0200,142.1567,50.0000,141.7795,141.8393,141.7511,0.0636,0.00,0.00,0.00,0.00,0.00,0.00,0.00,0.00
NVDA,1749245224518,141.7000,141.7000,141.7200,300,7200,84006,141.7100,141.7100,141.7100,141.7100,0.0200,142.1567,50.0000,141.7795,141.8393,141.7511,0.0636,0.00,0.00,0.00,0.00,0.00,0.00,0.00,0.00
NVDA,1749245224518,141.7000,141.7000,141.7200,300,7100,84006,141.7100,141.7100,141.7100,141.7100,0.0200,142.1567,50.0000,141.7795,141.8393,141.7511,0.0636,0.00,0.00,0.00,0.00,0.00,0.00,0.00,0.00
NVDA,1749245224518,141.7200,141.7000,141.7200,300,7100,84009,141.7100,141.7100,141.7100,141.7100,0.0200,142.1567,50.0000,141.7795,141.8393,141.7511,0.0636,0.00,0.00,0.00,0.00,0.00,0.00,0.00,0.00
NVDA,1749245226022,141.7200,141.7000,141.7200,300,7100,84009,141.7200,141.7200,141.7200,141.7200,0.0200,142.1567,50.0000,141.7795,141.8393,141.7511,0.0636,0.00,0.00,0.00,0.00,0.00,0.00,0.00,0.00
NVDA,1749245226157,141.7200,141.7000,141.7200,300,7100,84009,141.7200,141.7200,141.7200,141.7200,0.0200,142.1567,50.0000,141.7795,141.8393,141.7511,0.0636,0.00,0.00,0.00,0.00,0.00,0.00,0.00,0.00
NVDA,1749245226367,141.7200,141.7000,141.7200,300,7100,84009,141.7200,141.7200,141.7200,141.7200,0.0200,142.1567,50.0000,141.7795,141.8393,141.7511,0.0636,0.00,0.00,0.00,0.00,0.00,0.00,0.00,0.00
NVDA,1749245226649,141.7200,141.7000,141.7200,300,7100,84039,141.7200,141.7200,141.7200,141.7200,0.0200,142.1567,50.0000,141.7795,141.8393,141.7511,0.0636,0.00,0.00,0.00,0.00,0.00,0.00,0.00,0.00
NVDA,1749245226649,141.7100,141.7000,141.7200,300,7100,84099,141.7200,141.7200,141.7200,141.7200,0.0200,142.1567,50.0000,141.7795,141.8393,141.7511,0.0636,0.00,0.00,0.00,0.00,0.00,0.00,0.00,0.00
NVDA,1749245227787,141.7100,141.7000,141.7200,300,7200,84099,141.7200,141.7200,141.7200,141.7200,0.0200,142.1567,50.0000,141.7795,141.8393,141.7511,0.0636,0.00,0.00,0.00,0.00,0.00,0.00,0.00,0.00
NVDA,1749245229118,141.7100,141.7000,141.7200,300,7200,84099,141.7200,141.7200,141.7200,141.7200,0.0200,142.1567,50.0000,141.7795,141.8393,141.7511,0.0636,0.00,0.00,0.00,0.00,0.00,0.00,0.00,0.00
NVDA,1749245229817,141.7100,141.7000,141.7200,300,7200,84100,141.7200,141.7200,141.7200,141.7200,0.0200,142.1567,50.0000,141.7795,141.8393,141.7511,0.0636,0.00,0.00,0.00,0.00,0.00,0.00,0.00,0.00
NVDA,1749245230623,141.7100,141.7000,141.7200,300,7200,84100,141.7200,141.7200,141.7200,141.7200,0.0200,142.1567,50.0000,141.7795,141.8393,141.7511,0.0636,0.00,0.00,0.00,0.00,0.00,0.00,0.00,0.00
NVDA,1749245230842,141.7100,141.7000,141.7200,900,7200,84100,141.7200,141.7200,141.7200,141.7200,0.0200,142.1567,50.0000,141.7795,141.8393,141.7511,0.0636,0.00,0.00,0.00,0.00,0.00,0.00,0.00,0.00
NVDA,1749245230842,141.7100,141.7100,141.7200,600,7200,84100,141.7200,141.7200,141.7200,141.7200,0.0100,142.1567,50.0000,141.7795,141.8393,141.7511,0.0636,0.00,0.00,0.00,0.00,0.00,0.00,0.00,0.00
NVDA,1749245230842,141.7200,141.7100,141.7200,600,7200,84107,141.7200,141.7200,141.7200,141.7200,0.0100,142.1567,50.0000,141.7795,141.8393,141.7511,0.0636,0.00,0.00,0.00,0.00,0.00,0.00,0.00,0.00
NVDA,1749245231031,141.7200,141.7100,141.7200,600,7200,84107,141.7200,141.7200,141.7200,141.7200,0.0100,142.1567,50.0000,141.7795,141.8393,141.7511,0.0636,0.00,0.00,0.00,0.00,0.00,0.00,0.00,0.00
NVDA,1749245231370,141.7200,141.7100,141.7200,600,7200,84107,141.7200,141.7200,141.7200,141.7200,0.0100,142.1567,50.0000,141.7795,141.8393,141.7511,0.0636,0.00,0.00,0.00,0.00,0.00,0.00,0.00,0.00
NVDA,1749245231952,141.7100,141.7100,141.7200,600,7200,84108,141.7200,141.7200,141.7200,141.7200,0.0100,142.1567,50.0000,141.7795,141.8393,141.7511,0.0636,0.00,0.00,0.00,0.00,0.00,0.00,0.00,0.00
NVDA,1749245232117,141.7100,141.7100,141.7200,600,7200,84108,141.7200,141.7200,141.7200,141.7200,0.0100,142.1567,50.0000,141.7795,141.8393,141.7511,0.0636,0.00,0.00,0.00,0.00,0.00,0.00,0.00,0.00
NVDA,1749245232864,141.7100,141.7100,141.7200,600,7200,84308,141.7200,141.7200,141.7200,141.7200,0.0100,142.1567,50.0000,141.7795,141.8393,141.7511,0.0636,0.00,0.00,0.00,0.00,0.00,0.00,0.00,0.00
NVDA,1749245235116,141.7100,141.7100,141.7200,600,7300,84308,141.7200,141.7200,141.7200,141.7200,0.0100,142.1567,50.0000,141.7795,141.8393,141.7511,0.0636,0.00,0.00,0.00,0.00,0.00,0.00,0.00,0.00
NVDA,1749245235375,141.7100,141.7100,141.7200,600,7300,84308,141.7200,141.7200,141.7200,141.7200,0.0100,142.1567,50.0000,141.7795,141.8393,141.7511,0.0636,0.00,0.00,0.00,0.00,0.00,0.00,0.00,0.00
NVDA,1749245235625,141.7100,141.7100,141.7200,600,7300,84308,141.7200,141.7200,141.7200,141.7200,0.0100,142.1567,50.0000,141.7795,141.8393,141.7511,0.0636,0.00,0.00,0.00,0.00,0.00,0.00,0.00,0.00
NVDA,1749245235756,141.7100,141.7100,141.7200,600,7300,84309,141.7200,141.7200,141.7200,141.7200,0.0100,142.1567,50.0000,141.7795,141.8393,141.7511,0.0636,0.00,0.00,0.00,0.00,0.00,0.00,0.00,0.00
NVDA,1749245235901,141.7100,141.7100,141.7200,600,7300,84409,141.7100,141.7100,141.7100,141.7100,0.0100,142.1567,50.0000,141.7795,141.8393,141.7511,0.0636,0.00,0.00,0.00,0.00,0.00,0.00,0.00,0.00
NVDA,1749245236175,141.7100,141.7100,141.7200,600,7300,84409,141.7100,141.7100,141.7100,141.7100,0.0100,142.1567,50.0000,141.7795,141.8393,141.7511,0.0636,0.00,0.00,0.00,0.00,0.00,0.00,0.00,0.00
NVDA,1749245236381,141.7100,141.7100,141.7200,600,7300,84409,141.7100,141.7100,141.7100,141.7100,0.0100,142.1567,50.0000,141.7795,141.8393,141.7511,0.0636,0.00,0.00,0.00,0.00,0.00,0.00,0.00,0.00
NVDA,1749245236606,141.7100,141.7100,141.7200,600,7300,84410,141.7100,141.7100,141.7100,141.7100,0.0100,142.1567,50.0000,141.7795,141.8393,141.7511,0.0636,0.00,0.00,0.00,0.00,0.00,0.00,0.00,0.00
NVDA,1749245238372,141.7100,141.7100,141.7200,600,7300,84412,141.7100,141.7100,141.7100,141.7100,0.0100,142.1567,50.0000,141.7795,141.8393,141.7511,0.0636,0.00,0.00,0.00,0.00,0.00,0.00,0.00,0.00
NVDA,1749245238991,141.7200,141.7100,141.7200,600,7300,84432,141.7100,141.7100,141.7100,141.7100,0.0100,142.1567,50.0000,141.7795,141.8393,141.7511,0.0636,0.00,0.00,0.00,0.00,0.00,0.00,0.00,0.00
NVDA,1749245240625,141.7200,141.7100,141.7200,600,7300,84452,141.7100,141.7100,141.7100,141.7100,0.0100,142.1567,50.0000,141.7795,141.8393,141.7511,0.0636,0.00,0.00,0.00,0.00,0.00,0.00,0.00,0.00
NVDA,1749245241021,141.7200,141.7100,141.7200,600,7300,84452,141.7100,141.7100,141.7100,141.7100,0.0100,142.1567,50.0000,141.7795,141.8393,141.7511,0.0636,0.00,0.00,0.00,0.00,0.00,0.00,0.00,0.00
NVDA,1749245241295,141.7100,141.7100,141.7200,600,7300,84454,141.7100,141.7100,141.7100,141.7100,0.0100,142.1567,50.0000,141.7795,141.8393,141.7511,0.0636,0.00,0.00,0.00,0.00,0.00,0.00,0.00,0.00
NVDA,1749245243640,141.7100,141.7100,141.7200,600,7300,84454,141.7100,141.7100,141.7100,141.7100,0.0100,142.1567,50.0000,141.7795,141.8393,141.7511,0.0636,0.00,0.00,0.00,0.00,0.00,0.00,0.00,0.00
NVDA,1749245243884,141.7100,141.7100,141.7200,600,7300,84454,141.7100,141.7100,141.7100,141.7100,0.0100,142.1567,50.0000,141.7795,141.8393,141.7511,0.0636,0.00,0.00,0.00,0.00,0.00,0.00,0.00,0.00
NVDA,1749245244108,141.7100,141.7100,141.7200,600,7300,84455,141.7100,141.7100,141.7100,141.7100,0.0100,142.1567,50.0000,141.7795,141.8393,141.7511,0.0636,0.00,0.00,0.00,0.00,0.00,0.00,0.00,0.00
NVDA,1749245244636,141.7100,141.7100,141.7200,600,7300,84556,141.7100,141.7100,141.7100,141.7100,0.0100,142.1567,50.0000,141.7795,141.8393,141.7511,0.0636,0.00,0.00,0.00,0.00,0.00,0.00,0.00,0.00
NVDA,1749245246030,141.7100,141.7100,141.7200,600,7300,84557,141.7100,141.7100,141.7100,141.7100,0.0100,142.1567,50.0000,141.7795,141.8393,141.7511,0.0636,0.00,0.00,0.00,0.00,0.00,0.00,0.00,0.00
NVDA,1749245246382,141.7100,141.7100,141.7200,600,7300,84557,141.7100,141.7100,141.7100,141.7100,0.0100,142.1567,50.0000,141.7795,141.8393,141.7511,0.0636,0.00,0.00,0.00,0.00,0.00,0.00,0.00,0.00
NVDA,1749245246695,141.7200,141.7100,141.7200,600,7300,84559,141.7100,141.7100,141.7100,141.7100,0.0100,142.1567,50.0000,141.7795,141.8393,141.7511,0.0636,0.00,0.00,0.00,0.00,0.00,0.00,0.00,0.00
NVDA,1749245246890,141.7200,141.7100,141.7200,600,7300,84559,141.7100,141.7100,141.7100,141.7100,0.0100,142.1567,50.0000,141.7795,141.8393,141.7511,0.0636,0.00,0.00,0.00,0.00,0.00,0.00,0.00,0.00
NVDA,1749245247467,141.7100,141.7100,141.7200,600,7300,84560,141.7100,141.7100,141.7100,141.7100,0.0100,142.1567,50.0000,141.7795,141.8393,141.7511,0.0636,0.00,0.00,0.00,0.00,0.00,0.00,0.00,0.00
NVDA,1749245249637,141.7100,141.7100,141.7200,600,7300,84560,141.7100,141.7100,141.7100,141.7100,0.0100,142.1567,50.0000,141.7795,141.8393,141.7511,0.0636,0.00,0.00,0.00,0.00,0.00,0.00,0.00,0.00
NVDA,1749245250233,141.7100,141.7100,141.7200,600,7300,84566,141.7100,141.7100,141.7100,141.7100,0.0100,142.1567,50.0000,141.7795,141.8393,141.7511,0.0636,0.00,0.00,0.00,0.00,0.00,0.00,0.00,0.00
NVDA,1749245251028,141.7100,141.7100,141.7200,600,7300,84567,141.7100,141.7100,141.7100,141.7100,0.0100,142.1567,50.0000,141.7795,141.8393,141.7511,0.0636,0.00,0.00,0.00,0.00,0.00,0.00,0.00,0.00
NVDA,1749245252646,141.7100,141.7100,141.7200,600,7300,84567,141.7100,141.7100,141.7100,141.7100,0.0100,142.1567,50.0000,141.7795,141.8393,141.7511,0.0636,0.00,0.00,0.00,0.00,0.00,0.00,0.00,0.00
NVDA,1749245253146,141.7100,141.7100,141.7200,600,7300,84569,141.7100,141.7100,141.7100,141.7100,0.0100,142.1567,50.0000,141.7795,141.8393,141.7511,0.0636,0.00,0.00,0.00,0.00,0.00,0.00,0.00,0.00
NVDA,1749245254152,141.7100,141.7100,141.7200,600,7300,84569,141.7100,141.7100,141.7100,141.7100,0.0100,142.1567,50.0000,141.7795,141.8393,141.7511,0.0636,0.00,0.00,0.00,0.00,0.00,0.00,0.00,0.00
NVDA,1749245254644,141.7100,141.7100,141.7200,600,7300,84572,141.7100,141.7100,141.7100,141.7100,0.0100,142.1567,50.0000,141.7795,141.8393,141.7511,0.0636,0.00,0.00,0.00,0.00,0.00,0.00,0.00,0.00
NVDA,1749245255187,141.7100,141.7100,141.7200,700,7300,84572,141.7100,141.7100,141.7100,141.7100,0.0100,142.1567,50.0000,141.7795,141.8393,141.7511,0.0636,0.00,0.00,0.00,0.00,0.00,0.00,0.00,0.00
NVDA,1749245255653,141.7100,141.7100,141.7200,700,7300,84572,141.7100,141.7100,141.7100,141.7100,0.0100,142.1567,50.0000,141.7795,141.8393,141.7511,0.0636,0.00,0.00,0.00,0.00,0.00,0.00,0.00,0.00
NVDA,1749245256019,141.7100,141.7100,141.7200,700,7300,84572,141.7100,141.7100,141.7100,141.7100,0.0100,142.1567,50.0000,141.7795,141.8393,141.7511,0.0636,0.00,0.00,0.00,0.00,0.00,0.00,0.00,0.00
NVDA,1749245256309,141.7100,141.7100,141.7200,700,7300,84573,141.7100,141.7100,141.7100,141.7100,0.0100,142.1567,50.0000,141.7795,141.8393,141.7511,0.0636,0.00,0.00,0.00,0.00,0.00,0.00,0.00,0.00
NVDA,1749245258603,141.7100,141.7100,141.7200,700,7400,84573,141.7100,141.7100,141.7100,141.7100,0.0100,142.1567,50.0000,141.7795,141.8393,141.7511,0.0636,0.00,0.00,0.00,0.00,0.00,0.00,0.00,0.00
NVDA,1749245259899,141.7100,141.7100,141.7200,700,7400,84573,141.7100,141.7100,141.7100,141.7100,0.0100,142.1567,50.0000,141.7795,141.8393,141.7511,0.0636,0.00,0.00,0.00,0.00,0.00,0.00,0.00,0.00
NVDA,1749245260408,141.7100,141.7100,141.7200,700,7400,84573,141.7100,141.7100,141.7100,141.7100,0.0100,142.1567,50.0000,141.7795,141.8393,141.7511,0.0636,0.00,0.00,0.00,0.00,0.00,0.00,0.00,0.00
NVDA,1749245260606,141.7100,141.7100,141.7200,700,7400,84578,141.7100,141.7100,141.7100,141.7100,0.0100,142.1567,50.0000,141.7795,141.8393,141.7511,0.0636,0.00,0.00,0.00,0.00,0.00,0.00,0.00,0.00
NVDA,1749245261020,141.7100,141.7100,141.7200,700,7400,84579,141.7100,141.7100,141.7100,141.7100,0.0100,142.1567,50.0000,141.7795,141.8393,141.7511,0.0636,0.00,0.00,0.00,0.00,0.00,0.00,0.00,0.00
NVDA,1749245263155,141.7100,141.7100,141.7200,700,7400,84579,141.7100,141.7100,141.7100,141.7100,0.0100,142.1567,50.0000,141.7795,141.8393,141.7511,0.0636,0.00,0.00,0.00,0.00,0.00,0.00,0.00,0.00
NVDA,1749245263411,141.7100,141.7100,141.7200,700,7400,84579,141.7100,141.7100,141.7100,141.7100,0.0100,142.1567,50.0000,141.7795,141.8393,141.7511,0.0636,0.00,0.00,0.00,0.00,0.00,0.00,0.00,0.00
NVDA,1749245263662,141.7100,141.7100,141.7200,700,7400,84579,141.7100,141.7100,141.7100,141.7100,0.0100,142.1567,50.0000,141.7795,141.8393,141.7511,0.0636,0.00,0.00,0.00,0.00,0.00,0.00,0.00,0.00
NVDA,1749245263820,141.7200,141.7100,141.7200,700,7400,84589,141.7100,141.7100,141.7100,141.7100,0.0100,142.1567,50.0000,141.7795,141.8393,141.7511,0.0636,0.00,0.00,0.00,0.00,0.00,0.00,0.00,0.00
NVDA,1749245263820,141.7100,141.7100,141.7200,700,7400,84591,141.7100,141.7100,141.7100,141.7100,0.0100,142.1567,50.0000,141.7795,141.8393,141.7511,0.0636,0.00,0.00,0.00,0.00,0.00,0.00,0.00,0.00
NVDA,1749245264152,141.7100,141.7100,141.7200,700,7400,84592,141.7100,141.7100,141.7100,141.7100,0.0100,142.1567,50.0000,141.7795,141.8393,141.7511,0.0636,0.00,0.00,0.00,0.00,0.00,0.00,0.00,0.00
NVDA,1749245264408,141.7100,141.7100,141.7200,700,7400,84592,141.7100,141.7100,141.7100,141.7100,0.0100,142.1567,50.0000,141.7795,141.8393,141.7511,0.0636,0.00,0.00,0.00,0.00,0.00,0.00,0.00,0.00
NVDA,1749245264784,141.7200,141.7100,141.7200,700,7400,84612,141.7100,141.7100,141.7100,141.7100,0.0100,142.1567,50.0000,141.7795,141.8393,141.7511,0.0636,0.00,0.00,0.00,0.00,0.00,0.00,0.00,0.00
NVDA,1749245265160,141.7200,141.7100,141.7200,700,7400,85812,141.7100,141.7100,141.7100,141.7100,0.0100,142.1567,50.0000,141.7795,141.8393,141.7511,0.0636,0.00,0.00,0.00,0.00,0.00,0.00,0.00,0.00
NVDA,1749245265584,141.7200,141.7100,141.7200,700,7400,85812,141.7100,141.7100,141.7100,141.7100,0.0100,142.1567,50.0000,141.7795,141.8393,141.7511,0.0636,0.00,0.00,0.00,0.00,0.00,0.00,0.00,0.00
NVDA,1749245265834,141.7200,141.7100,141.7200,700,7400,85912,141.7100,141.7100,141.7100,141.7100,0.0100,142.1567,50.0000,141.7795,141.8393,141.7511,0.0636,0.00,0.00,0.00,0.00,0.00,0.00,0.00,0.00
NVDA,1749245265834,141.7100,141.7100,141.7200,700,7400,85913,141.7100,141.7100,141.7100,141.7100,0.0100,142.1567,50.0000,141.7795,141.8393,141.7511,0.0636,0.00,0.00,0.00,0.00,0.00,0.00,0.00,0.00
NVDA,1749245269415,141.7100,141.7100,141.7200,700,7400,85913,141.7100,141.7100,141.7100,141.7100,0.0100,142.1567,50.0000,141.7795,141.8393,141.7511,0.0636,0.00,0.00,0.00,0.00,0.00,0.00,0.00,0.00
NVDA,1749245270014,141.7100,141.7100,141.7200,700,7400,85916,141.7100,141.7100,141.7100,141.7100,0.0100,142.1567,50.0000,141.7795,141.8393,141.7511,0.0636,0.00,0.00,0.00,0.00,0.00,0.00,0.00,0.00
NVDA,1749245270793,141.7100,141.7100,141.7200,700,7500,85916,141.7100,141.7100,141.7100,141.7100,0.0100,142.1567,50.0000,141.7795,141.8393,141.7511,0.0636,0.00,0.00,0.00,0.00,0.00,0.00,0.00,0.00
NVDA,1749245271047,141.7100,141.7100,141.7200,700,7500,85916,141.7200,141.7200,141.7200,141.7200,0.0100,142.1567,50.0000,141.7795,141.8393,141.7511,0.0636,0.00,0.00,0.00,0.00,0.00,0.00,0.00,0.00
NVDA,1749245271673,141.7100,141.7100,141.7200,700,7500,85916,141.7200,141.7200,141.7200,141.7200,0.0100,142.1567,50.0000,141.7795,141.8393,141.7511,0.0636,0.00,0.00,0.00,0.00,0.00,0.00,0.00,0.00
NVDA,1749245272174,141.7100,141.7100,141.7200,700,7500,85916,141.7200,141.7200,141.7200,141.7200,0.0100,142.1567,50.0000,141.7795,141.8393,141.7511,0.0636,0.00,0.00,0.00,0.00,0.00,0.00,0.00,0.00
NVDA,1749245272174,141.7100,141.7100,141.7200,900,7500,85916,141.7200,141.7200,141.7200,141.7200,0.0100,142.1567,50.0000,141.7795,141.8393,141.7511,0.0636,0.00,0.00,0.00,0.00,0.00,0.00,0.00,0.00
NVDA,1749245273426,141.7100,141.7100,141.7200,900,7500,85929,141.7200,141.7200,141.7200,141.7200,0.0100,142.1567,50.0000,141.7795,141.8393,141.7511,0.0636,0.00,0.00,0.00,0.00,0.00,0.00,0.00,0.00
NVDA,1749245273924,141.7100,141.7100,141.7200,900,7500,85929,141.7200,141.7200,141.7200,141.7200,0.0100,142.1567,50.0000,141.7795,141.8393,141.7511,0.0636,0.00,0.00,0.00,0.00,0.00,0.00,0.00,0.00
NVDA,1749245273924,141.7100,141.7100,141.7200,900,7400,85929,141.7200,141.7200,141.7200,141.7200,0.0100,142.1567,50.0000,141.7795,141.8393,141.7511,0.0636,0.00,0.00,0.00,0.00,0.00,0.00,0.00,0.00
NVDA,1749245273924,141.7100,141.7100,141.7200,900,5400,85929,141.7200,141.7200,141.7200,141.7200,0.0100,142.1567,50.0000,141.7795,141.8393,141.7511,0.0636,0.00,0.00,0.00,0.00,0.00,0.00,0.00,0.00
NVDA,1749245273924,141.7100,141.7100,141.7200,900,5300,85929,141.7200,141.7200,141.7200,141.7200,0.0100,142.1567,50.0000,141.7795,141.8393,141.7511,0.0636,0.00,0.00,0.00,0.00,0.00,0.00,0.00,0.00
NVDA,1749245273924,141.7100,141.7100,141.7200,900,5200,85929,141.7200,141.7200,141.7200,141.7200,0.0100,142.1567,50.0000,141.7795,141.8393,141.7511,0.0636,0.00,0.00,0.00,0.00,0.00,0.00,0.00,0.00
NVDA,1749245273924,141.7100,141.7100,141.7200,900,5100,85929,141.7200,141.7200,141.7200,141.7200,0.0100,142.1567,50.0000,141.7795,141.8393,141.7511,0.0636,0.00,0.00,0.00,0.00,0.00,0.00,0.00,0.00
NVDA,1749245273924,141.7200,141.7100,141.7200,900,5100,85959,141.7200,141.7200,141.7200,141.7200,0.0100,142.1567,50.0000,141.7795,141.8393,141.7511,0.0636,0.00,0.00,0.00,0.00,0.00,0.00,0.00,0.00
NVDA,1749245274166,141.7200,141.7100,141.7200,900,5100,88307,141.7200,141.7200,141.7200,141.7200,0.0100,142.1567,50.0000,141.7795,141.8393,141.7511,0.0636,0.00,0.00,0.00,0.00,0.00,0.00,0.00,0.00
NVDA,1749245274644,141.7100,141.7100,141.7200,900,5100,88308,141.7200,141.7200,141.7200,141.7200,0.0100,142.1567,50.0000,141.7795,141.8393,141.7511,0.0636,0.00,0.00,0.00,0.00,0.00,0.00,0.00,0.00
NVDA,1749245274921,141.7100,141.7100,141.7200,900,5100,88408,141.7200,141.7200,141.7200,141.7200,0.0100,142.1567,50.0000,141.7795,141.8393,141.7511,0.0636,0.00,0.00,0.00,0.00,0.00,0.00,0.00,0.00
NVDA,1749245275172,141.7100,141.7100,141.7200,900,5100,88408,141.7200,141.7200,141.7200,141.7200,0.0100,142.1567,50.0000,141.7795,141.8393,141.7511,0.0636,0.00,0.00,0.00,0.00,0.00,0.00,0.00,0.00
NVDA,1749245275471,141.7100,141.7100,141.7200,900,5000,88408,141.7200,141.7200,141.7200,141.7200,0.0100,142.1567,50.0000,141.7795,141.8393,141.7511,0.0636,0.00,0.00,0.00,0.00,0.00,0.00,0.00,0.00
NVDA,1749245275471,141.7100,141.7100,141.7200,900,4700,88408,141.7200,141.7200,141.7200,141.7200,0.0100,142.1567,50.0000,141.7795,141.8393,141.7511,0.0636,0.00,0.00,0.00,0.00,0.00,0.00,0.00,0.00
NVDA,1749245275471,141.7100,141.7100,141.7200,900,2500,88408,141.7200,141.7200,141.7200,141.7200,0.0100,142.1567,50.0000,141.7795,141.8393,141.7511,0.0636,0.00,0.00,0.00,0.00,0.00,0.00,0.00,0.00
NVDA,1749245275471,141.7100,141.7100,141.7400,900,300,88408,141.7200,141.7200,141.7200,141.7200,0.0300,142.1567,50.0000,141.7795,141.8393,141.7511,0.0636,0.00,0.00,0.00,0.00,0.00,0.00,0.00,0.00
NVDA,1749245275471,141.7200,141.7100,141.7400,900,300,88558,141.7200,141.7200,141.7200,141.7200,0.0300,142.1567,50.0000,141.7795,141.8393,141.7511,0.0636,0.00,0.00,0.00,0.00,0.00,0.00,0.00,0.00
NVDA,1749245275471,141.7500,141.7100,141.7400,900,300,91065,141.7200,141.7200,141.7200,141.7200,0.0300,142.1567,50.0000,141.7795,141.8393,141.7511,0.0636,0.00,0.00,0.00,0.00,0.00,0.00,0.00,0.00
NVDA,1749245275471,141.7200,141.7100,141.7400,900,300,93415,141.7200,141.7200,141.7200,141.7200,0.0300,142.1567,50.0000,141.7795,141.8393,141.7511,0.0636,0.00,0.00,0.00,0.00,0.00,0.00,0.00,0.00
NVDA,1749245275471,141.7200,141.7300,141.7400,300,300,93644,141.7200,141.7200,141.7200,141.7200,0.0100,142.1567,50.0000,141.7795,141.8393,141.7511,0.0636,0.00,0.00,0.00,0.00,0.00,0.00,0.00,0.00
NVDA,1749245275471,141.7200,141.7300,141.7400,200,300,93644,141.7200,141.7200,141.7200,141.7200,0.0100,142.1567,50.0000,141.7795,141.8393,141.7511,0.0636,0.00,0.00,0.00,0.00,0.00,0.00,0.00,0.00
NVDA,1749245275471,141.7200,141.7200,141.7400,100,300,93644,141.7200,141.7200,141.7200,141.7200,0.0200,142.1567,50.0000,141.7795,141.8393,141.7511,0.0636,0.00,0.00,0.00,0.00,0.00,0.00,0.00,0.00
NVDA,1749245275471,141.7200,141.7300,141.7400,200,300,93644,141.7200,141.7200,141.7200,141.7200,0.0100,142.1567,50.0000,141.7795,141.8393,141.7511,0.0636,0.00,0.00,0.00,0.00,0.00,0.00,0.00,0.00
NVDA,1749245275471,141.7200,141.7300,141.7500,300,100,93644,141.7200,141.7200,141.7200,141.7200,0.0200,142.1567,50.0000,141.7795,141.8393,141.7511,0.0636,0.00,0.00,0.00,0.00,0.00,0.00,0.00,0.00
NVDA,1749245275471,141.7200,141.7300,141.8000,300,900,93644,141.7200,141.7200,141.7200,141.7200,0.0700,142.1567,50.0000,141.7795,141.8393,141.7511,0.0636,0.00,0.00,0.00,0.00,0.00,0.00,0.00,0.00
NVDA,1749245275471,141.7200,141.7300,141.8000,200,900,93644,141.7200,141.7200,141.7200,141.7200,0.0700,142.1567,50.0000,141.7795,141.8393,141.7511,0.0636,0.00,0.00,0.00,0.00,0.00,0.00,0.00,0.00
NVDA,1749245275471,141.7200,141.7200,141.8000,100,900,93644,141.7200,141.7200,141.7200,141.7200,0.0800,142.1567,50.0000,141.7795,141.8393,141.7511,0.0636,0.00,0.00,0.00,0.00,0.00,0.00,0.00,0.00
NVDA,1749245275471,141.7200,141.7300,141.8000,100,900,93644,141.7200,141.7200,141.7200,141.7200,0.0700,142.1567,50.0000,141.7795,141.8393,141.7511,0.0636,0.00,0.00,0.00,0.00,0.00,0.00,0.00,0.00
NVDA,1749245275471,141.7900,141.7300,141.8000,100,900,93744,141.7200,141.7200,141.7200,141.7200,0.0700,142.1567,50.0000,141.7795,141.8393,141.7511,0.0636,0.00,0.00,0.00,0.00,0.00,0.00,0.00,0.00
NVDA,1749245275471,141.7300,141.7300,141.8000,100,900,94219,141.7200,141.7200,141.7200,141.7200,0.0700,142.1567,50.0000,141.7795,141.8393,141.7511,0.0636,0.00,0.00,0.00,0.00,0.00,0.00,0.00,0.00
NVDA,1749245275471,141.7400,141.7300,141.8000,100,900,94222,141.7200,141.7200,141.7200,141.7200,0.0700,142.1567,50.0000,141.7795,141.8393,141.7511,0.0636,0.00,0.00,0.00,0.00,0.00,0.00,0.00,0.00
NVDA,1749245275547,141.7400,141.7300,141.8000,100,900,94322,141.7200,141.7200,141.7200,141.7200,0.0700,142.1567,50.0000,141.7795,141.8393,141.7511,0.0636,0.00,0.00,0.00,0.00,0.00,0.00,0.00,0.00
NVDA,1749245275923,141.7400,141.7300,141.8000,100,900,94595,141.7200,141.7200,141.7100,141.7200,0.0700,142.1567,50.0000,141.7795,141.8393,141.7511,0.0636,0.00,0.00,0.00,0.00,0.00,0.00,0.00,0.00
NVDA,1749245276331,141.7900,141.7300,141.8000,100,900,94670,141.7200,141.7200,141.7100,141.7200,0.0700,142.1567,50.0000,141.7795,141.8393,141.7511,0.0636,0.00,0.00,0.00,0.00,0.00,0.00,0.00,0.00
NVDA,1749245276331,141.7500,141.7300,141.8000,100,900,94671,141.7200,141.7200,141.7100,141.7200,0.0700,142.1567,50.0000,141.7795,141.8393,141.7511,0.0636,0.00,0.00,0.00,0.00,0.00,0.00,0.00,0.00
NVDA,1749245276331,141.7500,141.7300,141.8000,400,1200,94721,141.7200,141.7200,141.7100,141.7200,0.0700,142.1567,50.0000,141.7795,141.8393,141.7511,0.0636,0.00,0.00,0.00,0.00,0.00,0.00,0.00,0.00
NVDA,1749245276331,141.7500,141.7300,141.8000,200,1200,94721,141.7200,141.7200,141.7100,141.7200,0.0700,142.1567,50.0000,141.7795,141.8393,141.7511,0.0636,0.00,0.00,0.00,0.00,0.00,0.00,0.00,0.00
NVDA,1749245276331,141.7500,141.7300,141.8000,200,1100,94721,141.7200,141.7200,141.7100,141.7200,0.0700,142.1567,50.0000,141.7795,141.8393,141.7511,0.0636,0.00,0.00,0.00,0.00,0.00,0.00,0.00,0.00
NVDA,1749245276483,141.7500,141.7300,141.8000,200,1100,94721,141.7200,141.7200,141.7100,141.7200,0.0700,142.1567,50.0000,141.7795,141.8393,141.7511,0.0636,0.00,0.00,0.00,0.00,0.00,0.00,0.00,0.00
NVDA,1749245277025,141.7500,141.7300,141.8000,200,800,94721,141.7200,141.7200,141.7100,141.7200,0.0700,142.1567,50.0000,141.7795,141.8393,141.7511,0.0636,0.00,0.00,0.00,0.00,0.00,0.00,0.00,0.00
NVDA,1749245277025,141.8000,141.7300,141.8000,200,800,95005,141.7200,141.7200,141.7100,141.7200,0.0700,142.1567,50.0000,141.7795,141.8393,141.7511,0.0636,0.00,0.00,0.00,0.00,0.00,0.00,0.00,0.00
NVDA,1749245277025,141.7600,141.7300,141.8000,200,800,95010,141.7200,141.7200,141.7100,141.7200,0.0700,142.1567,50.0000,141.7795,141.8393,141.7511,0.0636,0.00,0.00,0.00,0.00,0.00,0.00,0.00,0.00
NVDA,1749245278380,141.7600,141.7300,141.8000,400,800,95010,141.7200,141.7200,141.7100,141.7200,0.0700,142.1567,50.0000,141.7795,141.8393,141.7511,0.0636,0.00,0.00,0.00,0.00,0.00,0.00,0.00,0.00
NVDA,1749245278679,141.7600,141.7300,141.8000,400,800,95010,141.7200,141.7200,141.7100,141.7200,0.0700,142.1567,50.0000,141.7795,141.8393,141.7511,0.0636,0.00,0.00,0.00,0.00,0.00,0.00,0.00,0.00
NVDA,1749245279049,141.7400,141.7300,141.8000,400,800,95017,141.7200,141.7200,141.7100,141.7200,0.0700,142.1567,50.0000,141.7795,141.8393,141.7511,0.0636,0.00,0.00,0.00,0.00,0.00,0.00,0.00,0.00
NVDA,1749245279049,141.7300,141.7300,141.8000,400,800,95117,141.7200,141.7200,141.7100,141.7200,0.0700,142.1567,50.0000,141.7795,141.8393,141.7511,0.0636,0.00,0.00,0.00,0.00,0.00,0.00,0.00,0.00
NVDA,1749245280429,141.7300,141.7300,141.8000,400,800,95117,141.7200,141.7200,141.7100,141.7200,0.0700,142.1567,30.9375,141.7696,141.8312,141.7430,0.0662,0.00,0.00,0.00,0.00,0.00,0.00,0.00,0.00
NVDA,1749245281026,141.7300,141.7300,141.8000,400,800,95117,141.7900,141.8000,141.7300,141.7300,0.0700,142.1567,30.9375,141.7696,141.8312,141.7430,0.0662,0.00,0.00,0.00,0.00,0.00,0.00,0.00,0.00
NVDA,1749245281026,141.7800,141.7300,141.8000,400,800,95121,141.7900,141.8000,141.7300,141.7300,0.0700,142.1567,30.9375,141.7696,141.8312,141.7430,0.0662,0.00,0.00,0.00,0.00,0.00,0.00,0.00,0.00
NVDA,1749245282350,141.7800,141.7300,141.8000,700,800,95121,141.7900,141.8000,141.7300,141.7300,0.0700,142.1567,30.9375,141.7696,141.8312,141.7430,0.0662,0.00,0.00,0.00,0.00,0.00,0.00,0.00,0.00
NVDA,1749245284193,141.7800,141.7400,141.8000,200,800,95121,141.7900,141.8000,141.7300,141.7300,0.0600,142.1567,30.9375,141.7696,141.8312,141.7430,0.0662,0.00,0.00,0.00,0.00,0.00,0.00,0.00,0.00
NVDA,1749245284681,141.7800,141.7400,141.8000,200,800,95121,141.7900,141.8000,141.7300,141.7300,0.0600,142.1567,30.9375,141.7696,141.8312,141.7430,0.0662,0.00,0.00,0.00,0.00,0.00,0.00,0.00,0.00
NVDA,1749245285219,141.8000,141.7400,141.8000,200,800,95137,141.7900,141.8000,141.7300,141.7300,0.0600,142.1567,30.9375,141.7696,141.8312,141.7430,0.0662,0.00,0.00,0.00,0.00,0.00,0.00,0.00,0.00
NVDA,1749245285219,141.7700,141.7400,141.8000,200,800,95140,141.7900,141.8000,141.7300,141.7300,0.0600,142.1567,30.9375,141.7696,141.8312,141.7430,0.0662,0.00,0.00,0.00,0.00,0.00,0.00,0.00,0.00
NVDA,1749245285219,141.7800,141.7400,141.8000,200,800,95141,141.7900,141.8000,141.7300,141.7300,0.0600,142.1567,30.9375,141.7696,141.8312,141.7430,0.0662,0.00,0.00,0.00,0.00,0.00,0.00,0.00,0.00
NVDA,1749245285219,141.7900,141.7400,141.8000,200,800,95153,141.7900,141.8000,141.7300,141.7300,0.0600,142.1567,30.9375,141.7696,141.8312,141.7430,0.0662,0.00,0.00,0.00,0.00,0.00,0.00,0.00,0.00
NVDA,1749245285219,141.8000,141.7400,141.8000,200,800,95237,141.7900,141.8000,141.7300,141.7300,0.0600,142.1567,30.9375,141.7696,141.8312,141.7430,0.0662,0.00,0.00,0.00,0.00,0.00,0.00,0.00,0.00
NVDA,1749245285219,141.8000,141.8000,141.8000,300,800,95632,141.7900,141.8000,141.7300,141.7300,0.0000,142.1567,30.9375,141.7696,141.8312,141.7430,0.0662,0.00,0.00,0.00,0.00,0.00,0.00,0.00,0.00
NVDA,1749245285219,141.8000,141.8000,141.8000,200,100,95632,141.7900,141.8000,141.7300,141.7300,0.0000,142.1567,30.9375,141.7696,141.8312,141.7430,0.0662,0.00,0.00,0.00,0.00,0.00,0.00,0.00,0.00
NVDA,1749245285219,141.8000,141.8000,141.8000,200,3000,95632,141.7900,141.8000,141.7300,141.7300,0.0000,142.1567,30.9375,141.7696,141.8312,141.7430,0.0662,0.00,0.00,0.00,0.00,0.00,0.00,0.00,0.00
NVDA,1749245285219,141.8000,141.7400,141.8000,200,3000,95632,141.7900,141.8000,141.7300,141.7300,0.0600,142.1567,30.9375,141.7696,141.8312,141.7430,0.0662,0.00,0.00,0.00,0.00,0.00,0.00,0.00,0.00
NVDA,1749245285219,141.8000,141.7400,141.8000,200,3100,95632,141.7900,141.8000,141.7300,141.7300,0.0600,142.1567,30.9375,141.7696,141.8312,141.7430,0.0662,0.00,0.00,0.00,0.00,0.00,0.00,0.00,0.00
NVDA,1749245285936,141.8000,141.7400,141.8000,200,3100,95632,141.7900,141.8000,141.7300,141.7300,0.0600,142.1567,30.9375,141.7696,141.8312,141.7430,0.0662,0.00,0.00,0.00,0.00,0.00,0.00,0.00,0.00
NVDA,1749245286017,141.8000,141.7400,141.8000,200,3100,95632,141.8000,141.8000,141.8000,141.8000,0.0600,142.1567,30.9375,141.7696,141.8312,141.7430,0.0662,0.00,0.00,0.00,0.00,0.00,0.00,0.00,0.00
NVDA,1749245286435,141.8000,141.7400,141.8000,200,3100,95632,141.8000,141.8000,141.8000,141.8000,0.0600,142.1567,30.9375,141.7696,141.8312,141.7430,0.0662,0.00,0.00,0.00,0.00,0.00,0.00,0.00,0.00
NVDA,1749245286613,141.7400,141.7400,141.8000,200,3100,95682,141.8000,141.8000,141.8000,141.8000,0.0600,142.1567,30.9375,141.7696,141.8312,141.7430,0.0662,0.00,0.00,0.00,0.00,0.00,0.00,0.00,0.00
NVDA,1749245286613,141.7700,141.7400,141.8000,200,3100,95683,141.8000,141.8000,141.8000,141.8000,0.0600,142.1567,30.9375,141.7696,141.8312,141.7430,0.0662,0.00,0.00,0.00,0.00,0.00,0.00,0.00,0.00
NVDA,1749245286613,141.7700,141.7400,141.8000,500,3100,95683,141.8000,141.8000,141.8000,141.8000,0.0600,142.1567,30.9375,141.7696,141.8312,141.7430,0.0662,0.00,0.00,0.00,0.00,0.00,0.00,0.00,0.00
NVDA,1749245288443,141.7700,141.7400,141.8000,500,3100,95683,141.8000,141.8000,141.8000,141.8000,0.0600,142.1567,30.9375,141.7696,141.8312,141.7430,0.0662,0.00,0.00,0.00,0.00,0.00,0.00,0.00,0.00
NVDA,1749245288892,141.7700,141.7400,141.8000,500,3100,95684,141.8000,141.8000,141.8000,141.8000,0.0600,142.1567,30.9375,141.7696,141.8312,141.7430,0.0662,0.00,0.00,0.00,0.00,0.00,0.00,0.00,0.00
NVDA,1749245289192,141.7700,141.7400,141.8000,500,3100,95684,141.8000,141.8000,141.8000,141.8000,0.0600,142.1567,30.9375,141.7696,141.8312,141.7430,0.0662,0.00,0.00,0.00,0.00,0.00,0.00,0.00,0.00
NVDA,1749245289758,141.8000,141.7400,141.8000,500,3100,95685,141.8000,141.8000,141.8000,141.8000,0.0600,142.1567,30.9375,141.7696,141.8312,141.7430,0.0662,0.00,0.00,0.00,0.00,0.00,0.00,0.00,0.00
NVDA,1749245290714,141.8000,141.7400,141.8000,400,3100,95685,141.8000,141.8000,141.8000,141.8000,0.0600,142.1567,30.9375,141.7696,141.8312,141.7430,0.0662,0.00,0.00,0.00,0.00,0.00,0.00,0.00,0.00
NVDA,1749245291027,141.8000,141.7400,141.8000,400,3100,95685,141.8000,141.8000,141.8000,141.8000,0.0600,142.1567,30.9375,141.7696,141.8312,141.7430,0.0662,0.00,0.00,0.00,0.00,0.00,0.00,0.00,0.00
NVDA,1749245291443,141.8000,141.7400,141.8000,400,3100,95685,141.8000,141.8000,141.8000,141.8000,0.0600,142.1567,30.9375,141.7696,141.8312,141.7430,0.0662,0.00,0.00,0.00,0.00,0.00,0.00,0.00,0.00
NVDA,1749245292065,141.7400,141.7400,141.8000,400,3100,95720,141.8000,141.8000,141.8000,141.8000,0.0600,142.1567,30.9375,141.7696,141.8312,141.7430,0.0662,0.00,0.00,0.00,0.00,0.00,0.00,0.00,0.00
NVDA,1749245292942,141.7400,141.7400,141.8000,400,3100,95720,141.8000,141.8000,141.8000,141.8000,0.0600,142.1567,30.9375,141.7696,141.8312,141.7430,0.0662,0.00,0.00,0.00,0.00,0.00,0.00,0.00,0.00
NVDA,1749245293600,141.8000,141.7400,141.8000,400,3100,95725,141.8000,141.8000,141.8000,141.8000,0.0600,142.1567,30.9375,141.7696,141.8312,141.7430,0.0662,0.00,0.00,0.00,0.00,0.00,0.00,0.00,0.00
NVDA,1749245293600,141.8000,141.7400,141.8000,500,3100,95725,141.8000,141.8000,141.8000,141.8000,0.0600,142.1567,30.9375,141.7696,141.8312,141.7430,0.0662,0.00,0.00,0.00,0.00,0.00,0.00,0.00,0.00
NVDA,1749245294352,141.8000,141.7400,141.7800,500,100,95725,141.8000,141.8000,141.8000,141.8000,0.0400,142.1567,30.9375,141.7696,141.8312,141.7430,0.0662,0.00,0.00,0.00,0.00,0.00,0.00,0.00,0.00
NVDA,1749245296025,141.8000,141.7400,141.7800,500,100,95725,141.8000,141.8000,141.8000,141.8000,0.0400,142.1567,30.9375,141.7696,141.8312,141.7430,0.0662,0.00,0.00,0.00,0.00,0.00,0.00,0.00,0.00
NVDA,1749245296698,141.8000,141.7400,141.7800,500,100,95725,141.8000,141.8000,141.8000,141.8000,0.0400,142.1567,30.9375,141.7696,141.8312,141.7430,0.0662,0.00,0.00,0.00,0.00,0.00,0.00,0.00,0.00
NVDA,1749245296948,141.8000,141.7400,141.7800,500,100,95725,141.8000,141.8000,141.8000,141.8000,0.0400,142.1567,30.9375,141.7696,141.8312,141.7430,0.0662,0.00,0.00,0.00,0.00,0.00,0.00,0.00,0.00
NVDA,1749245297205,141.8000,141.7400,141.7800,500,100,95725,141.8000,141.8000,141.8000,141.8000,0.0400,142.1567,30.9375,141.7696,141.8312,141.7430,0.0662,0.00,0.00,0.00,0.00,0.00,0.00,0.00,0.00
NVDA,1749245297205,141.7400,141.7400,141.7800,500,100,95726,141.8000,141.8000,141.8000,141.8000,0.0400,142.1567,30.9375,141.7696,141.8312,141.7430,0.0662,0.00,0.00,0.00,0.00,0.00,0.00,0.00,0.00
NVDA,1749245297205,141.7800,141.7400,141.7800,500,100,95727,141.8000,141.8000,141.8000,141.8000,0.0400,142.1567,30.9375,141.7696,141.8312,141.7430,0.0662,0.00,0.00,0.00,0.00,0.00,0.00,0.00,0.00
NVDA,1749245297449,141.7800,141.7400,141.7800,500,100,95727,141.8000,141.8000,141.8000,141.8000,0.0400,142.1567,30.9375,141.7696,141.8312,141.7430,0.0662,0.00,0.00,0.00,0.00,0.00,0.00,0.00,0.00
NVDA,1749245297938,141.7800,141.7400,141.7800,500,100,95730,141.8000,141.8000,141.8000,141.8000,0.0400,142.1567,30.9375,141.7696,141.8312,141.7430,0.0662,0.00,0.00,0.00,0.00,0.00,0.00,0.00,0.00
NVDA,1749245297938,141.7600,141.7400,141.7800,500,100,95731,141.8000,141.8000,141.8000,141.8000,0.0400,142.1567,30.9375,141.7696,141.8312,141.7430,0.0662,0.00,0.00,0.00,0.00,0.00,0.00,0.00,0.00
NVDA,1749245298950,141.7600,141.7400,141.7800,500,100,95731,141.8000,141.8000,141.8000,141.8000,0.0400,142.1567,30.9375,141.7696,141.8312,141.7430,0.0662,0.00,0.00,0.00,0.00,0.00,0.00,0.00,0.00
NVDA,1749245299199,141.7600,141.7400,141.7800,500,100,95731,141.8000,141.8000,141.8000,141.8000,0.0400,142.1567,30.9375,141.7696,141.8312,141.7430,0.0662,0.00,0.00,0.00,0.00,0.00,0.00,0.00,0.00
NVDA,1749245299436,141.7800,141.7400,141.7800,500,100,95735,141.8000,141.8000,141.8000,141.8000,0.0400,142.1567,30.9375,141.7696,141.8312,141.7430,0.0662,0.00,0.00,0.00,0.00,0.00,0.00,0.00,0.00
NVDA,1749245299436,141.7500,141.7400,141.7800,500,100,95746,141.8000,141.8000,141.8000,141.8000,0.0400,142.1567,30.9375,141.7696,141.8312,141.7430,0.0662,0.00,0.00,0.00,0.00,0.00,0.00,0.00,0.00
NVDA,1749245299436,141.7600,141.7400,141.7800,500,100,95747,141.8000,141.8000,141.8000,141.8000,0.0400,142.1567,30.9375,141.7696,141.8312,141.7430,0.0662,0.00,0.00,0.00,0.00,0.00,0.00,0.00,0.00
NVDA,1749245301024,141.7600,141.7400,141.7800,500,100,95747,141.8000,141.8000,141.8000,141.8000,0.0400,142.1567,30.9375,141.7696,141.8312,141.7430,0.0662,0.00,0.00,0.00,0.00,0.00,0.00,0.00,0.00
NVDA,1749245303951,141.7600,141.7400,141.7800,500,100,95747,141.8000,141.8000,141.8000,141.8000,0.0400,142.1567,30.9375,141.7696,141.8312,141.7430,0.0662,0.00,0.00,0.00,0.00,0.00,0.00,0.00,0.00
NVDA,1749245304519,141.7400,141.7400,141.7800,500,100,95756,141.8000,141.8000,141.8000,141.8000,0.0400,142.1567,30.9375,141.7696,141.8312,141.7430,0.0662,0.00,0.00,0.00,0.00,0.00,0.00,0.00,0.00
NVDA,1749245304519,141.7400,141.7400,141.7800,500,500,95756,141.8000,141.8000,141.8000,141.8000,0.0400,142.1567,30.9375,141.7696,141.8312,141.7430,0.0662,0.00,0.00,0.00,0.00,0.00,0.00,0.00,0.00
NVDA,1749245304519,141.7400,141.7700,141.7800,100,500,95756,141.8000,141.8000,141.8000,141.8000,0.0100,142.1567,30.9375,141.7696,141.8312,141.7430,0.0662,0.00,0.00,0.00,0.00,0.00,0.00,0.00,0.00
NVDA,1749245304963,141.7400,141.7700,141.7800,100,500,95756,141.8000,141.8000,141.8000,141.8000,0.0100,142.1567,30.9375,141.7696,141.8312,141.7430,0.0662,0.00,0.00,0.00,0.00,0.00,0.00,0.00,0.00
NVDA,1749245305590,141.7400,141.7400,141.7800,500,500,95756,141.8000,141.8000,141.8000,141.8000,0.0400,142.1567,30.9375,141.7696,141.8312,141.7430,0.0662,0.00,0.00,0.00,0.00,0.00,0.00,0.00,0.00
NVDA,1749245305590,141.7700,141.7400,141.7800,500,500,95856,141.8000,141.8000,141.8000,141.8000,0.0400,142.1567,30.9375,141.7696,141.8312,141.7430,0.0662,0.00,0.00,0.00,0.00,0.00,0.00,0.00,0.00
NVDA,1749245306026,141.7700,141.7400,141.7800,500,500,95856,141.7700,141.7700,141.7700,141.7700,0.0400,142.1567,30.9375,141.7696,141.8312,141.7430,0.0662,0.00,0.00,0.00,0.00,0.00,0.00,0.00,0.00
NVDA,1749245306717,141.7700,141.7400,141.7800,500,500,95856,141.7700,141.7700,141.7700,141.7700,0.0400,142.1567,30.9375,141.7696,141.8312,141.7430,0.0662,0.00,0.00,0.00,0.00,0.00,0.00,0.00,0.00
NVDA,1749245307356,141.7400,141.7400,141.7800,500,500,96081,141.7700,141.7700,141.7700,141.7700,0.0400,142.1567,30.9375,141.7696,141.8312,141.7430,0.0662,0.00,0.00,0.00,0.00,0.00,0.00,0.00,0.00
NVDA,1749245307967,141.7400,141.7400,141.7800,500,500,96081,141.7700,141.7700,141.7700,141.7700,0.0400,142.1567,30.9375,141.7696,141.8312,141.7430,0.0662,0.00,0.00,0.00,0.00,0.00,0.00,0.00,0.00
NVDA,1749245308515,141.7400,141.7400,141.7800,500,500,96082,141.7700,141.7700,141.7700,141.7700,0.0400,142.1567,30.9375,141.7696,141.8312,141.7430,0.0662,0.00,0.00,0.00,0.00,0.00,0.00,0.00,0.00
NVDA,1749245308515,141.7600,141.7400,141.7800,500,500,96083,141.7700,141.7700,141.7700,141.7700,0.0400,142.1567,30.9375,141.7696,141.8312,141.7430,0.0662,0.00,0.00,0.00,0.00,0.00,0.00,0.00,0.00
NVDA,1749245310298,141.7600,141.7400,141.7600,500,100,96083,141.7700,141.7700,141.7700,141.7700,0.0200,142.1567,30.9375,141.7696,141.8312,141.7430,0.0662,0.00,0.00,0.00,0.00,0.00,0.00,0.00,0.00
NVDA,1749245311017,141.7600,141.7400,141.7600,500,100,96083,141.7400,141.7400,141.7400,141.7400,0.0200,142.1567,30.9375,141.7696,141.8312,141.7430,0.0662,0.00,0.00,0.00,0.00,0.00,0.00,0.00,0.00
NVDA,1749245312214,141.7600,141.7400,141.7600,500,100,96083,141.7400,141.7400,141.7400,141.7400,0.0200,142.1567,30.9375,141.7696,141.8312,141.7430,0.0662,0.00,0.00,0.00,0.00,0.00,0.00,0.00,0.00
NVDA,1749245312465,141.7600,141.7400,141.7600,500,100,96083,141.7400,141.7400,141.7400,141.7400,0.0200,142.1567,30.9375,141.7696,141.8312,141.7430,0.0662,0.00,0.00,0.00,0.00,0.00,0.00,0.00,0.00
NVDA,1749245312968,141.7500,141.7400,141.7600,500,100,96084,141.7400,141.7400,141.7400,141.7400,0.0200,142.1567,30.9375,141.7696,141.8312,141.7430,0.0662,0.00,0.00,0.00,0.00,0.00,0.00,0.00,0.00
NVDA,1749245312968,141.7400,141.7400,141.7600,500,100,96086,141.7400,141.7400,141.7400,141.7400,0.0200,142.1567,30.9375,141.7696,141.8312,141.7430,0.0662,0.00,0.00,0.00,0.00,0.00,0.00,0.00,0.00
NVDA,1749245313514,141.7400,141.7400,141.7600,200,100,96086,141.7400,141.7400,141.7400,141.7400,0.0200,142.1567,30.9375,141.7696,141.8312,141.7430,0.0662,0.00,0.00,0.00,0.00,0.00,0.00,0.00,0.00
NVDA,1749245316028,141.7400,141.7400,141.7600,200,100,96086,141.7400,141.7400,141.7400,141.7400,0.0200,142.1567,30.9375,141.7696,141.8312,141.7430,0.0662,0.00,0.00,0.00,0.00,0.00,0.00,0.00,0.00
NVDA,1749245317477,141.7400,141.7400,141.7600,200,100,96086,141.7400,141.7400,141.7400,141.7400,0.0200,142.1567,30.9375,141.7696,141.8312,141.7430,0.0662,0.00,0.00,0.00,0.00,0.00,0.00,0.00,0.00
NVDA,1749245317999,141.7500,141.7400,141.7600,200,100,96087,141.7400,141.7400,141.7400,141.7400,0.0200,142.1567,30.9375,141.7696,141.8312,141.7430,0.0662,0.00,0.00,0.00,0.00,0.00,0.00,0.00,0.00
NVDA,1749245318219,141.7500,141.7400,141.7600,200,100,96088,141.7400,141.7400,141.7400,141.7400,0.0200,142.1567,30.9375,141.7696,141.8312,141.7430,0.0662,0.00,0.00,0.00,0.00,0.00,0.00,0.00,0.00
NVDA,1749245318469,141.7500,141.7400,141.7600,200,100,96088,141.7400,141.7400,141.7400,141.7400,0.0200,142.1567,30.9375,141.7696,141.8312,141.7430,0.0662,0.00,0.00,0.00,0.00,0.00,0.00,0.00,0.00
NVDA,1749245318841,141.7500,141.7400,141.7800,200,500,96088,141.7400,141.7400,141.7400,141.7400,0.0400,142.1567,30.9375,141.7696,141.8312,141.7430,0.0662,0.00,0.00,0.00,0.00,0.00,0.00,0.00,0.00
NVDA,1749245318841,141.7500,141.7400,141.7800,300,500,96088,141.7400,141.7400,141.7400,141.7400,0.0400,142.1567,30.9375,141.7696,141.8312,141.7430,0.0662,0.00,0.00,0.00,0.00,0.00,0.00,0.00,0.00
NVDA,1749245318841,141.7500,141.7400,141.7800,200,500,96088,141.7400,141.7400,141.7400,141.7400,0.0400,142.1567,30.9375,141.7696,141.8312,141.7430,0.0662,0.00,0.00,0.00,0.00,0.00,0.00,0.00,0.00
NVDA,1749245318841,141.7600,141.7400,141.7800,200,500,96188,141.7400,141.7400,141.7400,141.7400,0.0400,142.1567,30.9375,141.7696,141.8312,141.7430,0.0662,0.00,0.00,0.00,0.00,0.00,0.00,0.00,0.00
NVDA,1749245318841,141.7400,141.7400,141.7800,200,500,96189,141.7400,141.7400,141.7400,141.7400,0.0400,142.1567,30.9375,141.7696,141.8312,141.7430,0.0662,0.00,0.00,0.00,0.00,0.00,0.00,0.00,0.00
NVDA,1749245319723,141.7400,141.7400,141.7800,200,500,96189,141.7400,141.7400,141.7400,141.7400,0.0400,142.1567,30.9375,141.7696,141.8312,141.7430,0.0662,0.00,0.00,0.00,0.00,0.00,0.00,0.00,0.00
NVDA,1749245319979,141.7400,141.7400,141.7800,200,500,96189,141.7400,141.7400,141.7400,141.7400,0.0400,142.1567,30.9375,141.7696,141.8312,141.7430,0.0662,0.00,0.00,0.00,0.00,0.00,0.00,0.00,0.00
NVDA,1749245320259,141.7400,141.7400,141.7800,200,500,96209,141.7400,141.7400,141.7400,141.7400,0.0400,142.1567,30.9375,141.7696,141.8312,141.7430,0.0662,0.00,0.00,0.00,0.00,0.00,0.00,0.00,0.00
NVDA,1749245320259,141.7600,141.7400,141.7800,200,500,96210,141.7400,141.7400,141.7400,141.7400,0.0400,142.1567,30.9375,141.7696,141.8312,141.7430,0.0662,0.00,0.00,0.00,0.00,0.00,0.00,0.00,0.00
NVDA,1749245320259,141.7600,141.7200,141.7800,1800,500,96210,141.7400,141.7400,141.7400,141.7400,0.0600,142.1567,30.9375,141.7696,141.8312,141.7430,0.0662,0.00,0.00,0.00,0.00,0.00,0.00,0.00,0.00
NVDA,1749245320259,141.7600,141.7200,141.7700,1800,100,96210,141.7400,141.7400,141.7400,141.7400,0.0500,142.1567,30.9375,141.7696,141.8312,141.7430,0.0662,0.00,0.00,0.00,0.00,0.00,0.00,0.00,0.00
NVDA,1749245320259,141.7600,141.7200,141.7500,1800,100,96210,141.7400,141.7400,141.7400,141.7400,0.0300,142.1567,30.9375,141.7696,141.8312,141.7430,0.0662,0.00,0.00,0.00,0.00,0.00,0.00,0.00,0.00
NVDA,1749245320259,141.7600,141.7200,141.7700,1800,100,96210,141.7400,141.7400,141.7400,141.7400,0.0500,142.1567,30.9375,141.7696,141.8312,141.7430,0.0662,0.00,0.00,0.00,0.00,0.00,0.00,0.00,0.00
NVDA,1749245320259,141.7600,141.7200,141.7600,1800,100,96210,141.7400,141.7400,141.7400,141.7400,0.0400,142.1567,30.9375,141.7696,141.8312,141.7430,0.0662,0.00,0.00,0.00,0.00,0.00,0.00,0.00,0.00
NVDA,1749245320259,141.7600,141.7200,141.7600,1400,100,96210,141.7400,141.7400,141.7400,141.7400,0.0400,142.1567,30.9375,141.7696,141.8312,141.7430,0.0662,0.00,0.00,0.00,0.00,0.00,0.00,0.00,0.00
NVDA,1749245320259,141.7600,141.7200,141.7600,1100,100,96210,141.7400,141.7400,141.7400,141.7400,0.0400,142.1567,30.9375,141.7696,141.8312,141.7430,0.0662,0.00,0.00,0.00,0.00,0.00,0.00,0.00,0.00
NVDA,1749245320259,141.7600,141.7200,141.7600,1500,100,96210,141.7400,141.7400,141.7400,141.7400,0.0400,142.1567,30.9375,141.7696,141.8312,141.7430,0.0662,0.00,0.00,0.00,0.00,0.00,0.00,0.00,0.00
NVDA,1749245320259,141.7600,141.7200,141.7500,700,100,96210,141.7400,141.7400,141.7400,141.7400,0.0300,142.1567,30.9375,141.7696,141.8312,141.7430,0.0662,0.00,0.00,0.00,0.00,0.00,0.00,0.00,0.00
NVDA,1749245320259,141.7600,141.7200,141.7600,700,100,96210,141.7400,141.7400,141.7400,141.7400,0.0400,142.1567,30.9375,141.7696,141.8312,141.7430,0.0662,0.00,0.00,0.00,0.00,0.00,0.00,0.00,0.00
NVDA,1749245320259,141.7600,141.7200,141.7500,600,100,96210,141.7400,141.7400,141.7400,141.7400,0.0300,142.1567,30.9375,141.7696,141.8312,141.7430,0.0662,0.00,0.00,0.00,0.00,0.00,0.00,0.00,0.00
NVDA,1749245320259,141.7600,141.7200,141.7600,600,100,96210,141.7400,141.7400,141.7400,141.7400,0.0400,142.1567,30.9375,141.7696,141.8312,141.7430,0.0662,0.00,0.00,0.00,0.00,0.00,0.00,0.00,0.00
NVDA,1749245320259,141.7600,141.7200,141.7600,300,100,96210,141.7400,141.7400,141.7400,141.7400,0.0400,142.1567,30.9375,141.7696,141.8312,141.7430,0.0662,0.00,0.00,0.00,0.00,0.00,0.00,0.00,0.00
NVDA,1749245320259,141.7500,141.7200,141.7600,300,100,96229,141.7400,141.7400,141.7400,141.7400,0.0400,142.1567,30.9375,141.7696,141.8312,141.7430,0.0662,0.00,0.00,0.00,0.00,0.00,0.00,0.00,0.00
NVDA,1749245320259,141.7400,141.7200,141.7600,300,100,96379,141.7400,141.7400,141.7400,141.7400,0.0400,142.1567,30.9375,141.7696,141.8312,141.7430,0.0662,0.00,0.00,0.00,0.00,0.00,0.00,0.00,0.00
NVDA,1749245320259,141.7300,141.7200,141.7600,300,100,96530,141.7400,141.7400,141.7400,141.7400,0.0400,142.1567,30.9375,141.7696,141.8312,141.7430,0.0662,0.00,0.00,0.00,0.00,0.00,0.00,0.00,0.00
NVDA,1749245320259,141.7500,141.7200,141.7600,300,100,96644,141.7400,141.7400,141.7400,141.7400,0.0400,142.1567,30.9375,141.7696,141.8312,141.7430,0.0662,0.00,0.00,0.00,0.00,0.00,0.00,0.00,0.00
NVDA,1749245320259,141.7300,141.7200,141.7600,300,100,96649,141.7400,141.7400,141.7400,141.7400,0.0400,142.1567,30.9375,141.7696,141.8312,141.7430,0.0662,0.00,0.00,0.00,0.00,0.00,0.00,0.00,0.00
NVDA,1749245320259,141.7500,141.7200,141.7600,300,100,96669,141.7400,141.7400,141.7400,141.7400,0.0400,142.1567,30.9375,141.7696,141.8312,141.7430,0.0662,0.00,0.00,0.00,0.00,0.00,0.00,0.00,0.00
NVDA,1749245320259,141.7300,141.7200,141.7600,300,100,96849,141.7400,141.7400,141.7400,141.7400,0.0400,142.1567,30.9375,141.7696,141.8312,141.7430,0.0662,0.00,0.00,0.00,0.00,0.00,0.00,0.00,0.00
NVDA,1749245320336,141.7200,141.7200,141.7600,300,100,97369,141.7400,141.7400,141.7400,141.7400,0.0400,142.1567,30.9375,141.7696,141.8312,141.7430,0.0662,0.00,0.00,0.00,0.00,0.00,0.00,0.00,0.00
NVDA,1749245320336,141.7300,141.7200,141.7600,300,100,98249,141.7400,141.7400,141.7400,141.7400,0.0400,142.1567,30.9375,141.7696,141.8312,141.7430,0.0662,0.00,0.00,0.00,0.00,0.00,0.00,0.00,0.00
NVDA,1749245320336,141.7200,141.7200,141.7600,300,100,98469,141.7400,141.7400,141.7400,141.7400,0.0400,142.1567,30.9375,141.7696,141.8312,141.7430,0.0662,0.00,0.00,0.00,0.00,0.00,0.00,0.00,0.00
NVDA,1749245320336,141.7300,141.7200,141.7600,300,100,98770,141.7400,141.7400,141.7400,141.7400,0.0400,142.1567,30.9375,141.7696,141.8312,141.7430,0.0662,0.00,0.00,0.00,0.00,0.00,0.00,0.00,0.00
NVDA,1749245320336,141.7200,141.7200,141.7600,300,100,99451,141.7400,141.7400,141.7400,141.7400,0.0400,142.1567,30.9375,141.7696,141.8312,141.7430,0.0662,0.00,0.00,0.00,0.00,0.00,0.00,0.00,0.00
NVDA,1749245320336,141.7300,141.7200,141.7600,300,100,100751,141.7400,141.7400,141.7400,141.7400,0.0400,142.1567,30.9375,141.7696,141.8312,141.7430,0.0662,0.00,0.00,0.00,0.00,0.00,0.00,0.00,0.00
NVDA,1749245320336,141.7200,141.7200,141.7600,300,100,101747,141.7400,141.7400,141.7400,141.7400,0.0400,142.1567,30.9375,141.7696,141.8312,141.7430,0.0662,0.00,0.00,0.00,0.00,0.00,0.00,0.00,0.00
NVDA,1749245320336,141.7100,141.7200,141.7600,300,100,103971,141.7400,141.7400,141.7400,141.7400,0.0400,142.1567,30.9375,141.7696,141.8312,141.7430,0.0662,0.00,0.00,0.00,0.00,0.00,0.00,0.00,0.00
NVDA,1749245320336,141.7200,141.7200,141.7600,300,100,105327,141.7400,141.7400,141.7400,141.7400,0.0400,142.1567,30.9375,141.7696,141.8312,141.7430,0.0662,0.00,0.00,0.00,0.00,0.00,0.00,0.00,0.00
NVDA,1749245320336,141.7300,141.7200,141.7600,300,100,105362,141.7400,141.7400,141.7400,141.7400,0.0400,142.1567,30.9375,141.7696,141.8312,141.7430,0.0662,0.00,0.00,0.00,0.00,0.00,0.00,0.00,0.00
NVDA,1749245320336,141.7200,141.7200,141.7600,300,100,105441,141.7400,141.7400,141.7400,141.7400,0.0400,142.1567,30.9375,141.7696,141.8312,141.7430,0.0662,0.00,0.00,0.00,0.00,0.00,0.00,0.00,0.00
NVDA,1749245320336,141.7300,141.7200,141.7600,300,100,105476,141.7400,141.7400,141.7400,141.7400,0.0400,142.1567,30.9375,141.7696,141.8312,141.7430,0.0662,0.00,0.00,0.00,0.00,0.00,0.00,0.00,0.00
NVDA,1749245320415,141.7100,141.7200,141.7600,300,100,105511,141.7400,141.7400,141.7400,141.7400,0.0400,142.1567,30.9375,141.7696,141.8312,141.7430,0.0662,0.00,0.00,0.00,0.00,0.00,0.00,0.00,0.00
NVDA,1749245320415,141.7200,141.7200,141.7600,300,100,106392,141.7400,141.7400,141.7400,141.7400,0.0400,142.1567,30.9375,141.7696,141.8312,141.7430,0.0662,0.00,0.00,0.00,0.00,0.00,0.00,0.00,0.00
NVDA,1749245320415,141.7100,141.7200,141.7600,300,100,106406,141.7400,141.7400,141.7400,141.7400,0.0400,142.1567,30.9375,141.7696,141.8312,141.7430,0.0662,0.00,0.00,0.00,0.00,0.00,0.00,0.00,0.00
NVDA,1749245320415,141.7100,141.7100,141.7600,1600,100,107467,141.7400,141.7400,141.7400,141.7400,0.0500,142.1567,30.9375,141.7696,141.8312,141.7430,0.0662,0.00,0.00,0.00,0.00,0.00,0.00,0.00,0.00
NVDA,1749245320415,141.7100,141.7100,141.7800,1600,500,107467,141.7400,141.7400,141.7400,141.7400,0.0700,142.1567,30.9375,141.7696,141.8312,141.7430,0.0662,0.00,0.00,0.00,0.00,0.00,0.00,0.00,0.00
NVDA,1749245320415,141.7100,141.7200,141.7800,400,500,107467,141.7400,141.7400,141.7400,141.7400,0.0600,142.1567,30.9375,141.7696,141.8312,141.7430,0.0662,0.00,0.00,0.00,0.00,0.00,0.00,0.00,0.00
NVDA,1749245320415,141.7100,141.7200,141.7500,400,100,107467,141.7400,141.7400,141.7400,141.7400,0.0300,142.1567,30.9375,141.7696,141.8312,141.7430,0.0662,0.00,0.00,0.00,0.00,0.00,0.00,0.00,0.00
NVDA,1749245320415,141.7100,141.7100,141.7400,400,100,107467,141.7400,141.7400,141.7400,141.7400,0.0300,142.1567,30.9375,141.7696,141.8312,141.7430,0.0662,0.00,0.00,0.00,0.00,0.00,0.00,0.00,0.00
NVDA,1749245320415,141.7100,141.7100,141.7300,400,100,107467,141.7400,141.7400,141.7400,141.7400,0.0200,142.1567,30.9375,141.7696,141.8312,141.7430,0.0662,0.00,0.00,0.00,0.00,0.00,0.00,0.00,0.00
NVDA,1749245320415,141.7100,141.7100,141.7400,1400,100,107467,141.7400,141.7400,141.7400,141.7400,0.0300,142.1567,30.9375,141.7696,141.8312,141.7430,0.0662,0.00,0.00,0.00,0.00,0.00,0.00,0.00,0.00
NVDA,1749245320415,141.7100,141.7100,141.7800,1500,500,107467,141.7400,141.7400,141.7400,141.7400,0.0700,142.1567,30.9375,141.7696,141.8312,141.7430,0.0662,0.00,0.00,0.00,0.00,0.00,0.00,0.00,0.00
NVDA,1749245320415,141.7100,141.7100,141.7800,1400,500,107467,141.7400,141.7400,141.7400,141.7400,0.0700,142.1567,30.9375,141.7696,141.8312,141.7430,0.0662,0.00,0.00,0.00,0.00,0.00,0.00,0.00,0.00
NVDA,1749245320415,141.7100,141.7100,141.7600,1300,100,107467,141.7400,141.7400,141.7400,141.7400,0.0500,142.1567,30.9375,141.7696,141.8312,141.7430,0.0662,0.00,0.00,0.00,0.00,0.00,0.00,0.00,0.00
NVDA,1749245320415,141.7100,141.7100,141.7600,700,100,107467,141.7400,141.7400,141.7400,141.7400,0.0500,142.1567,30.9375,141.7696,141.8312,141.7430,0.0662,0.00,0.00,0.00,0.00,0.00,0.00,0.00,0.00
NVDA,1749245320415,141.7100,141.7100,141.7600,200,100,107467,141.7400,141.7400,141.7400,141.7400,0.0500,142.1567,30.9375,141.7696,141.8312,141.7430,0.0662,0.00,0.00,0.00,0.00,0.00,0.00,0.00,0.00
NVDA,1749245320415,141.7100,141.7000,141.7600,300,100,107467,141.7400,141.7400,141.7400,141.7400,0.0600,142.1567,30.9375,141.7696,141.8312,141.7430,0.0662,0.00,0.00,0.00,0.00,0.00,0.00,0.00,0.00
NVDA,1749245320415,141.7100,141.7000,141.7800,300,500,107467,141.7400,141.7400,141.7400,141.7400,0.0800,142.1567,30.9375,141.7696,141.8312,141.7430,0.0662,0.00,0.00,0.00,0.00,0.00,0.00,0.00,0.00
NVDA,1749245320415,141.7300,141.7000,141.7800,300,500,107783,141.7400,141.7400,141.7400,141.7400,0.0800,142.1567,30.9375,141.7696,141.8312,141.7430,0.0662,0.00,0.00,0.00,0.00,0.00,0.00,0.00,0.00
NVDA,1749245320415,141.7100,141.7000,141.7800,300,500,108818,141.7400,141.7400,141.7400,141.7400,0.0800,142.1567,30.9375,141.7696,141.8312,141.7430,0.0662,0.00,0.00,0.00,0.00,0.00,0.00,0.00,0.00
NVDA,1749245320492,141.7200,141.7000,141.7800,300,500,109537,141.7400,141.7400,141.7400,141.7400,0.0800,142.1567,30.9375,141.7696,141.8312,141.7430,0.0662,0.00,0.00,0.00,0.00,0.00,0.00,0.00,0.00
NVDA,1749245320492,141.7100,141.7000,141.7800,300,500,112152,141.7400,141.7400,141.7400,141.7400,0.0800,142.1567,30.9375,141.7696,141.8312,141.7430,0.0662,0.00,0.00,0.00,0.00,0.00,0.00,0.00,0.00
NVDA,1749245320492,141.7000,141.7000,141.7800,300,500,112162,141.7400,141.7400,141.7400,141.7400,0.0800,142.1567,30.9375,141.7696,141.8312,141.7430,0.0662,0.00,0.00,0.00,0.00,0.00,0.00,0.00,0.00
NVDA,1749245320492,141.6900,141.7000,141.7800,300,500,113039,141.7400,141.7400,141.7400,141.7400,0.0800,142.1567,30.9375,141.7696,141.8312,141.7430,0.0662,0.00,0.00,0.00,0.00,0.00,0.00,0.00,0.00
NVDA,1749245320492,141.6900,141.7100,141.7800,1000,500,113039,141.7400,141.7400,141.7400,141.7400,0.0700,142.1567,30.9375,141.7696,141.8312,141.7430,0.0662,0.00,0.00,0.00,0.00,0.00,0.00,0.00,0.00
NVDA,1749245320492,141.6900,141.7000,141.7800,300,500,113039,141.7400,141.7400,141.7400,141.7400,0.0800,142.1567,30.9375,141.7696,141.8312,141.7430,0.0662,0.00,0.00,0.00,0.00,0.00,0.00,0.00,0.00
NVDA,1749245320492,141.6900,141.7200,141.7800,800,500,113039,141.7400,141.7400,141.7400,141.7400,0.0600,142.1567,30.9375,141.7696,141.8312,141.7430,0.0662,0.00,0.00,0.00,0.00,0.00,0.00,0.00,0.00
NVDA,1749245320492,141.6900,141.7200,141.7800,200,500,113039,141.7400,141.7400,141.7400,141.7400,0.0600,142.1567,30.9375,141.7696,141.8312,141.7430,0.0662,0.00,0.00,0.00,0.00,0.00,0.00,0.00,0.00
NVDA,1749245320492,141.6900,141.7200,141.7800,500,500,113039,141.7400,141.7400,141.7400,141.7400,0.0600,142.1567,30.9375,141.7696,141.8312,141.7430,0.0662,0.00,0.00,0.00,0.00,0.00,0.00,0.00,0.00
NVDA,1749245320492,141.6900,141.7200,141.7800,100,500,113039,141.7400,141.7400,141.7400,141.7400,0.0600,142.1567,30.9375,141.7696,141.8312,141.7430,0.0662,0.00,0.00,0.00,0.00,0.00,0.00,0.00,0.00
NVDA,1749245320568,141.6900,141.7000,141.7800,300,500,113039,141.7400,141.7400,141.7400,141.7400,0.0800,142.1567,30.9375,141.7696,141.8312,141.7430,0.0662,0.00,0.00,0.00,0.00,0.00,0.00,0.00,0.00
NVDA,1749245320568,141.6900,141.7000,141.7800,300,600,113039,141.7400,141.7400,141.7400,141.7400,0.0800,142.1567,30.9375,141.7696,141.8312,141.7430,0.0662,0.00,0.00,0.00,0.00,0.00,0.00,0.00,0.00
NVDA,1749245320568,141.6900,141.7100,141.7800,2000,600,113039,141.7400,141.7400,141.7400,141.7400,0.0700,142.1567,30.9375,141.7696,141.8312,141.7430,0.0662,0.00,0.00,0.00,0.00,0.00,0.00,0.00,0.00
NVDA,1749245320568,141.6900,141.7000,141.7700,300,100,113039,141.7400,141.7400,141.7400,141.7400,0.0700,142.1567,30.9375,141.7696,141.8312,141.7430,0.0662,0.00,0.00,0.00,0.00,0.00,0.00,0.00,0.00
NVDA,1749245320568,141.6900,141.7000,141.7800,300,500,113039,141.7400,141.7400,141.7400,141.7400,0.0800,142.1567,30.9375,141.7696,141.8312,141.7430,0.0662,0.00,0.00,0.00,0.00,0.00,0.00,0.00,0.00
NVDA,1749245320568,141.6900,141.6900,141.7700,400,100,113039,141.7400,141.7400,141.7400,141.7400,0.0800,142.1567,30.9375,141.7696,141.8312,141.7430,0.0662,0.00,0.00,0.00,0.00,0.00,0.00,0.00,0.00
NVDA,1749245320568,141.6900,141.6900,141.7600,400,100,113039,141.7400,141.7400,141.7400,141.7400,0.0700,142.1567,30.9375,141.7696,141.8312,141.7430,0.0662,0.00,0.00,0.00,0.00,0.00,0.00,0.00,0.00
NVDA,1749245320568,141.6900,141.6900,141.7500,400,100,113039,141.7400,141.7400,141.7400,141.7400,0.0600,142.1567,30.9375,141.7696,141.8312,141.7430,0.0662,0.00,0.00,0.00,0.00,0.00,0.00,0.00,0.00
NVDA,1749245320568,141.6900,141.6900,141.7500,400,200,113039,141.7400,141.7400,141.7400,141.7400,0.0600,142.1567,30.9375,141.7696,141.8312,141.7430,0.0662,0.00,0.00,0.00,0.00,0.00,0.00,0.00,0.00
NVDA,1749245320568,141.6900,141.6800,141.7500,100,200,113039,141.7400,141.7400,141.7400,141.7400,0.0700,142.1567,30.9375,141.7696,141.8312,141.7430,0.0662,0.00,0.00,0.00,0.00,0.00,0.00,0.00,0.00
NVDA,1749245320568,141.7200,141.6800,141.7500,100,200,113105,141.7400,141.7400,141.7400,141.7400,0.0700,142.1567,30.9375,141.7696,141.8312,141.7430,0.0662,0.00,0.00,0.00,0.00,0.00,0.00,0.00,0.00
NVDA,1749245320568,141.7300,141.6800,141.7500,100,200,113140,141.7400,141.7400,141.7400,141.7400,0.0700,142.1567,30.9375,141.7696,141.8312,141.7430,0.0662,0.00,0.00,0.00,0.00,0.00,0.00,0.00,0.00
NVDA,1749245320568,141.7200,141.6800,141.7500,100,200,113205,141.7400,141.7400,141.7400,141.7400,0.0700,142.1567,30.9375,141.7696,141.8312,141.7430,0.0662,0.00,0.00,0.00,0.00,0.00,0.00,0.00,0.00
NVDA,1749245320568,141.7300,141.6800,141.7500,100,200,113235,141.7400,141.7400,141.7400,141.7400,0.0700,142.1567,30.9375,141.7696,141.8312,141.7430,0.0662,0.00,0.00,0.00,0.00,0.00,0.00,0.00,0.00
NVDA,1749245320568,141.7000,141.6800,141.7500,100,200,113300,141.7400,141.7400,141.7400,141.7400,0.0700,142.1567,30.9375,141.7696,141.8312,141.7430,0.0662,0.00,0.00,0.00,0.00,0.00,0.00,0.00,0.00
NVDA,1749245320646,141.6900,141.6800,141.7500,100,200,113770,141.7400,141.7400,141.7400,141.7400,0.0700,142.1567,30.9375,141.7696,141.8312,141.7430,0.0662,0.00,0.00,0.00,0.00,0.00,0.00,0.00,0.00
NVDA,1749245320646,141.7400,141.6800,141.7500,100,200,113859,141.7400,141.7400,141.7400,141.7400,0.0700,142.1567,30.9375,141.7696,141.8312,141.7430,0.0662,0.00,0.00,0.00,0.00,0.00,0.00,0.00,0.00
NVDA,1749245320646,141.7300,141.6800,141.7500,100,200,113892,141.7400,141.7400,141.7400,141.7400,0.0700,142.1567,30.9375,141.7696,141.8312,141.7430,0.0662,0.00,0.00,0.00,0.00,0.00,0.00,0.00,0.00
NVDA,1749245320646,141.7300,141.6800,141.7500,100,100,113892,141.7400,141.7400,141.7400,141.7400,0.0700,142.1567,30.9375,141.7696,141.8312,141.7430,0.0662,0.00,0.00,0.00,0.00,0.00,0.00,0.00,0.00
NVDA,1749245320646,141.7300,141.6800,141.7200,100,100,113892,141.7400,141.7400,141.7400,141.7400,0.0400,142.1567,30.9375,141.7696,141.8312,141.7430,0.0662,0.00,0.00,0.00,0.00,0.00,0.00,0.00,0.00
NVDA,1749245320646,141.7300,141.6900,141.7400,400,200,113892,141.7400,141.7400,141.7400,141.7400,0.0500,142.1567,30.9375,141.7696,141.8312,141.7430,0.0662,0.00,0.00,0.00,0.00,0.00,0.00,0.00,0.00
NVDA,1749245320646,141.7300,141.6900,141.7300,400,100,113892,141.7400,141.7400,141.7400,141.7400,0.0400,142.1567,30.9375,141.7696,141.8312,141.7430,0.0662,0.00,0.00,0.00,0.00,0.00,0.00,0.00,0.00
NVDA,1749245320646,141.7300,141.6900,141.7500,500,100,113892,141.7400,141.7400,141.7400,141.7400,0.0600,142.1567,30.9375,141.7696,141.8312,141.7430,0.0662,0.00,0.00,0.00,0.00,0.00,0.00,0.00,0.00
NVDA,1749245320646,141.7300,141.6800,141.7500,200,100,113892,141.7400,141.7400,141.7400,141.7400,0.0700,142.1567,30.9375,141.7696,141.8312,141.7430,0.0662,0.00,0.00,0.00,0.00,0.00,0.00,0.00,0.00
NVDA,1749245320646,141.7300,141.6800,141.7500,100,100,113892,141.7400,141.7400,141.7400,141.7400,0.0700,142.1567,30.9375,141.7696,141.8312,141.7430,0.0662,0.00,0.00,0.00,0.00,0.00,0.00,0.00,0.00
NVDA,1749245320646,141.7300,141.7000,141.7800,100,500,113892,141.7400,141.7400,141.7400,141.7400,0.0800,142.1567,30.9375,141.7696,141.8312,141.7430,0.0662,0.00,0.00,0.00,0.00,0.00,0.00,0.00,0.00
NVDA,1749245320646,141.7300,141.6900,141.7800,400,500,113892,141.7400,141.7400,141.7400,141.7400,0.0900,142.1567,30.9375,141.7696,141.8312,141.7430,0.0662,0.00,0.00,0.00,0.00,0.00,0.00,0.00,0.00
NVDA,1749245320646,141.7300,141.7000,141.7800,200,500,113892,141.7400,141.7400,141.7400,141.7400,0.0800,142.1567,30.9375,141.7696,141.8312,141.7430,0.0662,0.00,0.00,0.00,0.00,0.00,0.00,0.00,0.00
NVDA,1749245320646,141.7300,141.7000,141.7800,400,500,113892,141.7400,141.7400,141.7400,141.7400,0.0800,142.1567,30.9375,141.7696,141.8312,141.7430,0.0662,0.00,0.00,0.00,0.00,0.00,0.00,0.00,0.00
NVDA,1749245320646,141.7300,141.6900,141.7800,400,500,113892,141.7400,141.7400,141.7400,141.7400,0.0900,142.1567,30.9375,141.7696,141.8312,141.7430,0.0662,0.00,0.00,0.00,0.00,0.00,0.00,0.00,0.00
NVDA,1749245320646,141.7300,141.6800,141.7700,100,100,113892,141.7400,141.7400,141.7400,141.7400,0.0900,142.1567,30.9375,141.7696,141.8312,141.7430,0.0662,0.00,0.00,0.00,0.00,0.00,0.00,0.00,0.00
NVDA,1749245320646,141.7300,141.6800,141.7500,100,100,113892,141.7400,141.7400,141.7400,141.7400,0.0700,142.1567,30.9375,141.7696,141.8312,141.7430,0.0662,0.00,0.00,0.00,0.00,0.00,0.00,0.00,0.00
NVDA,1749245320646,141.7300,141.6700,141.7500,500,200,113892,141.7400,141.7400,141.7400,141.7400,0.0800,142.1567,30.9375,141.7696,141.8312,141.7430,0.0662,0.00,0.00,0.00,0.00,0.00,0.00,0.00,0.00
NVDA,1749245320646,141.7300,141.6700,141.7500,500,300,113892,141.7400,141.7400,141.7400,141.7400,0.0800,142.1567,30.9375,141.7696,141.8312,141.7430,0.0662,0.00,0.00,0.00,0.00,0.00,0.00,0.00,0.00
NVDA,1749245320646,141.7300,141.6600,141.7500,200,300,113892,141.7400,141.7400,141.7400,141.7400,0.0900,142.1567,30.9375,141.7696,141.8312,141.7430,0.0662,0.00,0.00,0.00,0.00,0.00,0.00,0.00,0.00
NVDA,1749245320646,141.7300,141.6600,141.7400,200,100,113892,141.7400,141.7400,141.7400,141.7400,0.0800,142.1567,30.9375,141.7696,141.8312,141.7430,0.0662,0.00,0.00,0.00,0.00,0.00,0.00,0.00,0.00
NVDA,1749245320646,141.7300,141.6600,141.7400,300,100,113892,141.7400,141.7400,141.7400,141.7400,0.0800,142.1567,30.9375,141.7696,141.8312,141.7430,0.0662,0.00,0.00,0.00,0.00,0.00,0.00,0.00,0.00
NVDA,1749245320646,141.7300,141.6600,141.7500,300,100,113892,141.7400,141.7400,141.7400,141.7400,0.0900,142.1567,30.9375,141.7696,141.8312,141.7430,0.0662,0.00,0.00,0.00,0.00,0.00,0.00,0.00,0.00
NVDA,1749245320646,141.7000,141.6600,141.7500,300,100,113895,141.7400,141.7400,141.7400,141.7400,0.0900,142.1567,30.9375,141.7696,141.8312,141.7430,0.0662,0.00,0.00,0.00,0.00,0.00,0.00,0.00,0.00
NVDA,1749245320646,141.7300,141.6600,141.7500,300,100,114115,141.7400,141.7400,141.7400,141.7400,0.0900,142.1567,30.9375,141.7696,141.8312,141.7430,0.0662,0.00,0.00,0.00,0.00,0.00,0.00,0.00,0.00
NVDA,1749245320646,141.7000,141.6600,141.7500,300,100,114379,141.7400,141.7400,141.7400,141.7400,0.0900,142.1567,30.9375,141.7696,141.8312,141.7430,0.0662,0.00,0.00,0.00,0.00,0.00,0.00,0.00,0.00
NVDA,1749245320646,141.6900,141.6600,141.7500,300,100,115046,141.7400,141.7400,141.7400,141.7400,0.0900,142.1567,30.9375,141.7696,141.8312,141.7430,0.0662,0.00,0.00,0.00,0.00,0.00,0.00,0.00,0.00
NVDA,1749245320646,141.6800,141.6600,141.7500,300,100,115047,141.7400,141.7400,141.7400,141.7400,0.0900,142.1567,30.9375,141.7696,141.8312,141.7430,0.0662,0.00,0.00,0.00,0.00,0.00,0.00,0.00,0.00
NVDA,1749245320723,141.6700,141.6600,141.7500,300,100,115497,141.7400,141.7400,141.7400,141.7400,0.0900,142.1567,30.9375,141.7696,141.8312,141.7430,0.0662,0.00,0.00,0.00,0.00,0.00,0.00,0.00,0.00
NVDA,1749245320723,141.7200,141.6600,141.7500,300,100,115700,141.7400,141.7400,141.7400,141.7400,0.0900,142.1567,30.9375,141.7696,141.8312,141.7430,0.0662,0.00,0.00,0.00,0.00,0.00,0.00,0.00,0.00
NVDA,1749245320723,141.7300,141.6600,141.7500,300,100,115735,141.7400,141.7400,141.7400,141.7400,0.0900,142.1567,30.9375,141.7696,141.8312,141.7430,0.0662,0.00,0.00,0.00,0.00,0.00,0.00,0.00,0.00
NVDA,1749245320723,141.7200,141.6600,141.7500,300,100,115738,141.7400,141.7400,141.7400,141.7400,0.0900,142.1567,30.9375,141.7696,141.8312,141.7430,0.0662,0.00,0.00,0.00,0.00,0.00,0.00,0.00,0.00
NVDA,1749245320723,141.6700,141.6600,141.7500,300,100,115778,141.7400,141.7400,141.7400,141.7400,0.0900,142.1567,30.9375,141.7696,141.8312,141.7430,0.0662,0.00,0.00,0.00,0.00,0.00,0.00,0.00,0.00
NVDA,1749245320723,141.7200,141.6600,141.7500,300,100,115781,141.7400,141.7400,141.7400,141.7400,0.0900,142.1567,30.9375,141.7696,141.8312,141.7430,0.0662,0.00,0.00,0.00,0.00,0.00,0.00,0.00,0.00
NVDA,1749245320723,141.7300,141.6600,141.7500,300,100,115784,141.7400,141.7400,141.7400,141.7400,0.0900,142.1567,30.9375,141.7696,141.8312,141.7430,0.0662,0.00,0.00,0.00,0.00,0.00,0.00,0.00,0.00
NVDA,1749245320723,141.7400,141.6600,141.7500,300,100,115822,141.7400,141.7400,141.7400,141.7400,0.0900,142.1566,30.9375,141.7696,141.8312,141.7430,0.0662,0.00,0.00,0.00,0.00,0.00,0.00,0.00,0.00
NVDA,1749245320723,141.7300,141.6600,141.7500,300,100,115852,141.7400,141.7400,141.7400,141.7400,0.0900,142.1566,30.9375,141.7696,141.8312,141.7430,0.0662,0.00,0.00,0.00,0.00,0.00,0.00,0.00,0.00
NVDA,1749245320723,141.6900,141.6600,141.7500,300,100,116783,141.7400,141.7400,141.7400,141.7400,0.0900,142.1566,30.9375,141.7696,141.8312,141.7430,0.0662,0.00,0.00,0.00,0.00,0.00,0.00,0.00,0.00
NVDA,1749245320723,141.7000,141.6600,141.7500,300,100,116813,141.7400,141.7400,141.7400,141.7400,0.0900,142.1566,30.9375,141.7696,141.8312,141.7430,0.0662,0.00,0.00,0.00,0.00,0.00,0.00,0.00,0.00
NVDA,1749245320723,141.6700,141.6600,141.7500,300,100,116848,141.7400,141.7400,141.7400,141.7400,0.0900,142.1566,30.9375,141.7696,141.8312,141.7430,0.0662,0.00,0.00,0.00,0.00,0.00,0.00,0.00,0.00
NVDA,1749245320723,141.6700,141.6900,141.7500,900,100,116848,141.7400,141.7400,141.7400,141.7400,0.0600,142.1566,30.9375,141.7696,141.8312,141.7430,0.0662,0.00,0.00,0.00,0.00,0.00,0.00,0.00,0.00
NVDA,1749245320723,141.6700,141.6600,141.7700,400,100,116848,141.7400,141.7400,141.7400,141.7400,0.1100,142.1566,30.9375,141.7696,141.8312,141.7430,0.0662,0.00,0.00,0.00,0.00,0.00,0.00,0.00,0.00
NVDA,1749245320723,141.6700,141.6600,141.7700,600,100,116848,141.7400,141.7400,141.7400,141.7400,0.1100,142.1566,30.9375,141.7696,141.8312,141.7430,0.0662,0.00,0.00,0.00,0.00,0.00,0.00,0.00,0.00
NVDA,1749245320723,141.6700,141.6600,141.7700,500,100,116848,141.7400,141.7400,141.7400,141.7400,0.1100,142.1566,30.9375,141.7696,141.8312,141.7430,0.0662,0.00,0.00,0.00,0.00,0.00,0.00,0.00,0.00
NVDA,1749245320723,141.6700,141.6600,141.7700,400,100,116848,141.7400,141.7400,141.7400,141.7400,0.1100,142.1566,30.9375,141.7696,141.8312,141.7430,0.0662,0.00,0.00,0.00,0.00,0.00,0.00,0.00,0.00
NVDA,1749245320723,141.6700,141.6600,141.7800,400,600,116848,141.7400,141.7400,141.7400,141.7400,0.1200,142.1566,30.9375,141.7696,141.8312,141.7430,0.0662,0.00,0.00,0.00,0.00,0.00,0.00,0.00,0.00
NVDA,1749245320723,141.6700,141.6600,141.7700,200,100,116848,141.7400,141.7400,141.7400,141.7400,0.1100,142.1566,30.9375,141.7696,141.8312,141.7430,0.0662,0.00,0.00,0.00,0.00,0.00,0.00,0.00,0.00
NVDA,1749245320723,141.6700,141.6600,141.7500,200,100,116848,141.7400,141.7400,141.7400,141.7400,0.0900,142.1566,30.9375,141.7696,141.8312,141.7430,0.0662,0.00,0.00,0.00,0.00,0.00,0.00,0.00,0.00
NVDA,1749245320723,141.6700,141.6600,141.7700,200,100,116848,141.7400,141.7400,141.7400,141.7400,0.1100,142.1566,30.9375,141.7696,141.8312,141.7430,0.0662,0.00,0.00,0.00,0.00,0.00,0.00,0.00,0.00
NVDA,1749245320800,141.6700,141.6600,141.7800,100,600,116848,141.7400,141.7400,141.7400,141.7400,0.1200,142.1566,30.9375,141.7696,141.8312,141.7430,0.0662,0.00,0.00,0.00,0.00,0.00,0.00,0.00,0.00
NVDA,1749245320800,141.6700,141.6600,141.7600,100,100,116848,141.7400,141.7400,141.7400,141.7400,0.1000,142.1566,30.9375,141.7696,141.8312,141.7430,0.0662,0.00,0.00,0.00,0.00,0.00,0.00,0.00,0.00
NVDA,1749245320800,141.6700,141.6600,141.7400,100,100,116848,141.7400,141.7400,141.7400,141.7400,0.0800,142.1566,30.9375,141.7696,141.8312,141.7430,0.0662,0.00,0.00,0.00,0.00,0.00,0.00,0.00,0.00
NVDA,1749245320800,141.6700,141.6600,141.7700,100,100,116848,141.7400,141.7400,141.7400,141.7400,0.1100,142.1566,30.9375,141.7696,141.8312,141.7430,0.0662,0.00,0.00,0.00,0.00,0.00,0.00,0.00,0.00
NVDA,1749245320800,141.6600,141.6600,141.7700,100,100,117079,141.7400,141.7400,141.7400,141.7400,0.1100,142.1566,30.9375,141.7696,141.8312,141.7430,0.0662,0.00,0.00,0.00,0.00,0.00,0.00,0.00,0.00
NVDA,1749245320800,141.6700,141.6600,141.7700,100,100,117155,141.7400,141.7400,141.7400,141.7400,0.1100,142.1566,30.9375,141.7696,141.8312,141.7430,0.0662,0.00,0.00,0.00,0.00,0.00,0.00,0.00,0.00
NVDA,1749245320800,141.6600,141.6600,141.7700,100,100,117279,141.7400,141.7400,141.7400,141.7400,0.1100,142.1566,30.9375,141.7696,141.8312,141.7430,0.0662,0.00,0.00,0.00,0.00,0.00,0.00,0.00,0.00
NVDA,1749245320800,141.6700,141.6600,141.7700,100,100,117384,141.7400,141.7400,141.7400,141.7400,0.1100,142.1566,30.9375,141.7696,141.8312,141.7430,0.0662,0.00,0.00,0.00,0.00,0.00,0.00,0.00,0.00
NVDA,1749245320800,141.6600,141.6600,141.7700,100,100,117387,141.7400,141.7400,141.7400,141.7400,0.1100,142.1566,30.9375,141.7696,141.8312,141.7430,0.0662,0.00,0.00,0.00,0.00,0.00,0.00,0.00,0.00
NVDA,1749245320800,141.7200,141.6600,141.7700,100,100,117554,141.7400,141.7400,141.7400,141.7400,0.1100,142.1566,30.9375,141.7696,141.8312,141.7430,0.0662,0.00,0.00,0.00,0.00,0.00,0.00,0.00,0.00
NVDA,1749245320800,141.7300,141.6600,141.7700,100,100,117589,141.7400,141.7400,141.7400,141.7400,0.1100,142.1566,30.9375,141.7696,141.8312,141.7430,0.0662,0.00,0.00,0.00,0.00,0.00,0.00,0.00,0.00
NVDA,1749245320800,141.7200,141.6600,141.7700,100,100,117592,141.7400,141.7400,141.7400,141.7400,0.1100,142.1566,30.9375,141.7696,141.8312,141.7430,0.0662,0.00,0.00,0.00,0.00,0.00,0.00,0.00,0.00
NVDA,1749245320878,141.7200,141.6600,141.7700,100,100,117636,141.7400,141.7400,141.7400,141.7400,0.1100,142.1566,30.9375,141.7696,141.8312,141.7430,0.0662,0.00,0.00,0.00,0.00,0.00,0.00,0.00,0.00
NVDA,1749245320878,141.6600,141.6600,141.7700,100,100,117701,141.7400,141.7400,141.7400,141.7400,0.1100,142.1566,30.9375,141.7696,141.8312,141.7430,0.0662,0.00,0.00,0.00,0.00,0.00,0.00,0.00,0.00
NVDA,1749245320878,141.6600,141.6500,141.7800,1100,500,117731,141.7400,141.7400,141.7400,141.7400,0.1300,142.1566,30.9375,141.7696,141.8312,141.7430,0.0662,0.00,0.00,0.00,0.00,0.00,0.00,0.00,0.00
NVDA,1749245320878,141.6600,141.6500,141.7300,1100,100,117731,141.7400,141.7400,141.7400,141.7400,0.0800,142.1566,30.9375,141.7696,141.8312,141.7430,0.0662,0.00,0.00,0.00,0.00,0.00,0.00,0.00,0.00
NVDA,1749245320878,141.6600,141.6600,141.7800,100,500,117731,141.7400,141.7400,141.7400,141.7400,0.1200,142.1566,30.9375,141.7696,141.8312,141.7430,0.0662,0.00,0.00,0.00,0.00,0.00,0.00,0.00,0.00
NVDA,1749245320878,141.6600,141.6500,141.7800,1300,500,117731,141.7400,141.7400,141.7400,141.7400,0.1300,142.1566,30.9375,141.7696,141.8312,141.7430,0.0662,0.00,0.00,0.00,0.00,0.00,0.00,0.00,0.00
NVDA,1749245320878,141.6600,141.6500,141.7800,1100,600,117731,141.7400,141.7400,141.7400,141.7400,0.1300,142.1566,30.9375,141.7696,141.8312,141.7430,0.0662,0.00,0.00,0.00,0.00,0.00,0.00,0.00,0.00
NVDA,1749245320878,141.6600,141.6500,141.7800,1200,600,117731,141.7400,141.7400,141.7400,141.7400,0.1300,142.1566,30.9375,141.7696,141.8312,141.7430,0.0662,0.00,0.00,0.00,0.00,0.00,0.00,0.00,0.00
NVDA,1749245320878,141.6600,141.6500,141.7700,1100,100,117731,141.7400,141.7400,141.7400,141.7400,0.1200,142.1566,30.9375,141.7696,141.8312,141.7430,0.0662,0.00,0.00,0.00,0.00,0.00,0.00,0.00,0.00
NVDA,1749245320878,141.6600,141.6500,141.7800,1100,600,117731,141.7400,141.7400,141.7400,141.7400,0.1300,142.1566,30.9375,141.7696,141.8312,141.7430,0.0662,0.00,0.00,0.00,0.00,0.00,0.00,0.00,0.00
NVDA,1749245320878,141.6600,141.6600,141.7700,100,100,117731,141.7400,141.7400,141.7400,141.7400,0.1100,142.1566,30.9375,141.7696,141.8312,141.7430,0.0662,0.00,0.00,0.00,0.00,0.00,0.00,0.00,0.00
NVDA,1749245320878,141.6600,141.6600,141.7800,100,600,117731,141.7400,141.7400,141.7400,141.7400,0.1200,142.1566,30.9375,141.7696,141.8312,141.7430,0.0662,0.00,0.00,0.00,0.00,0.00,0.00,0.00,0.00
NVDA,1749245320878,141.6600,141.6600,141.7800,100,500,117731,141.7400,141.7400,141.7400,141.7400,0.1200,142.1566,30.9375,141.7696,141.8312,141.7430,0.0662,0.00,0.00,0.00,0.00,0.00,0.00,0.00,0.00
NVDA,1749245320878,141.6600,141.6800,141.7800,100,500,117731,141.7400,141.7400,141.7400,141.7400,0.1000,142.1566,30.9375,141.7696,141.8312,141.7430,0.0662,0.00,0.00,0.00,0.00,0.00,0.00,0.00,0.00
NVDA,1749245320878,141.6600,141.6600,141.7800,100,500,117731,141.7400,141.7400,141.7400,141.7400,0.1200,142.1566,30.9375,141.7696,141.8312,141.7430,0.0662,0.00,0.00,0.00,0.00,0.00,0.00,0.00,0.00
NVDA,1749245320878,141.6600,141.6500,141.7800,1200,500,117731,141.7400,141.7400,141.7400,141.7400,0.1300,142.1566,30.9375,141.7696,141.8312,141.7430,0.0662,0.00,0.00,0.00,0.00,0.00,0.00,0.00,0.00
NVDA,1749245320878,141.7300,141.6500,141.7800,1200,500,126095,141.7400,141.7400,141.7400,141.7400,0.1300,142.1566,30.9375,141.7696,141.8312,141.7430,0.0662,0.00,0.00,0.00,0.00,0.00,0.00,0.00,0.00
NVDA,1749245321001,141.7400,141.6500,141.7800,1200,500,126109,141.7600,141.7600,141.7600,141.7600,0.1300,142.1566,30.9375,141.7696,141.8312,141.7430,0.0662,0.00,0.00,0.00,0.00,0.00,0.00,0.00,0.00
NVDA,1749245321001,141.7700,141.6500,141.7800,1200,500,126138,141.7600,141.7600,141.7600,141.7600,0.1300,142.1566,30.9375,141.7696,141.8312,141.7430,0.0662,0.00,0.00,0.00,0.00,0.00,0.00,0.00,0.00
NVDA,1749245321001,141.7700,141.6500,141.7800,1200,200,126228,141.7600,141.7600,141.7600,141.7600,0.1300,142.1566,30.9375,141.7696,141.8312,141.7430,0.0662,0.00,0.00,0.00,0.00,0.00,0.00,0.00,0.00
NVDA,1749245321001,141.7500,141.6500,141.7800,1200,200,126229,141.7600,141.7600,141.7600,141.7600,0.1300,142.1566,30.9375,141.7696,141.8312,141.7430,0.0662,0.00,0.00,0.00,0.00,0.00,0.00,0.00,0.00
NVDA,1749245321001,141.7600,141.6500,141.7800,1200,200,126279,141.7600,141.7600,141.7600,141.7600,0.1300,142.1566,30.9375,141.7696,141.8312,141.7430,0.0662,0.00,0.00,0.00,0.00,0.00,0.00,0.00,0.00
NVDA,1749245321001,141.7800,141.6500,141.7800,1200,200,126530,141.7600,141.7600,141.7600,141.7600,0.1300,142.1566,30.9375,141.7696,141.8312,141.7430,0.0662,0.00,0.00,0.00,0.00,0.00,0.00,0.00,0.00
NVDA,1749245322474,141.7800,141.6500,141.7800,1200,200,126530,141.7600,141.7600,141.7600,141.7600,0.1300,142.1566,30.9375,141.7696,141.8312,141.7430,0.0662,0.00,0.00,0.00,0.00,0.00,0.00,0.00,0.00
NVDA,1749245323212,141.7800,141.6500,141.7800,1200,500,126530,141.7600,141.7600,141.7600,141.7600,0.1300,142.1566,30.9375,141.7696,141.8312,141.7430,0.0662,0.00,0.00,0.00,0.00,0.00,0.00,0.00,0.00
NVDA,1749245323212,141.7500,141.6500,141.7800,1200,500,126534,141.7600,141.7600,141.7600,141.7600,0.1300,142.1566,30.9375,141.7696,141.8312,141.7430,0.0662,0.00,0.00,0.00,0.00,0.00,0.00,0.00,0.00
NVDA,1749245323212,141.7500,141.6500,141.7800,1200,600,126534,141.7600,141.7600,141.7600,141.7600,0.1300,142.1566,30.9375,141.7696,141.8312,141.7430,0.0662,0.00,0.00,0.00,0.00,0.00,0.00,0.00,0.00
NVDA,1749245323212,141.7500,141.6500,141.7700,1200,100,126534,141.7600,141.7600,141.7600,141.7600,0.1200,142.1566,30.9375,141.7696,141.8312,141.7430,0.0662,0.00,0.00,0.00,0.00,0.00,0.00,0.00,0.00
NVDA,1749245324353,141.7500,141.6500,141.7700,1200,400,126534,141.7600,141.7600,141.7600,141.7600,0.1200,142.1566,30.9375,141.7696,141.8312,141.7430,0.0662,0.00,0.00,0.00,0.00,0.00,0.00,0.00,0.00
NVDA,1749245324353,141.7500,141.6500,141.7700,1200,500,126534,141.7600,141.7600,141.7600,141.7600,0.1200,142.1566,30.9375,141.7696,141.8312,141.7430,0.0662,0.00,0.00,0.00,0.00,0.00,0.00,0.00,0.00
NVDA,1749245324353,141.7500,141.6500,141.7700,1200,600,126534,141.7600,141.7600,141.7600,141.7600,0.1200,142.1566,30.9375,141.7696,141.8312,141.7430,0.0662,0.00,0.00,0.00,0.00,0.00,0.00,0.00,0.00
NVDA,1749245325197,141.7500,141.6500,141.7700,1200,900,126534,141.7600,141.7600,141.7600,141.7600,0.1200,142.1566,30.9375,141.7696,141.8312,141.7430,0.0662,0.00,0.00,0.00,0.00,0.00,0.00,0.00,0.00
NVDA,1749245325486,141.7500,141.6500,141.7700,1200,900,126534,141.7600,141.7600,141.7600,141.7600,0.1200,142.1566,30.9375,141.7696,141.8312,141.7430,0.0662,0.00,0.00,0.00,0.00,0.00,0.00,0.00,0.00
NVDA,1749245325949,141.7100,141.6500,141.7700,1200,900,126535,141.7600,141.7600,141.7600,141.7600,0.1200,142.1566,30.9375,141.7696,141.8312,141.7430,0.0662,0.00,0.00,0.00,0.00,0.00,0.00,0.00,0.00
NVDA,1749245325949,141.7700,141.6500,141.7700,1200,900,126536,141.7600,141.7600,141.7600,141.7600,0.1200,142.1566,30.9375,141.7696,141.8312,141.7430,0.0662,0.00,0.00,0.00,0.00,0.00,0.00,0.00,0.00
NVDA,1749245326030,141.7700,141.6500,141.7700,1200,900,126536,141.7400,141.7800,141.6600,141.7800,0.1200,142.1566,30.9375,141.7696,141.8312,141.7430,0.0662,0.00,0.00,0.00,0.00,0.00,0.00,0.00,0.00
NVDA,1749245326482,141.7700,141.6500,141.7700,1200,900,126536,141.7400,141.7800,141.6600,141.7800,0.1200,142.1566,30.9375,141.7696,141.8312,141.7430,0.0662,0.00,0.00,0.00,0.00,0.00,0.00,0.00,0.00
NVDA,1749245326641,141.7000,141.6500,141.7700,1200,900,126537,141.7400,141.7800,141.6600,141.7800,0.1200,142.1566,30.9375,141.7696,141.8312,141.7430,0.0662,0.00,0.00,0.00,0.00,0.00,0.00,0.00,0.00
NVDA,1749245326641,141.7700,141.6500,141.7700,1200,900,126550,141.7400,141.7800,141.6600,141.7800,0.1200,142.1566,30.9375,141.7696,141.8312,141.7430,0.0662,0.00,0.00,0.00,0.00,0.00,0.00,0.00,0.00
NVDA,1749245327734,141.7700,141.6500,141.7700,1200,900,126550,141.7400,141.7800,141.6600,141.7800,0.1200,142.1566,30.9375,141.7696,141.8312,141.7430,0.0662,0.00,0.00,0.00,0.00,0.00,0.00,0.00,0.00
NVDA,1749245328001,141.7600,141.6500,141.7700,1200,900,126551,141.7400,141.7800,141.6600,141.7800,0.1200,142.1566,30.9375,141.7696,141.8312,141.7430,0.0662,0.00,0.00,0.00,0.00,0.00,0.00,0.00,0.00
NVDA,1749245328078,141.7600,141.6500,141.7700,1200,900,126577,141.7400,141.7800,141.6600,141.7800,0.1200,142.1566,30.9375,141.7696,141.8312,141.7430,0.0662,0.00,0.00,0.00,0.00,0.00,0.00,0.00,0.00
NVDA,1749245328078,141.7600,141.7600,141.7700,100,900,126578,141.7400,141.7800,141.6600,141.7800,0.0100,142.1566,30.9375,141.7696,141.8312,141.7430,0.0662,0.00,0.00,0.00,0.00,0.00,0.00,0.00,0.00
NVDA,1749245328738,141.7600,141.7600,141.7700,100,900,126601,141.7400,141.7800,141.6600,141.7800,0.0100,142.1566,30.9375,141.7696,141.8312,141.7430,0.0662,0.00,0.00,0.00,0.00,0.00,0.00,0.00,0.00
NVDA,1749245329369,141.7600,141.6500,141.7700,1100,900,126601,141.7400,141.7800,141.6600,141.7800,0.1200,142.1566,30.9375,141.7696,141.8312,141.7430,0.0662,0.00,0.00,0.00,0.00,0.00,0.00,0.00,0.00
NVDA,1749245329369,141.7600,141.6500,141.7700,1200,900,126601,141.7400,141.7800,141.6600,141.7800,0.1200,142.1566,30.9375,141.7696,141.8312,141.7430,0.0662,0.00,0.00,0.00,0.00,0.00,0.00,0.00,0.00
NVDA,1749245330646,141.7600,141.6500,141.7700,1200,800,126701,141.7400,141.7800,141.6600,141.7800,0.1200,142.1566,30.9375,141.7696,141.8312,141.7430,0.0662,0.00,0.00,0.00,0.00,0.00,0.00,0.00,0.00
NVDA,1749245330646,141.7600,141.6500,141.7600,1200,200,126701,141.7400,141.7800,141.6600,141.7800,0.1100,142.1566,30.9375,141.7696,141.8312,141.7430,0.0662,0.00,0.00,0.00,0.00,0.00,0.00,0.00,0.00
NVDA,1749245330982,141.7600,141.6500,141.7600,1200,200,126701,141.7400,141.7800,141.6600,141.7800,0.1100,142.1566,30.9375,141.7696,141.8312,141.7430,0.0662,0.00,0.00,0.00,0.00,0.00,0.00,0.00,0.00
NVDA,1749245331243,141.7600,141.6500,141.7600,1200,200,126701,141.7800,141.7800,141.7800,141.7800,0.1100,142.1566,30.9375,141.7696,141.8312,141.7430,0.0662,0.00,0.00,0.00,0.00,0.00,0.00,0.00,0.00
NVDA,1749245331540,141.7600,141.6500,141.7500,1200,100,126701,141.7800,141.7800,141.7800,141.7800,0.1000,142.1566,30.9375,141.7696,141.8312,141.7430,0.0662,0.00,0.00,0.00,0.00,0.00,0.00,0.00,0.00
NVDA,1749245331540,141.7600,141.6500,141.7500,1200,200,126701,141.7800,141.7800,141.7800,141.7800,0.1000,142.1566,30.9375,141.7696,141.8312,141.7430,0.0662,0.00,0.00,0.00,0.00,0.00,0.00,0.00,0.00
NVDA,1749245331540,141.7000,141.6500,141.7500,1200,200,126702,141.7800,141.7800,141.7800,141.7800,0.1000,142.1566,30.9375,141.7696,141.8312,141.7430,0.0662,0.00,0.00,0.00,0.00,0.00,0.00,0.00,0.00
NVDA,1749245331540,141.7400,141.6500,141.7500,1200,200,126810,141.7800,141.7800,141.7800,141.7800,0.1000,142.1566,30.9375,141.7696,141.8312,141.7430,0.0662,0.00,0.00,0.00,0.00,0.00,0.00,0.00,0.00
NVDA,1749245331994,141.7400,141.6500,141.7500,1200,200,126810,141.7800,141.7800,141.7800,141.7800,0.1000,142.1566,30.9375,141.7696,141.8312,141.7430,0.0662,0.00,0.00,0.00,0.00,0.00,0.00,0.00,0.00
NVDA,1749245332396,141.6500,141.6500,141.7500,1200,200,126850,141.7800,141.7800,141.7800,141.7800,0.1000,142.1566,30.9375,141.7696,141.8312,141.7430,0.0662,0.00,0.00,0.00,0.00,0.00,0.00,0.00,0.00
NVDA,1749245333200,141.6500,141.6500,141.7500,1200,500,126850,141.7800,141.7800,141.7800,141.7800,0.1000,142.1566,30.9375,141.7696,141.8312,141.7430,0.0662,0.00,0.00,0.00,0.00,0.00,0.00,0.00,0.00
NVDA,1749245334499,141.6500,141.6500,141.7500,1200,500,126850,141.7800,141.7800,141.7800,141.7800,0.1000,142.1566,30.9375,141.7696,141.8312,141.7430,0.0662,0.00,0.00,0.00,0.00,0.00,0.00,0.00,0.00
NVDA,1749245334892,141.6500,141.6500,141.7500,1200,400,126850,141.7800,141.7800,141.7800,141.7800,0.1000,142.1566,30.9375,141.7696,141.8312,141.7430,0.0662,0.00,0.00,0.00,0.00,0.00,0.00,0.00,0.00
NVDA,1749245334892,141.6500,141.6500,141.7500,1200,300,126850,141.7800,141.7800,141.7800,141.7800,0.1000,142.1566,30.9375,141.7696,141.8312,141.7430,0.0662,0.00,0.00,0.00,0.00,0.00,0.00,0.00,0.00
NVDA,1749245334892,141.6500,141.6500,141.7400,1200,100,126850,141.7800,141.7800,141.7800,141.7800,0.0900,142.1566,30.9375,141.7696,141.8312,141.7430,0.0662,0.00,0.00,0.00,0.00,0.00,0.00,0.00,0.00
NVDA,1749245334892,141.6500,141.6500,141.7400,1200,200,126850,141.7800,141.7800,141.7800,141.7800,0.0900,142.1566,30.9375,141.7696,141.8312,141.7430,0.0662,0.00,0.00,0.00,0.00,0.00,0.00,0.00,0.00
NVDA,1749245334892,141.7400,141.6500,141.7400,1200,200,126950,141.7800,141.7800,141.7800,141.7800,0.0900,142.1566,30.9375,141.7696,141.8312,141.7430,0.0662,0.00,0.00,0.00,0.00,0.00,0.00,0.00,0.00
NVDA,1749245336028,141.7400,141.6500,141.7400,1200,200,126950,141.7400,141.7400,141.7400,141.7400,0.0900,142.1566,30.9375,141.7696,141.8312,141.7430,0.0662,0.00,0.00,0.00,0.00,0.00,0.00,0.00,0.00
NVDA,1749245336676,141.6500,141.6500,141.7400,1200,200,127002,141.7400,141.7400,141.7400,141.7400,0.0900,142.1566,30.9375,141.7696,141.8312,141.7430,0.0662,0.00,0.00,0.00,0.00,0.00,0.00,0.00,0.00
NVDA,1749245336997,141.6500,141.6500,141.7400,1200,200,127002,141.7400,141.7400,141.7400,141.7400,0.0900,142.1566,30.9375,141.7696,141.8312,141.7430,0.0662,0.00,0.00,0.00,0.00,0.00,0.00,0.00,0.00
NVDA,1749245337613,141.7400,141.6500,141.7400,1200,200,127502,141.7400,141.7400,141.7400,141.7400,0.0900,142.1566,30.9375,141.7696,141.8312,141.7430,0.0662,0.00,0.00,0.00,0.00,0.00,0.00,0.00,0.00
NVDA,1749245338994,141.7400,141.6500,141.7400,1200,200,127502,141.7400,141.7400,141.7400,141.7400,0.0900,142.1566,30.9375,141.7696,141.8312,141.7430,0.0662,0.00,0.00,0.00,0.00,0.00,0.00,0.00,0.00
NVDA,1749245338994,141.7400,141.6500,141.7400,1200,100,127502,141.7400,141.7400,141.7400,141.7400,0.0900,142.1566,30.9375,141.7696,141.8312,141.7430,0.0662,0.00,0.00,0.00,0.00,0.00,0.00,0.00,0.00
NVDA,1749245339556,141.7400,141.6500,141.7500,1200,300,127602,141.7400,141.7400,141.7400,141.7400,0.1000,142.1566,30.9375,141.7696,141.8312,141.7430,0.0662,0.00,0.00,0.00,0.00,0.00,0.00,0.00,0.00
NVDA,1749245341023,141.7400,141.6500,141.7500,1200,300,127602,141.7400,141.7400,141.7400,141.7400,0.1000,142.1566,32.5270,141.7637,141.8244,141.7403,0.0722,0.00,0.00,0.00,0.00,0.00,0.00,0.00,0.00
NVDA,1749245341245,141.7400,141.6500,141.7500,1200,300,127602,141.7400,141.7400,141.7400,141.7400,0.1000,142.1566,32.5270,141.7637,141.8244,141.7403,0.0722,0.00,0.00,0.00,0.00,0.00,0.00,0.00,0.00
NVDA,1749245341587,141.7400,141.6500,141.7500,1200,200,127602,141.7400,141.7400,141.7400,141.7400,0.1000,142.1566,32.5270,141.7637,141.8244,141.7403,0.0722,0.00,0.00,0.00,0.00,0.00,0.00,0.00,0.00
NVDA,1749245341587,141.7500,141.6500,141.7500,1200,200,127603,141.7400,141.7400,141.7400,141.7400,0.1000,142.1566,32.5270,141.7637,141.8244,141.7403,0.0722,0.00,0.00,0.00,0.00,0.00,0.00,0.00,0.00
NVDA,1749245341752,141.7500,141.6500,141.7500,1200,200,127641,141.7400,141.7400,141.7400,141.7400,0.1000,142.1566,32.5270,141.7637,141.8244,141.7403,0.0722,0.00,0.00,0.00,0.00,0.00,0.00,0.00,0.00
NVDA,1749245342222,141.6500,141.6500,141.7500,1200,200,127650,141.7400,141.7400,141.7400,141.7400,0.1000,142.1566,32.5270,141.7637,141.8244,141.7403,0.0722,0.00,0.00,0.00,0.00,0.00,0.00,0.00,0.00
NVDA,1749245343783,141.6500,141.7000,141.7500,100,200,127650,141.7400,141.7400,141.7400,141.7400,0.0500,142.1566,32.5270,141.7637,141.8244,141.7403,0.0722,0.00,0.00,0.00,0.00,0.00,0.00,0.00,0.00
NVDA,1749245344252,141.6500,141.7000,141.7500,100,200,127650,141.7400,141.7400,141.7400,141.7400,0.0500,142.1566,32.5270,141.7637,141.8244,141.7403,0.0722,0.00,0.00,0.00,0.00,0.00,0.00,0.00,0.00
NVDA,1749245344829,141.6500,141.7000,141.7300,100,100,127650,141.7400,141.7400,141.7400,141.7400,0.0300,142.1566,32.5270,141.7637,141.8244,141.7403,0.0722,0.00,0.00,0.00,0.00,0.00,0.00,0.00,0.00
NVDA,1749245344829,141.7300,141.7000,141.7300,100,100,127660,141.7400,141.7400,141.7400,141.7400,0.0300,142.1566,32.5270,141.7637,141.8244,141.7403,0.0722,0.00,0.00,0.00,0.00,0.00,0.00,0.00,0.00
NVDA,1749245346022,141.7300,141.7000,141.7300,100,100,127660,141.7400,141.7400,141.7400,141.7400,0.0300,142.1566,32.5270,141.7637,141.8244,141.7403,0.0722,0.00,0.00,0.00,0.00,0.00,0.00,0.00,0.00
NVDA,1749245346251,141.7300,141.7000,141.7300,100,100,127660,141.7400,141.7400,141.7400,141.7400,0.0300,142.1566,32.5270,141.7637,141.8244,141.7403,0.0722,0.00,0.00,0.00,0.00,0.00,0.00,0.00,0.00
NVDA,1749245346891,141.7000,141.7000,141.7300,100,100,127661,141.7400,141.7400,141.7400,141.7400,0.0300,142.1566,32.5270,141.7637,141.8244,141.7403,0.0722,0.00,0.00,0.00,0.00,0.00,0.00,0.00,0.00
NVDA,1749245346891,141.7000,141.7000,141.7300,100,300,127661,141.7400,141.7400,141.7400,141.7400,0.0300,142.1566,32.5270,141.7637,141.8244,141.7403,0.0722,0.00,0.00,0.00,0.00,0.00,0.00,0.00,0.00
NVDA,1749245347260,141.7000,141.7000,141.7300,100,300,127661,141.7400,141.7400,141.7400,141.7400,0.0300,142.1566,32.5270,141.7637,141.8244,141.7403,0.0722,0.00,0.00,0.00,0.00,0.00,0.00,0.00,0.00
NVDA,1749245347503,141.7000,141.7000,141.7300,100,300,127661,141.7400,141.7400,141.7400,141.7400,0.0300,142.1566,32.5270,141.7637,141.8244,141.7403,0.0722,0.00,0.00,0.00,0.00,0.00,0.00,0.00,0.00
NVDA,1749245347775,141.7200,141.7000,141.7300,100,300,127711,141.7400,141.7400,141.7400,141.7400,0.0300,142.1566,32.5270,141.7637,141.8244,141.7403,0.0722,0.00,0.00,0.00,0.00,0.00,0.00,0.00,0.00
NVDA,1749245347775,141.7100,141.7000,141.7300,100,300,127712,141.7400,141.7400,141.7400,141.7400,0.0300,142.1566,32.5270,141.7637,141.8244,141.7403,0.0722,0.00,0.00,0.00,0.00,0.00,0.00,0.00,0.00
NVDA,1749245347775,141.7000,141.7000,141.7300,100,300,127726,141.7400,141.7400,141.7400,141.7400,0.0300,142.1566,32.5270,141.7637,141.8244,141.7403,0.0722,0.00,0.00,0.00,0.00,0.00,0.00,0.00,0.00
NVDA,1749245347775,141.7100,141.7000,141.7300,100,300,127727,141.7400,141.7400,141.7400,141.7400,0.0300,142.1566,32.5270,141.7637,141.8244,141.7403,0.0722,0.00,0.00,0.00,0.00,0.00,0.00,0.00,0.00
NVDA,1749245348508,141.7100,141.7000,141.7300,100,300,127727,141.7400,141.7400,141.7400,141.7400,0.0300,142.1566,32.5270,141.7637,141.8244,141.7403,0.0722,0.00,0.00,0.00,0.00,0.00,0.00,0.00,0.00
NVDA,1749245349116,141.7100,141.7000,141.7300,100,200,127727,141.7400,141.7400,141.7400,141.7400,0.0300,142.1566,32.5270,141.7637,141.8244,141.7403,0.0722,0.00,0.00,0.00,0.00,0.00,0.00,0.00,0.00
NVDA,1749245349116,141.7300,141.7000,141.7300,100,200,127748,141.7400,141.7400,141.7400,141.7400,0.0300,142.1566,32.5270,141.7637,141.8244,141.7403,0.0722,0.00,0.00,0.00,0.00,0.00,0.00,0.00,0.00
NVDA,1749245349766,141.7300,141.7000,141.7300,100,200,127748,141.7400,141.7400,141.7400,141.7400,0.0300,142.1566,32.5270,141.7637,141.8244,141.7403,0.0722,0.00,0.00,0.00,0.00,0.00,0.00,0.00,0.00
NVDA,1749245350371,141.7000,141.7000,141.7300,100,200,127753,141.7400,141.7400,141.7400,141.7400,0.0300,142.1566,32.5270,141.7637,141.8244,141.7403,0.0722,0.00,0.00,0.00,0.00,0.00,0.00,0.00,0.00
NVDA,1749245351018,141.7000,141.7000,141.7300,100,200,127753,141.7400,141.7400,141.7400,141.7400,0.0300,142.1566,32.5270,141.7637,141.8244,141.7403,0.0722,0.00,0.00,0.00,0.00,0.00,0.00,0.00,0.00
NVDA,1749245353011,141.7000,141.7000,141.7300,100,200,127753,141.7400,141.7400,141.7400,141.7400,0.0300,142.1566,32.5270,141.7637,141.8244,141.7403,0.0722,0.00,0.00,0.00,0.00,0.00,0.00,0.00,0.00
NVDA,1749245353516,141.7000,141.7000,141.7300,100,200,127753,141.7400,141.7400,141.7400,141.7400,0.0300,142.1566,32.5270,141.7637,141.8244,141.7403,0.0722,0.00,0.00,0.00,0.00,0.00,0.00,0.00,0.00
NVDA,1749245353665,141.7300,141.7000,141.7300,100,200,127754,141.7400,141.7400,141.7400,141.7400,0.0300,142.1566,32.5270,141.7637,141.8244,141.7403,0.0722,0.00,0.00,0.00,0.00,0.00,0.00,0.00,0.00
NVDA,1749245354512,141.7300,141.7000,141.7300,100,200,127854,141.7400,141.7400,141.7400,141.7400,0.0300,142.1566,32.5270,141.7637,141.8244,141.7403,0.0722,0.00,0.00,0.00,0.00,0.00,0.00,0.00,0.00
NVDA,1749245354991,141.7300,141.7000,141.7300,100,200,127916,141.7400,141.7400,141.7400,141.7400,0.0300,142.1566,32.5270,141.7637,141.8244,141.7403,0.0722,0.00,0.00,0.00,0.00,0.00,0.00,0.00,0.00
NVDA,1749245356027,141.7300,141.7000,141.7300,100,200,127916,141.7300,141.7300,141.7300,141.7300,0.0300,142.1566,32.5270,141.7637,141.8244,141.7403,0.0722,0.00,0.00,0.00,0.00,0.00,0.00,0.00,0.00
NVDA,1749245357017,141.7300,141.7000,141.7300,100,200,127916,141.7300,141.7300,141.7300,141.7300,0.0300,142.1566,32.5270,141.7637,141.8244,141.7403,0.0722,0.00,0.00,0.00,0.00,0.00,0.00,0.00,0.00
NVDA,1749245357363,141.7000,141.7000,141.7300,100,200,128016,141.7300,141.7300,141.7300,141.7300,0.0300,142.1566,32.5270,141.7637,141.8244,141.7403,0.0722,0.00,0.00,0.00,0.00,0.00,0.00,0.00,0.00
NVDA,1749245357363,141.7000,141.7000,141.7300,100,300,128016,141.7300,141.7300,141.7300,141.7300,0.0300,142.1566,32.5270,141.7637,141.8244,141.7403,0.0722,0.00,0.00,0.00,0.00,0.00,0.00,0.00,0.00
NVDA,1749245357514,141.7000,141.7000,141.7300,100,300,128016,141.7300,141.7300,141.7300,141.7300,0.0300,142.1566,32.5270,141.7637,141.8244,141.7403,0.0722,0.00,0.00,0.00,0.00,0.00,0.00,0.00,0.00
NVDA,1749245357776,141.7000,141.7000,141.7300,100,300,128016,141.7300,141.7300,141.7300,141.7300,0.0300,142.1566,32.5270,141.7637,141.8244,141.7403,0.0722,0.00,0.00,0.00,0.00,0.00,0.00,0.00,0.00
NVDA,1749245358218,141.7200,141.7000,141.7300,100,300,128056,141.7300,141.7300,141.7300,141.7300,0.0300,142.1566,32.5270,141.7637,141.8244,141.7403,0.0722,0.00,0.00,0.00,0.00,0.00,0.00,0.00,0.00
NVDA,1749245358218,141.7300,141.7000,141.7300,100,300,128116,141.7300,141.7300,141.7300,141.7300,0.0300,142.1566,32.5270,141.7637,141.8244,141.7403,0.0722,0.00,0.00,0.00,0.00,0.00,0.00,0.00,0.00
NVDA,1749245359339,141.7300,141.7000,141.7300,100,200,128116,141.7300,141.7300,141.7300,141.7300,0.0300,142.1566,32.5270,141.7637,141.8244,141.7403,0.0722,0.00,0.00,0.00,0.00,0.00,0.00,0.00,0.00
NVDA,1749245361040,141.7300,141.7000,141.7300,100,200,128116,141.7000,141.7000,141.7000,141.7000,0.0300,142.1566,32.5270,141.7637,141.8244,141.7403,0.0722,0.00,0.00,0.00,0.00,0.00,0.00,0.00,0.00
NVDA,1749245361271,141.7300,141.7000,141.7300,100,200,128116,141.7000,141.7000,141.7000,141.7000,0.0300,142.1566,32.5270,141.7637,141.8244,141.7403,0.0722,0.00,0.00,0.00,0.00,0.00,0.00,0.00,0.00
NVDA,1749245361881,141.7200,141.7000,141.7300,100,200,128117,141.7000,141.7000,141.7000,141.7000,0.0300,142.1566,32.5270,141.7637,141.8244,141.7403,0.0722,0.00,0.00,0.00,0.00,0.00,0.00,0.00,0.00
NVDA,1749245362519,141.7200,141.7000,141.7300,100,200,128117,141.7000,141.7000,141.7000,141.7000,0.0300,142.1566,32.5270,141.7637,141.8244,141.7403,0.0722,0.00,0.00,0.00,0.00,0.00,0.00,0.00,0.00
NVDA,1749245362992,141.7200,141.7000,141.7300,900,200,128117,141.7000,141.7000,141.7000,141.7000,0.0300,142.1566,32.5270,141.7637,141.8244,141.7403,0.0722,0.00,0.00,0.00,0.00,0.00,0.00,0.00,0.00
NVDA,1749245362992,141.7200,141.7000,141.7300,900,100,128117,141.7000,141.7000,141.7000,141.7000,0.0300,142.1566,32.5270,141.7637,141.8244,141.7403,0.0722,0.00,0.00,0.00,0.00,0.00,0.00,0.00,0.00
NVDA,1749245362992,141.7300,141.7000,141.7300,900,100,128217,141.7000,141.7000,141.7000,141.7000,0.0300,142.1566,32.5270,141.7637,141.8244,141.7403,0.0722,0.00,0.00,0.00,0.00,0.00,0.00,0.00,0.00
NVDA,1749245363273,141.7300,141.7000,141.7300,900,100,128219,141.7000,141.7000,141.7000,141.7000,0.0300,142.1566,32.5270,141.7637,141.8244,141.7403,0.0722,0.00,0.00,0.00,0.00,0.00,0.00,0.00,0.00
NVDA,1749245363530,141.7300,141.7000,141.7300,900,100,128219,141.7000,141.7000,141.7000,141.7000,0.0300,142.1566,32.5270,141.7637,141.8244,141.7403,0.0722,0.00,0.00,0.00,0.00,0.00,0.00,0.00,0.00
NVDA,1749245364027,141.7300,141.7000,141.7300,900,100,128226,141.7000,141.7000,141.7000,141.7000,0.0300,142.1566,32.5270,141.7637,141.8244,141.7403,0.0722,0.00,0.00,0.00,0.00,0.00,0.00,0.00,0.00
NVDA,1749245364027,141.7200,141.7000,141.7300,900,100,128325,141.7000,141.7000,141.7000,141.7000,0.0300,142.1566,32.5270,141.7637,141.8244,141.7403,0.0722,0.00,0.00,0.00,0.00,0.00,0.00,0.00,0.00
NVDA,1749245364027,141.7100,141.7000,141.7300,900,100,128658,141.7000,141.7000,141.7000,141.7000,0.0300,142.1566,32.5270,141.7637,141.8244,141.7403,0.0722,0.00,0.00,0.00,0.00,0.00,0.00,0.00,0.00
NVDA,1749245364027,141.7000,141.7000,141.7300,900,100,129226,141.7000,141.7000,141.7000,141.7000,0.0300,142.1566,32.5270,141.7637,141.8244,141.7403,0.0722,0.00,0.00,0.00,0.00,0.00,0.00,0.00,0.00
NVDA,1749245364027,141.7100,141.7000,141.7300,900,100,129711,141.7000,141.7000,141.7000,141.7000,0.0300,142.1566,32.5270,141.7637,141.8244,141.7403,0.0722,0.00,0.00,0.00,0.00,0.00,0.00,0.00,0.00
NVDA,1749245364027,141.7100,141.7000,141.7300,800,100,129711,141.7000,141.7000,141.7000,141.7000,0.0300,142.1566,32.5270,141.7637,141.8244,141.7403,0.0722,0.00,0.00,0.00,0.00,0.00,0.00,0.00,0.00
NVDA,1749245366028,141.7100,141.7000,141.7300,800,100,129711,141.7300,141.7300,141.7000,141.7000,0.0300,142.1566,32.5270,141.7637,141.8244,141.7403,0.0722,0.00,0.00,0.00,0.00,0.00,0.00,0.00,0.00
NVDA,1749245366997,141.7100,141.7000,141.7200,800,100,129711,141.7300,141.7300,141.7000,141.7000,0.0200,142.1566,32.5270,141.7637,141.8244,141.7403,0.0722,0.00,0.00,0.00,0.00,0.00,0.00,0.00,0.00
NVDA,1749245368778,141.7100,141.7000,141.7200,800,100,129711,141.7300,141.7300,141.7000,141.7000,0.0200,142.1566,32.5270,141.7637,141.8244,141.7403,0.0722,0.00,0.00,0.00,0.00,0.00,0.00,0.00,0.00
NVDA,1749245369032,141.7100,141.7000,141.7200,800,100,129711,141.7300,141.7300,141.7000,141.7000,0.0200,142.1566,32.5270,141.7637,141.8244,141.7403,0.0722,0.00,0.00,0.00,0.00,0.00,0.00,0.00,0.00
NVDA,1749245369329,141.7000,141.7000,141.7200,800,100,130211,141.7300,141.7300,141.7000,141.7000,0.0200,142.1566,32.5270,141.7637,141.8244,141.7403,0.0722,0.00,0.00,0.00,0.00,0.00,0.00,0.00,0.00
NVDA,1749245369329,141.7100,141.7000,141.7200,800,100,130218,141.7300,141.7300,141.7000,141.7000,0.0200,142.1566,32.5270,141.7637,141.8244,141.7403,0.0722,0.00,0.00,0.00,0.00,0.00,0.00,0.00,0.00
NVDA,1749245369527,141.7100,141.7000,141.7200,800,100,130218,141.7300,141.7300,141.7000,141.7000,0.0200,142.1566,32.5270,141.7637,141.8244,141.7403,0.0722,0.00,0.00,0.00,0.00,0.00,0.00,0.00,0.00
NVDA,1749245370029,141.7100,141.7000,141.7200,800,100,130218,141.7300,141.7300,141.7000,141.7000,0.0200,142.1566,32.5270,141.7637,141.8244,141.7403,0.0722,0.00,0.00,0.00,0.00,0.00,0.00,0.00,0.00
NVDA,1749245370274,141.7200,141.7000,141.7200,800,100,130219,141.7300,141.7300,141.7000,141.7000,0.0200,142.1566,32.5270,141.7637,141.8244,141.7403,0.0722,0.00,0.00,0.00,0.00,0.00,0.00,0.00,0.00
NVDA,1749245370274,141.7100,141.7000,141.7200,800,100,130346,141.7300,141.7300,141.7000,141.7000,0.0200,142.1566,32.5270,141.7637,141.8244,141.7403,0.0722,0.00,0.00,0.00,0.00,0.00,0.00,0.00,0.00
NVDA,1749245370274,141.7000,141.7000,141.7200,800,100,130739,141.7300,141.7300,141.7000,141.7000,0.0200,142.1566,32.5270,141.7637,141.8244,141.7403,0.0722,0.00,0.00,0.00,0.00,0.00,0.00,0.00,0.00
NVDA,1749245370274,141.7200,141.7000,141.7200,800,100,130744,141.7300,141.7300,141.7000,141.7000,0.0200,142.1566,32.5270,141.7637,141.8244,141.7403,0.0722,0.00,0.00,0.00,0.00,0.00,0.00,0.00,0.00
NVDA,1749245371018,141.7200,141.7000,141.7200,800,100,130744,141.7000,141.7200,141.7000,141.7000,0.0200,142.1566,32.5270,141.7637,141.8244,141.7403,0.0722,0.00,0.00,0.00,0.00,0.00,0.00,0.00,0.00
NVDA,1749245376017,141.7200,141.7000,141.7200,800,100,130744,141.7000,141.7000,141.7000,141.7000,0.0200,142.1566,32.5270,141.7637,141.8244,141.7403,0.0722,0.00,0.00,0.00,0.00,0.00,0.00,0.00,0.00
NVDA,1749245376540,141.7200,141.7000,141.7200,800,100,130744,141.7000,141.7000,141.7000,141.7000,0.0200,142.1566,32.5270,141.7637,141.8244,141.7403,0.0722,0.00,0.00,0.00,0.00,0.00,0.00,0.00,0.00
NVDA,1749245377126,141.7200,141.7000,141.7200,800,100,130745,141.7000,141.7000,141.7000,141.7000,0.0200,142.1566,32.5270,141.7637,141.8244,141.7403,0.0722,0.00,0.00,0.00,0.00,0.00,0.00,0.00,0.00
NVDA,1749245377126,141.7200,141.7000,141.7300,800,100,130745,141.7000,141.7000,141.7000,141.7000,0.0300,142.1566,32.5270,141.7637,141.8244,141.7403,0.0722,0.00,0.00,0.00,0.00,0.00,0.00,0.00,0.00
NVDA,1749245378798,141.7200,141.7000,141.7300,800,100,130745,141.7000,141.7000,141.7000,141.7000,0.0300,142.1566,32.5270,141.7637,141.8244,141.7403,0.0722,0.00,0.00,0.00,0.00,0.00,0.00,0.00,0.00
NVDA,1749245379342,141.7100,141.7000,141.7300,800,100,130746,141.7000,141.7000,141.7000,141.7000,0.0300,142.1566,32.5270,141.7637,141.8244,141.7403,0.0722,0.00,0.00,0.00,0.00,0.00,0.00,0.00,0.00
NVDA,1749245381026,141.7100,141.7000,141.7300,800,100,130746,141.7000,141.7000,141.7000,141.7000,0.0300,142.1566,32.5270,141.7637,141.8244,141.7403,0.0722,0.00,0.00,0.00,0.00,0.00,0.00,0.00,0.00
NVDA,1749245381482,141.7100,141.7000,141.7300,1300,100,130746,141.7000,141.7000,141.7000,141.7000,0.0300,142.1566,32.5270,141.7637,141.8244,141.7403,0.0722,0.00,0.00,0.00,0.00,0.00,0.00,0.00,0.00
NVDA,1749245383303,141.7100,141.7000,141.7300,1300,100,130746,141.7000,141.7000,141.7000,141.7000,0.0300,142.1566,32.5270,141.7637,141.8244,141.7403,0.0722,0.00,0.00,0.00,0.00,0.00,0.00,0.00,0.00
NVDA,1749245383401,141.7100,141.7000,141.7300,1300,100,130746,141.7000,141.7000,141.7000,141.7000,0.0300,142.1566,32.5270,141.7637,141.8244,141.7403,0.0722,0.00,0.00,0.00,0.00,0.00,0.00,0.00,0.00
NVDA,1749245383799,141.7100,141.7000,141.7300,1300,100,130746,141.7000,141.7000,141.7000,141.7000,0.0300,142.1566,32.5270,141.7637,141.8244,141.7403,0.0722,0.00,0.00,0.00,0.00,0.00,0.00,0.00,0.00
NVDA,1749245383799,141.7100,141.7000,141.7800,1400,200,130746,141.7000,141.7000,141.7000,141.7000,0.0800,142.1566,32.5270,141.7637,141.8244,141.7403,0.0722,0.00,0.00,0.00,0.00,0.00,0.00,0.00,0.00
NVDA,1749245383877,141.7100,141.7000,141.7800,1500,200,130746,141.7000,141.7000,141.7000,141.7000,0.0800,142.1566,32.5270,141.7637,141.8244,141.7403,0.0722,0.00,0.00,0.00,0.00,0.00,0.00,0.00,0.00
NVDA,1749245383877,141.7100,141.7000,141.7800,1500,100,130746,141.7000,141.7000,141.7000,141.7000,0.0800,142.1566,32.5270,141.7637,141.8244,141.7403,0.0722,0.00,0.00,0.00,0.00,0.00,0.00,0.00,0.00
NVDA,1749245383877,141.7100,141.7100,141.7800,100,100,130746,141.7000,141.7000,141.7000,141.7000,0.0700,142.1566,32.5270,141.7637,141.8244,141.7403,0.0722,0.00,0.00,0.00,0.00,0.00,0.00,0.00,0.00
NVDA,1749245383877,141.7100,141.7100,141.7800,200,100,130746,141.7000,141.7000,141.7000,141.7000,0.0700,142.1566,32.5270,141.7637,141.8244,141.7403,0.0722,0.00,0.00,0.00,0.00,0.00,0.00,0.00,0.00
NVDA,1749245383877,141.7100,141.7100,141.7900,200,500,130746,141.7000,141.7000,141.7000,141.7000,0.0800,142.1566,32.5270,141.7637,141.8244,141.7403,0.0722,0.00,0.00,0.00,0.00,0.00,0.00,0.00,0.00
NVDA,1749245383877,141.7100,141.7200,141.7900,100,500,130746,141.7000,141.7000,141.7000,141.7000,0.0700,142.1566,32.5270,141.7637,141.8244,141.7403,0.0722,0.00,0.00,0.00,0.00,0.00,0.00,0.00,0.00
NVDA,1749245383877,141.7100,141.7000,141.7900,1400,500,130746,141.7000,141.7000,141.7000,141.7000,0.0900,142.1566,32.5270,141.7637,141.8244,141.7403,0.0722,0.00,0.00,0.00,0.00,0.00,0.00,0.00,0.00
NVDA,1749245383877,141.7100,141.7000,141.7900,1300,500,130746,141.7000,141.7000,141.7000,141.7000,0.0900,142.1566,32.5270,141.7637,141.8244,141.7403,0.0722,0.00,0.00,0.00,0.00,0.00,0.00,0.00,0.00
NVDA,1749245383877,141.7500,141.7000,141.7900,1300,500,130946,141.7000,141.7000,141.7000,141.7000,0.0900,142.1566,32.5270,141.7637,141.8244,141.7403,0.0722,0.00,0.00,0.00,0.00,0.00,0.00,0.00,0.00
NVDA,1749245383877,141.7400,141.7000,141.7900,1300,500,130966,141.7000,141.7000,141.7000,141.7000,0.0900,142.1566,32.5270,141.7637,141.8244,141.7403,0.0722,0.00,0.00,0.00,0.00,0.00,0.00,0.00,0.00
NVDA,1749245383877,141.7200,141.7000,141.7900,1300,500,131065,141.7000,141.7000,141.7000,141.7000,0.0900,142.1566,32.5270,141.7637,141.8244,141.7403,0.0722,0.00,0.00,0.00,0.00,0.00,0.00,0.00,0.00
NVDA,1749245383877,141.7500,141.7000,141.7900,1300,500,131066,141.7000,141.7000,141.7000,141.7000,0.0900,142.1566,32.5270,141.7637,141.8244,141.7403,0.0722,0.00,0.00,0.00,0.00,0.00,0.00,0.00,0.00
NVDA,1749245383877,141.7300,141.7000,141.7900,1300,500,131236,141.7000,141.7000,141.7000,141.7000,0.0900,142.1566,32.5270,141.7637,141.8244,141.7403,0.0722,0.00,0.00,0.00,0.00,0.00,0.00,0.00,0.00
NVDA,1749245383877,141.7400,141.7000,141.7900,1300,500,131260,141.7000,141.7000,141.7000,141.7000,0.0900,142.1566,32.5270,141.7637,141.8244,141.7403,0.0722,0.00,0.00,0.00,0.00,0.00,0.00,0.00,0.00
NVDA,1749245383877,141.7500,141.7000,141.7900,1300,500,131326,141.7000,141.7000,141.7000,141.7000,0.0900,142.1566,32.5270,141.7637,141.8244,141.7403,0.0722,0.00,0.00,0.00,0.00,0.00,0.00,0.00,0.00
NVDA,1749245383877,141.7800,141.7000,141.7900,1300,500,131426,141.7000,141.7000,141.7000,141.7000,0.0900,142.1566,32.5270,141.7637,141.8244,141.7403,0.0722,0.00,0.00,0.00,0.00,0.00,0.00,0.00,0.00
NVDA,1749245383877,141.7700,141.7000,141.7900,1300,500,131427,141.7000,141.7000,141.7000,141.7000,0.0900,142.1566,32.5270,141.7637,141.8244,141.7403,0.0722,0.00,0.00,0.00,0.00,0.00,0.00,0.00,0.00
NVDA,1749245383877,141.7500,141.7000,141.7900,1300,500,131441,141.7000,141.7000,141.7000,141.7000,0.0900,142.1566,32.5270,141.7637,141.8244,141.7403,0.0722,0.00,0.00,0.00,0.00,0.00,0.00,0.00,0.00
NVDA,1749245383877,141.7800,141.7000,141.7900,1300,500,131537,141.7000,141.7000,141.7000,141.7000,0.0900,142.1566,32.5270,141.7637,141.8244,141.7403,0.0722,0.00,0.00,0.00,0.00,0.00,0.00,0.00,0.00
NVDA,1749245384053,141.7800,141.7000,141.7900,1300,500,131537,141.7000,141.7000,141.7000,141.7000,0.0900,142.1566,32.5270,141.7637,141.8244,141.7403,0.0722,0.00,0.00,0.00,0.00,0.00,0.00,0.00,0.00
NVDA,1749245384531,141.7400,141.7000,141.7900,1300,500,131538,141.7000,141.7000,141.7000,141.7000,0.0900,142.1566,32.5270,141.7637,141.8244,141.7403,0.0722,0.00,0.00,0.00,0.00,0.00,0.00,0.00,0.00
NVDA,1749245385841,141.7400,141.7000,141.7900,1400,500,131539,141.7000,141.7000,141.7000,141.7000,0.0900,142.1566,32.5270,141.7637,141.8244,141.7403,0.0722,0.00,0.00,0.00,0.00,0.00,0.00,0.00,0.00
NVDA,1749245385841,141.7400,141.7100,141.7900,200,500,131539,141.7000,141.7000,141.7000,141.7000,0.0800,142.1566,32.5270,141.7637,141.8244,141.7403,0.0722,0.00,0.00,0.00,0.00,0.00,0.00,0.00,0.00
NVDA,1749245386028,141.7400,141.7100,141.7900,200,500,131539,141.7500,141.7800,141.7300,141.7800,0.0800,142.1566,32.5270,141.7637,141.8244,141.7403,0.0722,0.00,0.00,0.00,0.00,0.00,0.00,0.00,0.00
NVDA,1749245386304,141.7400,141.7100,141.7900,200,500,131539,141.7500,141.7800,141.7300,141.7800,0.0800,142.1566,32.5270,141.7637,141.8244,141.7403,0.0722,0.00,0.00,0.00,0.00,0.00,0.00,0.00,0.00
NVDA,1749245386730,141.7400,141.7100,141.7800,200,200,131539,141.7500,141.7800,141.7300,141.7800,0.0700,142.1566,32.5270,141.7637,141.8244,141.7403,0.0722,0.00,0.00,0.00,0.00,0.00,0.00,0.00,0.00
NVDA,1749245386730,141.7800,141.7100,141.7800,200,200,131540,141.7500,141.7800,141.7300,141.7800,0.0700,142.1566,32.5270,141.7637,141.8244,141.7403,0.0722,0.00,0.00,0.00,0.00,0.00,0.00,0.00,0.00
NVDA,1749245387468,141.7800,141.7200,141.7800,200,200,131540,141.7500,141.7800,141.7300,141.7800,0.0600,142.1566,32.5270,141.7637,141.8244,141.7403,0.0722,0.00,0.00,0.00,0.00,0.00,0.00,0.00,0.00
NVDA,1749245387468,141.7800,141.7200,141.7700,200,100,131540,141.7500,141.7800,141.7300,141.7800,0.0500,142.1566,32.5270,141.7637,141.8244,141.7403,0.0722,0.00,0.00,0.00,0.00,0.00,0.00,0.00,0.00
NVDA,1749245387468,141.7800,141.7200,141.7700,200,200,131540,141.7500,141.7800,141.7300,141.7800,0.0500,142.1566,32.5270,141.7637,141.8244,141.7403,0.0722,0.00,0.00,0.00,0.00,0.00,0.00,0.00,0.00
NVDA,1749245387561,141.7800,141.7200,141.7700,200,200,131540,141.7500,141.7800,141.7300,141.7800,0.0500,142.1566,32.5270,141.7637,141.8244,141.7403,0.0722,0.00,0.00,0.00,0.00,0.00,0.00,0.00,0.00
NVDA,1749245388153,141.7500,141.7200,141.7700,200,200,131560,141.7500,141.7800,141.7300,141.7800,0.0500,142.1566,32.5270,141.7637,141.8244,141.7403,0.0722,0.00,0.00,0.00,0.00,0.00,0.00,0.00,0.00
NVDA,1749245389301,141.7500,141.7200,141.7700,200,200,131560,141.7500,141.7800,141.7300,141.7800,0.0500,142.1566,32.5270,141.7637,141.8244,141.7403,0.0722,0.00,0.00,0.00,0.00,0.00,0.00,0.00,0.00
NVDA,1749245390052,141.7200,141.7200,141.7700,200,200,131561,141.7500,141.7800,141.7300,141.7800,0.0500,142.1566,32.5270,141.7637,141.8244,141.7403,0.0722,0.00,0.00,0.00,0.00,0.00,0.00,0.00,0.00
NVDA,1749245391021,141.7200,141.7200,141.7700,200,200,131561,141.7800,141.7800,141.7800,141.7800,0.0500,142.1566,32.5270,141.7637,141.8244,141.7403,0.0722,0.00,0.00,0.00,0.00,0.00,0.00,0.00,0.00
NVDA,1749245391352,141.7200,141.7200,141.7700,300,200,131561,141.7800,141.7800,141.7800,141.7800,0.0500,142.1566,32.5270,141.7637,141.8244,141.7403,0.0722,0.00,0.00,0.00,0.00,0.00,0.00,0.00,0.00
NVDA,1749245391559,141.7200,141.7200,141.7700,300,200,131563,141.7800,141.7800,141.7800,141.7800,0.0500,142.1566,32.5270,141.7637,141.8244,141.7403,0.0722,0.00,0.00,0.00,0.00,0.00,0.00,0.00,0.00
NVDA,1749245392112,141.7200,141.7200,141.7700,300,400,131563,141.7800,141.7800,141.7800,141.7800,0.0500,142.1566,32.5270,141.7637,141.8244,141.7403,0.0722,0.00,0.00,0.00,0.00,0.00,0.00,0.00,0.00
NVDA,1749245392112,141.7200,141.7200,141.7700,300,500,131563,141.7800,141.7800,141.7800,141.7800,0.0500,142.1566,32.5270,141.7637,141.8244,141.7403,0.0722,0.00,0.00,0.00,0.00,0.00,0.00,0.00,0.00
NVDA,1749245392112,141.7300,141.7200,141.7700,300,500,131568,141.7800,141.7800,141.7800,141.7800,0.0500,142.1566,32.5270,141.7637,141.8244,141.7403,0.0722,0.00,0.00,0.00,0.00,0.00,0.00,0.00,0.00
NVDA,1749245394862,141.7300,141.7200,141.7700,300,400,131568,141.7800,141.7800,141.7800,141.7800,0.0500,142.1566,32.5270,141.7637,141.8244,141.7403,0.0722,0.00,0.00,0.00,0.00,0.00,0.00,0.00,0.00
NVDA,1749245394862,141.7300,141.7200,141.7700,300,300,131568,141.7800,141.7800,141.7800,141.7800,0.0500,142.1566,32.5270,141.7637,141.8244,141.7403,0.0722,0.00,0.00,0.00,0.00,0.00,0.00,0.00,0.00
NVDA,1749245394862,141.7300,141.7200,141.7700,300,100,131568,141.7800,141.7800,141.7800,141.7800,0.0500,142.1566,32.5270,141.7637,141.8244,141.7403,0.0722,0.00,0.00,0.00,0.00,0.00,0.00,0.00,0.00
NVDA,1749245394862,141.7300,141.7200,141.7800,300,200,131568,141.7800,141.7800,141.7800,141.7800,0.0600,142.1566,32.5270,141.7637,141.8244,141.7403,0.0722,0.00,0.00,0.00,0.00,0.00,0.00,0.00,0.00
NVDA,1749245394862,141.7300,141.7200,141.7800,300,400,131568,141.7800,141.7800,141.7800,141.7800,0.0600,142.1566,32.5270,141.7637,141.8244,141.7403,0.0722,0.00,0.00,0.00,0.00,0.00,0.00,0.00,0.00
NVDA,1749245395736,141.7300,141.7200,141.7800,300,500,131568,141.7800,141.7800,141.7800,141.7800,0.0600,142.1566,32.5270,141.7637,141.8244,141.7403,0.0722,0.00,0.00,0.00,0.00,0.00,0.00,0.00,0.00
NVDA,1749245396027,141.7300,141.7200,141.7800,300,500,131568,141.7800,141.7800,141.7800,141.7800,0.0600,142.1566,32.5270,141.7637,141.8244,141.7403,0.0722,0.00,0.00,0.00,0.00,0.00,0.00,0.00,0.00
NVDA,1749245396369,141.7300,141.7200,141.7800,300,500,131568,141.7800,141.7800,141.7800,141.7800,0.0600,142.1566,32.5270,141.7637,141.8244,141.7403,0.0722,0.00,0.00,0.00,0.00,0.00,0.00,0.00,0.00
NVDA,1749245397029,141.7800,141.7200,141.7800,300,500,131668,141.7800,141.7800,141.7800,141.7800,0.0600,142.1566,32.5270,141.7637,141.8244,141.7403,0.0722,0.00,0.00,0.00,0.00,0.00,0.00,0.00,0.00
NVDA,1749245397652,141.7200,141.7200,141.7800,300,500,131669,141.7800,141.7800,141.7800,141.7800,0.0600,142.1566,32.5270,141.7637,141.8244,141.7403,0.0722,0.00,0.00,0.00,0.00,0.00,0.00,0.00,0.00
NVDA,1749245398560,141.7200,141.7200,141.7800,300,500,131669,141.7800,141.7800,141.7800,141.7800,0.0600,142.1566,32.5270,141.7637,141.8244,141.7403,0.0722,0.00,0.00,0.00,0.00,0.00,0.00,0.00,0.00
NVDA,1749245399121,141.7500,141.7200,141.7800,300,500,131670,141.7800,141.7800,141.7800,141.7800,0.0600,142.1566,32.5270,141.7637,141.8244,141.7403,0.0722,0.00,0.00,0.00,0.00,0.00,0.00,0.00,0.00
NVDA,1749245399321,141.7500,141.7200,141.7800,300,500,131670,141.7800,141.7800,141.7800,141.7800,0.0600,142.1566,32.5270,141.7637,141.8244,141.7403,0.0722,0.00,0.00,0.00,0.00,0.00,0.00,0.00,0.00
NVDA,1749245399568,141.7500,141.7200,141.7800,300,500,131670,141.7800,141.7800,141.7800,141.7800,0.0600,142.1566,32.5270,141.7637,141.8244,141.7403,0.0722,0.00,0.00,0.00,0.00,0.00,0.00,0.00,0.00
NVDA,1749245399830,141.7500,141.7200,141.7700,300,100,131670,141.7800,141.7800,141.7800,141.7800,0.0500,142.1566,32.5270,141.7637,141.8244,141.7403,0.0722,0.00,0.00,0.00,0.00,0.00,0.00,0.00,0.00
NVDA,1749245399830,141.7500,141.7200,141.7800,300,500,131670,141.7800,141.7800,141.7800,141.7800,0.0600,142.1566,32.5270,141.7637,141.8244,141.7403,0.0722,0.00,0.00,0.00,0.00,0.00,0.00,0.00,0.00
NVDA,1749245399830,141.7600,141.7200,141.7800,300,500,131688,141.7800,141.7800,141.7800,141.7800,0.0600,142.1566,32.5270,141.7637,141.8244,141.7403,0.0722,0.00,0.00,0.00,0.00,0.00,0.00,0.00,0.00
NVDA,1749245399830,141.7500,141.7200,141.7800,300,500,131720,141.7800,141.7800,141.7800,141.7800,0.0600,142.1566,32.5270,141.7637,141.8244,141.7403,0.0722,0.00,0.00,0.00,0.00,0.00,0.00,0.00,0.00
NVDA,1749245400065,141.7500,141.7200,141.7800,300,500,131725,141.7800,141.7800,141.7800,141.7800,0.0600,142.1566,34.1589,141.7610,141.8189,141.7424,0.0763,0.00,0.00,0.00,0.00,0.00,0.00,0.00,0.00
NVDA,1749245400632,141.7800,141.7200,141.7800,300,500,132225,141.7800,141.7800,141.7800,141.7800,0.0600,142.1566,34.1589,141.7610,141.8189,141.7424,0.0763,0.00,0.00,0.00,0.00,0.00,0.00,0.00,0.00
NVDA,1749245400632,141.7300,141.7200,141.7800,300,500,132226,141.7800,141.7800,141.7800,141.7800,0.0600,142.1566,34.1589,141.7610,141.8189,141.7424,0.0763,0.00,0.00,0.00,0.00,0.00,0.00,0.00,0.00
NVDA,1749245401029,141.7300,141.7200,141.7800,300,500,132226,141.7800,141.7800,141.7800,141.7800,0.0600,142.1566,34.1589,141.7610,141.8189,141.7424,0.0763,0.00,0.00,0.00,0.00,0.00,0.00,0.00,0.00
NVDA,1749245401566,141.7300,141.7200,141.7800,300,500,132226,141.7800,141.7800,141.7800,141.7800,0.0600,142.1566,34.1589,141.7610,141.8189,141.7424,0.0763,0.00,0.00,0.00,0.00,0.00,0.00,0.00,0.00
NVDA,1749245402308,141.7300,141.7000,141.7800,1400,500,132226,141.7800,141.7800,141.7800,141.7800,0.0800,142.1566,34.1589,141.7610,141.8189,141.7424,0.0763,0.00,0.00,0.00,0.00,0.00,0.00,0.00,0.00
NVDA,1749245402308,141.7200,141.7000,141.7800,1400,500,132666,141.7800,141.7800,141.7800,141.7800,0.0800,142.1566,34.1589,141.7610,141.8189,141.7424,0.0763,0.00,0.00,0.00,0.00,0.00,0.00,0.00,0.00
NVDA,1749245402308,141.7200,141.7100,141.7800,100,500,132726,141.7800,141.7800,141.7800,141.7800,0.0700,142.1566,34.1589,141.7610,141.8189,141.7424,0.0763,0.00,0.00,0.00,0.00,0.00,0.00,0.00,0.00
NVDA,1749245403815,141.7200,141.7100,141.7800,100,500,132726,141.7800,141.7800,141.7800,141.7800,0.0700,142.1566,34.1589,141.7610,141.8189,141.7424,0.0763,0.00,0.00,0.00,0.00,0.00,0.00,0.00,0.00
NVDA,1749245404480,141.7200,141.7100,141.7700,100,100,132726,141.7800,141.7800,141.7800,141.7800,0.0600,142.1566,34.1589,141.7610,141.8189,141.7424,0.0763,0.00,0.00,0.00,0.00,0.00,0.00,0.00,0.00
NVDA,1749245404480,141.7200,141.7100,141.7800,100,500,132726,141.7800,141.7800,141.7800,141.7800,0.0700,142.1566,34.1589,141.7610,141.8189,141.7424,0.0763,0.00,0.00,0.00,0.00,0.00,0.00,0.00,0.00
NVDA,1749245404480,141.7300,141.7100,141.7800,100,500,132776,141.7800,141.7800,141.7800,141.7800,0.0700,142.1566,34.1589,141.7610,141.8189,141.7424,0.0763,0.00,0.00,0.00,0.00,0.00,0.00,0.00,0.00
NVDA,1749245404480,141.7200,141.7100,141.7800,100,500,132786,141.7800,141.7800,141.7800,141.7800,0.0700,142.1566,34.1589,141.7610,141.8189,141.7424,0.0763,0.00,0.00,0.00,0.00,0.00,0.00,0.00,0.00
NVDA,1749245404568,141.7200,141.7100,141.7800,100,500,132786,141.7800,141.7800,141.7800,141.7800,0.0700,142.1566,34.1589,141.7610,141.8189,141.7424,0.0763,0.00,0.00,0.00,0.00,0.00,0.00,0.00,0.00
NVDA,1749245405014,141.7200,141.7000,141.7800,2000,500,132786,141.7800,141.7800,141.7800,141.7800,0.0800,142.1566,34.1589,141.7610,141.8189,141.7424,0.0763,0.00,0.00,0.00,0.00,0.00,0.00,0.00,0.00
NVDA,1749245405014,141.7800,141.7000,141.7800,2000,500,132787,141.7800,141.7800,141.7800,141.7800,0.0800,142.1566,34.1589,141.7610,141.8189,141.7424,0.0763,0.00,0.00,0.00,0.00,0.00,0.00,0.00,0.00
NVDA,1749245406025,141.7800,141.7000,141.7800,2000,500,132787,141.7300,141.7300,141.7200,141.7200,0.0800,142.1566,34.1589,141.7610,141.8189,141.7424,0.0763,0.00,0.00,0.00,0.00,0.00,0.00,0.00,0.00
NVDA,1749245407327,141.7800,141.7000,141.7800,2000,500,132787,141.7300,141.7300,141.7200,141.7200,0.0800,142.1566,34.1589,141.7610,141.8189,141.7424,0.0763,0.00,0.00,0.00,0.00,0.00,0.00,0.00,0.00
NVDA,1749245407327,141.7800,141.7000,141.7300,2000,2000,132787,141.7300,141.7300,141.7200,141.7200,0.0300,142.1566,34.1589,141.7610,141.8189,141.7424,0.0763,0.00,0.00,0.00,0.00,0.00,0.00,0.00,0.00
NVDA,1749245407327,141.7800,141.7000,141.7300,2100,2000,132787,141.7300,141.7300,141.7200,141.7200,0.0300,142.1566,34.1589,141.7610,141.8189,141.7424,0.0763,0.00,0.00,0.00,0.00,0.00,0.00,0.00,0.00
NVDA,1749245407969,141.7000,141.7000,141.7300,2100,2000,132796,141.7300,141.7300,141.7200,141.7200,0.0300,142.1566,34.1589,141.7610,141.8189,141.7424,0.0763,0.00,0.00,0.00,0.00,0.00,0.00,0.00,0.00
NVDA,1749245408327,141.7000,141.7000,141.7300,2100,2000,132796,141.7300,141.7300,141.7200,141.7200,0.0300,142.1566,34.1589,141.7610,141.8189,141.7424,0.0763,0.00,0.00,0.00,0.00,0.00,0.00,0.00,0.00
NVDA,1749245408577,141.7000,141.7000,141.7300,2100,2000,132796,141.7300,141.7300,141.7200,141.7200,0.0300,142.1566,34.1589,141.7610,141.8189,141.7424,0.0763,0.00,0.00,0.00,0.00,0.00,0.00,0.00,0.00
NVDA,1749245408912,141.7200,141.7000,141.7300,2100,2000,132858,141.7300,141.7300,141.7200,141.7200,0.0300,142.1566,34.1589,141.7610,141.8189,141.7424,0.0763,0.00,0.00,0.00,0.00,0.00,0.00,0.00,0.00
NVDA,1749245408912,141.7000,141.7000,141.7300,2100,2000,132921,141.7300,141.7300,141.7200,141.7200,0.0300,142.1566,34.1589,141.7610,141.8189,141.7424,0.0763,0.00,0.00,0.00,0.00,0.00,0.00,0.00,0.00
NVDA,1749245408912,141.7200,141.7000,141.7300,2100,2000,133451,141.7300,141.7300,141.7200,141.7200,0.0300,142.1566,34.1589,141.7610,141.8189,141.7424,0.0763,0.00,0.00,0.00,0.00,0.00,0.00,0.00,0.00
NVDA,1749245408912,141.7100,141.7000,141.7300,2100,2000,133639,141.7300,141.7300,141.7200,141.7200,0.0300,142.1566,34.1589,141.7610,141.8189,141.7424,0.0763,0.00,0.00,0.00,0.00,0.00,0.00,0.00,0.00
NVDA,1749245408912,141.7300,141.7000,141.7300,2100,2000,134221,141.7300,141.7300,141.7200,141.7200,0.0300,142.1566,34.1589,141.7610,141.8189,141.7424,0.0763,0.00,0.00,0.00,0.00,0.00,0.00,0.00,0.00
NVDA,1749245408912,141.7300,141.7000,141.7300,1500,2000,134221,141.7300,141.7300,141.7200,141.7200,0.0300,142.1566,34.1589,141.7610,141.8189,141.7424,0.0763,0.00,0.00,0.00,0.00,0.00,0.00,0.00,0.00
NVDA,1749245408912,141.7300,141.7000,141.7200,1500,100,134221,141.7300,141.7300,141.7200,141.7200,0.0200,142.1566,34.1589,141.7610,141.8189,141.7424,0.0763,0.00,0.00,0.00,0.00,0.00,0.00,0.00,0.00
NVDA,1749245408912,141.7300,141.7000,141.7200,1500,200,134221,141.7300,141.7300,141.7200,141.7200,0.0200,142.1566,34.1589,141.7610,141.8189,141.7424,0.0763,0.00,0.00,0.00,0.00,0.00,0.00,0.00,0.00
NVDA,1749245408912,141.7300,141.7000,141.7200,1500,400,134221,141.7300,141.7300,141.7200,141.7200,0.0200,142.1566,34.1589,141.7610,141.8189,141.7424,0.0763,0.00,0.00,0.00,0.00,0.00,0.00,0.00,0.00
NVDA,1749245408912,141.7300,141.7000,141.7200,1500,200,134221,141.7300,141.7300,141.7200,141.7200,0.0200,142.1566,34.1589,141.7610,141.8189,141.7424,0.0763,0.00,0.00,0.00,0.00,0.00,0.00,0.00,0.00
NVDA,1749245408912,141.7300,141.7000,141.7200,1500,100,134221,141.7300,141.7300,141.7200,141.7200,0.0200,142.1566,34.1589,141.7610,141.8189,141.7424,0.0763,0.00,0.00,0.00,0.00,0.00,0.00,0.00,0.00
NVDA,1749245408912,141.7300,141.7000,141.7300,1500,2100,134221,141.7300,141.7300,141.7200,141.7200,0.0300,142.1566,34.1589,141.7610,141.8189,141.7424,0.0763,0.00,0.00,0.00,0.00,0.00,0.00,0.00,0.00
NVDA,1749245408912,141.7300,141.7000,141.7300,1500,2000,134221,141.7300,141.7300,141.7200,141.7200,0.0300,142.1566,34.1589,141.7610,141.8189,141.7424,0.0763,0.00,0.00,0.00,0.00,0.00,0.00,0.00,0.00
NVDA,1749245408912,141.7300,141.7000,141.7300,1500,1500,134221,141.7300,141.7300,141.7200,141.7200,0.0300,142.1566,34.1589,141.7610,141.8189,141.7424,0.0763,0.00,0.00,0.00,0.00,0.00,0.00,0.00,0.00
NVDA,1749245411028,141.7300,141.7000,141.7300,1500,1500,134221,141.7000,141.7300,141.7000,141.7300,0.0300,142.1566,34.1589,141.7610,141.8189,141.7424,0.0763,0.00,0.00,0.00,0.00,0.00,0.00,0.00,0.00
NVDA,1749245411829,141.7300,141.7000,141.7300,1500,1500,134221,141.7000,141.7300,141.7000,141.7300,0.0300,142.1566,34.1589,141.7610,141.8189,141.7424,0.0763,0.00,0.00,0.00,0.00,0.00,0.00,0.00,0.00
NVDA,1749245412409,141.7300,141.7000,141.7300,1500,1500,134222,141.7000,141.7300,141.7000,141.7300,0.0300,142.1566,34.1589,141.7610,141.8189,141.7424,0.0763,0.00,0.00,0.00,0.00,0.00,0.00,0.00,0.00
NVDA,1749245412409,141.7100,141.7000,141.7300,1500,1500,134223,141.7000,141.7300,141.7000,141.7300,0.0300,142.1566,34.1589,141.7610,141.8189,141.7424,0.0763,0.00,0.00,0.00,0.00,0.00,0.00,0.00,0.00
NVDA,1749245413587,141.7100,141.7000,141.7300,1500,1500,134223,141.7000,141.7300,141.7000,141.7300,0.0300,142.1566,34.1589,141.7610,141.8189,141.7424,0.0763,0.00,0.00,0.00,0.00,0.00,0.00,0.00,0.00
NVDA,1749245414009,141.7100,141.7000,141.7300,1500,1500,134225,141.7000,141.7300,141.7000,141.7300,0.0300,142.1566,34.1589,141.7610,141.8189,141.7424,0.0763,0.00,0.00,0.00,0.00,0.00,0.00,0.00,0.00
NVDA,1749245416027,141.7100,141.7000,141.7300,1500,1500,134225,141.7300,141.7300,141.7300,141.7300,0.0300,142.1566,34.1589,141.7610,141.8189,141.7424,0.0763,0.00,0.00,0.00,0.00,0.00,0.00,0.00,0.00
NVDA,1749245416135,141.7100,141.7000,141.7300,1500,1500,134225,141.7300,141.7300,141.7300,141.7300,0.0300,142.1566,34.1589,141.7610,141.8189,141.7424,0.0763,0.00,0.00,0.00,0.00,0.00,0.00,0.00,0.00
NVDA,1749245416642,141.7000,141.7000,141.7300,1500,1500,134231,141.7300,141.7300,141.7300,141.7300,0.0300,142.1566,34.1589,141.7610,141.8189,141.7424,0.0763,0.00,0.00,0.00,0.00,0.00,0.00,0.00,0.00
NVDA,1749245417595,141.7000,141.7000,141.7300,1500,1500,134976,141.7300,141.7300,141.7300,141.7300,0.0300,142.1566,34.1589,141.7610,141.8189,141.7424,0.0763,0.00,0.00,0.00,0.00,0.00,0.00,0.00,0.00
NVDA,1749245418159,141.7000,141.7000,141.7300,1500,1400,134976,141.7300,141.7300,141.7300,141.7300,0.0300,142.1566,34.1589,141.7610,141.8189,141.7424,0.0763,0.00,0.00,0.00,0.00,0.00,0.00,0.00,0.00
NVDA,1749245418159,141.7300,141.7000,141.7300,1500,1400,135076,141.7300,141.7300,141.7300,141.7300,0.0300,142.1566,34.1589,141.7610,141.8189,141.7424,0.0763,0.00,0.00,0.00,0.00,0.00,0.00,0.00,0.00
NVDA,1749245419595,141.7300,141.7000,141.7300,1500,1400,135076,141.7300,141.7300,141.7300,141.7300,0.0300,142.1566,34.1589,141.7610,141.8189,141.7424,0.0763,0.00,0.00,0.00,0.00,0.00,0.00,0.00,0.00
NVDA,1749245419683,141.7300,141.7000,141.7300,1500,1400,135076,141.7300,141.7300,141.7300,141.7300,0.0300,142.1566,34.1589,141.7610,141.8189,141.7424,0.0763,0.00,0.00,0.00,0.00,0.00,0.00,0.00,0.00
NVDA,1749245420084,141.7300,141.7000,141.7300,1500,1400,135577,141.7300,141.7300,141.7300,141.7300,0.0300,142.1566,34.1589,141.7610,141.8189,141.7424,0.0763,0.00,0.00,0.00,0.00,0.00,0.00,0.00,0.00
NVDA,1749245420084,141.7300,141.7000,141.7300,1700,900,135577,141.7300,141.7300,141.7300,141.7300,0.0300,142.1566,34.1589,141.7610,141.8189,141.7424,0.0763,0.00,0.00,0.00,0.00,0.00,0.00,0.00,0.00
NVDA,1749245420585,141.7300,141.7000,141.7300,1700,900,135577,141.7300,141.7300,141.7300,141.7300,0.0300,142.1566,34.1589,141.7610,141.8189,141.7424,0.0763,0.00,0.00,0.00,0.00,0.00,0.00,0.00,0.00
NVDA,1749245420947,141.7300,141.7100,141.7300,100,900,135577,141.7300,141.7300,141.7300,141.7300,0.0200,142.1566,34.1589,141.7610,141.8189,141.7424,0.0763,0.00,0.00,0.00,0.00,0.00,0.00,0.00,0.00
NVDA,1749245420947,141.7100,141.7100,141.7300,100,900,135597,141.7300,141.7300,141.7300,141.7300,0.0200,142.1566,34.1589,141.7610,141.8189,141.7424,0.0763,0.00,0.00,0.00,0.00,0.00,0.00,0.00,0.00
NVDA,1749245421030,141.7100,141.7100,141.7300,100,900,135597,141.7000,141.7300,141.7000,141.7300,0.0200,142.1566,34.1589,141.7610,141.8189,141.7424,0.0763,0.00,0.00,0.00,0.00,0.00,0.00,0.00,0.00
NVDA,1749245421593,141.7100,141.7100,141.7300,100,900,135597,141.7000,141.7300,141.7000,141.7300,0.0200,142.1566,34.1589,141.7610,141.8189,141.7424,0.0763,0.00,0.00,0.00,0.00,0.00,0.00,0.00,0.00
NVDA,1749245421837,141.7100,141.7100,141.7300,100,900,135597,141.7000,141.7300,141.7000,141.7300,0.0200,142.1566,34.1589,141.7610,141.8189,141.7424,0.0763,0.00,0.00,0.00,0.00,0.00,0.00,0.00,0.00
NVDA,1749245422015,141.7100,141.7100,141.7300,100,900,135627,141.7000,141.7300,141.7000,141.7300,0.0200,142.1566,34.1589,141.7610,141.8189,141.7424,0.0763,0.00,0.00,0.00,0.00,0.00,0.00,0.00,0.00
NVDA,1749245422015,141.7200,141.7100,141.7300,100,900,135628,141.7000,141.7300,141.7000,141.7300,0.0200,142.1566,34.1589,141.7610,141.8189,141.7424,0.0763,0.00,0.00,0.00,0.00,0.00,0.00,0.00,0.00
NVDA,1749245423594,141.7200,141.7100,141.7300,100,900,135628,141.7000,141.7300,141.7000,141.7300,0.0200,142.1566,34.1589,141.7610,141.8189,141.7424,0.0763,0.00,0.00,0.00,0.00,0.00,0.00,0.00,0.00
NVDA,1749245423950,141.7300,141.7100,141.7300,100,900,136528,141.7000,141.7300,141.7000,141.7300,0.0200,142.1566,34.1589,141.7610,141.8189,141.7424,0.0763,0.00,0.00,0.00,0.00,0.00,0.00,0.00,0.00
NVDA,1749245423950,141.7600,141.7100,141.7300,100,900,136707,141.7000,141.7300,141.7000,141.7300,0.0200,142.1566,34.1589,141.7610,141.8189,141.7424,0.0763,0.00,0.00,0.00,0.00,0.00,0.00,0.00,0.00
NVDA,1749245423950,141.7600,141.7100,141.7600,100,200,136707,141.7000,141.7300,141.7000,141.7300,0.0500,142.1566,34.1589,141.7610,141.8189,141.7424,0.0763,0.00,0.00,0.00,0.00,0.00,0.00,0.00,0.00
NVDA,1749245423950,141.7600,141.7100,141.7600,100,100,136707,141.7000,141.7300,141.7000,141.7300,0.0500,142.1566,34.1589,141.7610,141.8189,141.7424,0.0763,0.00,0.00,0.00,0.00,0.00,0.00,0.00,0.00
NVDA,1749245426021,141.7600,141.7100,141.7600,100,100,136707,141.7300,141.7600,141.7300,141.7600,0.0500,142.1566,34.1589,141.7610,141.8189,141.7424,0.0763,0.00,0.00,0.00,0.00,0.00,0.00,0.00,0.00
NVDA,1749245427595,141.7600,141.7100,141.7600,100,100,136707,141.7300,141.7600,141.7300,141.7600,0.0500,142.1566,34.1589,141.7610,141.8189,141.7424,0.0763,0.00,0.00,0.00,0.00,0.00,0.00,0.00,0.00
NVDA,1749245428107,141.7600,141.7100,141.7400,100,100,136707,141.7300,141.7600,141.7300,141.7600,0.0300,142.1566,34.1589,141.7610,141.8189,141.7424,0.0763,0.00,0.00,0.00,0.00,0.00,0.00,0.00,0.00
NVDA,1749245428107,141.7100,141.7100,141.7400,100,100,136728,141.7300,141.7600,141.7300,141.7600,0.0300,142.1566,34.1589,141.7610,141.8189,141.7424,0.0763,0.00,0.00,0.00,0.00,0.00,0.00,0.00,0.00
NVDA,1749245428842,141.7100,141.7100,141.7300,100,100,136728,141.7300,141.7600,141.7300,141.7600,0.0200,142.1566,34.1589,141.7610,141.8189,141.7424,0.0763,0.00,0.00,0.00,0.00,0.00,0.00,0.00,0.00
NVDA,1749245429103,141.7100,141.7100,141.7300,100,100,136728,141.7300,141.7600,141.7300,141.7600,0.0200,142.1566,34.1589,141.7610,141.8189,141.7424,0.0763,0.00,0.00,0.00,0.00,0.00,0.00,0.00,0.00
NVDA,1749245429732,141.7100,141.7200,141.7800,100,300,136728,141.7300,141.7600,141.7300,141.7600,0.0600,142.1566,34.1589,141.7610,141.8189,141.7424,0.0763,0.00,0.00,0.00,0.00,0.00,0.00,0.00,0.00
NVDA,1749245429732,141.7300,141.7200,141.7800,100,300,136736,141.7300,141.7600,141.7300,141.7600,0.0600,142.1566,34.1589,141.7610,141.8189,141.7424,0.0763,0.00,0.00,0.00,0.00,0.00,0.00,0.00,0.00
NVDA,1749245429850,141.7300,141.7200,141.7800,100,300,136836,141.7300,141.7600,141.7300,141.7600,0.0600,142.1566,34.1589,141.7610,141.8189,141.7424,0.0763,0.00,0.00,0.00,0.00,0.00,0.00,0.00,0.00
NVDA,1749245430269,141.7300,141.7000,141.7800,1700,300,136836,141.7300,141.7600,141.7300,141.7600,0.0800,142.1566,34.1589,141.7610,141.8189,141.7424,0.0763,0.00,0.00,0.00,0.00,0.00,0.00,0.00,0.00
NVDA,1749245430269,141.7800,141.7000,141.7800,1700,300,136986,141.7300,141.7600,141.7300,141.7600,0.0800,142.1566,34.1589,141.7610,141.8189,141.7424,0.0763,0.00,0.00,0.00,0.00,0.00,0.00,0.00,0.00
NVDA,1749245430352,141.7800,141.7000,141.7800,1700,300,136986,141.7300,141.7600,141.7300,141.7600,0.0800,142.1566,34.1589,141.7610,141.8189,141.7424,0.0763,0.00,0.00,0.00,0.00,0.00,0.00,0.00,0.00
NVDA,1749245431024,141.7800,141.7000,141.7800,1700,300,136986,141.7300,141.7800,141.7300,141.7800,0.0800,142.1566,34.1589,141.7610,141.8189,141.7424,0.0763,0.00,0.00,0.00,0.00,0.00,0.00,0.00,0.00
NVDA,1749245431106,141.7200,141.7000,141.7800,1700,300,137006,141.7300,141.7800,141.7300,141.7800,0.0800,142.1566,34.1589,141.7610,141.8189,141.7424,0.0763,0.00,0.00,0.00,0.00,0.00,0.00,0.00,0.00
NVDA,1749245432331,141.7200,141.7100,141.7800,200,300,137006,141.7300,141.7800,141.7300,141.7800,0.0700,142.1566,34.1589,141.7610,141.8189,141.7424,0.0763,0.00,0.00,0.00,0.00,0.00,0.00,0.00,0.00
NVDA,1749245433355,141.7200,141.7100,141.7800,200,300,137006,141.7300,141.7800,141.7300,141.7800,0.0700,142.1566,34.1589,141.7610,141.8189,141.7424,0.0763,0.00,0.00,0.00,0.00,0.00,0.00,0.00,0.00
NVDA,1749245433917,141.7300,141.7100,141.7800,200,300,137020,141.7300,141.7800,141.7300,141.7800,0.0700,142.1566,34.1589,141.7610,141.8189,141.7424,0.0763,0.00,0.00,0.00,0.00,0.00,0.00,0.00,0.00
NVDA,1749245436025,141.7300,141.7100,141.7800,200,300,137021,141.7700,141.7700,141.7700,141.7700,0.0700,142.1566,34.1589,141.7610,141.8189,141.7424,0.0763,0.00,0.00,0.00,0.00,0.00,0.00,0.00,0.00
NVDA,1749245436535,141.7300,141.7100,141.7800,300,300,137021,141.7700,141.7700,141.7700,141.7700,0.0700,142.1566,34.1589,141.7610,141.8189,141.7424,0.0763,0.00,0.00,0.00,0.00,0.00,0.00,0.00,0.00
NVDA,1749245437860,141.7300,141.7100,141.7800,300,300,137021,141.7700,141.7700,141.7700,141.7700,0.0700,142.1566,34.1589,141.7610,141.8189,141.7424,0.0763,0.00,0.00,0.00,0.00,0.00,0.00,0.00,0.00
NVDA,1749245438299,141.7300,141.7100,141.7800,700,300,137021,141.7700,141.7700,141.7700,141.7700,0.0700,142.1566,34.1589,141.7610,141.8189,141.7424,0.0763,0.00,0.00,0.00,0.00,0.00,0.00,0.00,0.00
NVDA,1749245438299,141.7100,141.7100,141.7800,700,300,137029,141.7700,141.7700,141.7700,141.7700,0.0700,142.1566,34.1589,141.7610,141.8189,141.7424,0.0763,0.00,0.00,0.00,0.00,0.00,0.00,0.00,0.00
NVDA,1749245440367,141.7100,141.7100,141.7800,700,300,137029,141.7700,141.7700,141.7700,141.7700,0.0700,142.1566,34.1589,141.7610,141.8189,141.7424,0.0763,0.00,0.00,0.00,0.00,0.00,0.00,0.00,0.00
NVDA,1749245440921,141.7100,141.7100,141.7800,600,300,137029,141.7700,141.7700,141.7700,141.7700,0.0700,142.1566,34.1589,141.7610,141.8189,141.7424,0.0763,0.00,0.00,0.00,0.00,0.00,0.00,0.00,0.00
NVDA,1749245440921,141.7100,141.7100,141.7500,600,100,137029,141.7700,141.7700,141.7700,141.7700,0.0400,142.1566,34.1589,141.7610,141.8189,141.7424,0.0763,0.00,0.00,0.00,0.00,0.00,0.00,0.00,0.00
NVDA,1749245440921,141.7100,141.7100,141.7500,600,200,137029,141.7700,141.7700,141.7700,141.7700,0.0400,142.1566,34.1589,141.7610,141.8189,141.7424,0.0763,0.00,0.00,0.00,0.00,0.00,0.00,0.00,0.00
NVDA,1749245440921,141.7100,141.7100,141.7500,600,100,137029,141.7700,141.7700,141.7700,141.7700,0.0400,142.1566,34.1589,141.7610,141.8189,141.7424,0.0763,0.00,0.00,0.00,0.00,0.00,0.00,0.00,0.00
NVDA,1749245440921,141.7100,141.7100,141.7800,600,300,137029,141.7700,141.7700,141.7700,141.7700,0.0700,142.1566,34.1589,141.7610,141.8189,141.7424,0.0763,0.00,0.00,0.00,0.00,0.00,0.00,0.00,0.00
NVDA,1749245440921,141.7300,141.7100,141.7800,600,300,137064,141.7700,141.7700,141.7700,141.7700,0.0700,142.1566,34.1589,141.7610,141.8189,141.7424,0.0763,0.00,0.00,0.00,0.00,0.00,0.00,0.00,0.00
NVDA,1749245440921,141.7300,141.7100,141.7700,600,100,137129,141.7700,141.7700,141.7700,141.7700,0.0600,142.1566,34.1589,141.7610,141.8189,141.7424,0.0763,0.00,0.00,0.00,0.00,0.00,0.00,0.00,0.00
NVDA,1749245441018,141.7300,141.7100,141.7700,600,100,137129,141.7700,141.7700,141.7700,141.7700,0.0600,142.1566,34.1589,141.7610,141.8189,141.7424,0.0763,0.00,0.00,0.00,0.00,0.00,0.00,0.00,0.00
NVDA,1749245442618,141.7300,141.7100,141.7700,600,100,137129,141.7700,141.7700,141.7700,141.7700,0.0600,142.1566,34.1589,141.7610,141.8189,141.7424,0.0763,0.00,0.00,0.00,0.00,0.00,0.00,0.00,0.00
NVDA,1749245442896,141.7300,141.7100,141.7700,1200,100,137129,141.7700,141.7700,141.7700,141.7700,0.0600,142.1566,34.1589,141.7610,141.8189,141.7424,0.0763,0.00,0.00,0.00,0.00,0.00,0.00,0.00,0.00
NVDA,1749245442896,141.7400,141.7100,141.7700,1200,100,137130,141.7700,141.7700,141.7700,141.7700,0.0600,142.1566,34.1589,141.7610,141.8189,141.7424,0.0763,0.00,0.00,0.00,0.00,0.00,0.00,0.00,0.00
NVDA,1749245444123,141.7400,141.7100,141.7700,1200,100,137130,141.7700,141.7700,141.7700,141.7700,0.0600,142.1566,34.1589,141.7610,141.8189,141.7424,0.0763,0.00,0.00,0.00,0.00,0.00,0.00,0.00,0.00
NVDA,1749245444581,141.7600,141.7100,141.7700,1200,100,137132,141.7700,141.7700,141.7700,141.7700,0.0600,142.1566,34.1589,141.7610,141.8189,141.7424,0.0763,0.00,0.00,0.00,0.00,0.00,0.00,0.00,0.00
NVDA,1749245445622,141.7600,141.7100,141.7700,1200,100,137132,141.7700,141.7700,141.7700,141.7700,0.0600,142.1566,34.1589,141.7610,141.8189,141.7424,0.0763,0.00,0.00,0.00,0.00,0.00,0.00,0.00,0.00
NVDA,1749245445918,141.7100,141.7100,141.7700,1200,100,137134,141.7700,141.7700,141.7700,141.7700,0.0600,142.1566,34.1589,141.7610,141.8189,141.7424,0.0763,0.00,0.00,0.00,0.00,0.00,0.00,0.00,0.00
NVDA,1749245446020,141.7100,141.7100,141.7700,1200,100,137134,141.7700,141.7700,141.7700,141.7700,0.0600,142.1566,34.1589,141.7610,141.8189,141.7424,0.0763,0.00,0.00,0.00,0.00,0.00,0.00,0.00,0.00
NVDA,1749245446195,141.7100,141.7100,141.7700,1200,100,137134,141.7700,141.7700,141.7700,141.7700,0.0600,142.1566,34.1589,141.7610,141.8189,141.7424,0.0763,0.00,0.00,0.00,0.00,0.00,0.00,0.00,0.00
NVDA,1749245446703,141.7500,141.7100,141.7700,1200,100,137135,141.7700,141.7700,141.7700,141.7700,0.0600,142.1566,34.1589,141.7610,141.8189,141.7424,0.0763,0.00,0.00,0.00,0.00,0.00,0.00,0.00,0.00
NVDA,1749245446703,141.7600,141.7100,141.7700,1200,100,137164,141.7700,141.7700,141.7700,141.7700,0.0600,142.1566,34.1589,141.7610,141.8189,141.7424,0.0763,0.00,0.00,0.00,0.00,0.00,0.00,0.00,0.00
NVDA,1749245446703,141.7700,141.7100,141.7700,1200,100,137165,141.7700,141.7700,141.7700,141.7700,0.0600,142.1566,34.1589,141.7610,141.8189,141.7424,0.0763,0.00,0.00,0.00,0.00,0.00,0.00,0.00,0.00
NVDA,1749245446703,141.7700,141.7100,141.7700,1400,200,137165,141.7700,141.7700,141.7700,141.7700,0.0600,142.1566,34.1589,141.7610,141.8189,141.7424,0.0763,0.00,0.00,0.00,0.00,0.00,0.00,0.00,0.00
NVDA,1749245446703,141.7700,141.7100,141.7700,1500,200,137165,141.7700,141.7700,141.7700,141.7700,0.0600,142.1566,34.1589,141.7610,141.8189,141.7424,0.0763,0.00,0.00,0.00,0.00,0.00,0.00,0.00,0.00
NVDA,1749245446703,141.7700,141.7100,141.7700,1600,200,137165,141.7700,141.7700,141.7700,141.7700,0.0600,142.1566,34.1589,141.7610,141.8189,141.7424,0.0763,0.00,0.00,0.00,0.00,0.00,0.00,0.00,0.00
NVDA,1749245446703,141.7700,141.7100,141.7700,1400,100,137165,141.7700,141.7700,141.7700,141.7700,0.0600,142.1566,34.1589,141.7610,141.8189,141.7424,0.0763,0.00,0.00,0.00,0.00,0.00,0.00,0.00,0.00
NVDA,1749245446703,141.7700,141.7100,141.7700,1300,100,137165,141.7700,141.7700,141.7700,141.7700,0.0600,142.1566,34.1589,141.7610,141.8189,141.7424,0.0763,0.00,0.00,0.00,0.00,0.00,0.00,0.00,0.00
NVDA,1749245446703,141.7700,141.7100,141.7700,1200,100,137165,141.7700,141.7700,141.7700,141.7700,0.0600,142.1566,34.1589,141.7610,141.8189,141.7424,0.0763,0.00,0.00,0.00,0.00,0.00,0.00,0.00,0.00
NVDA,1749245448133,141.7700,141.7100,141.7700,1200,100,137165,141.7700,141.7700,141.7700,141.7700,0.0600,142.1566,34.1589,141.7610,141.8189,141.7424,0.0763,0.00,0.00,0.00,0.00,0.00,0.00,0.00,0.00
NVDA,1749245448625,141.7100,141.7100,141.7700,1200,100,137234,141.7700,141.7700,141.7700,141.7700,0.0600,142.1566,34.1589,141.7610,141.8189,141.7424,0.0763,0.00,0.00,0.00,0.00,0.00,0.00,0.00,0.00
NVDA,1749245449130,141.7100,141.7100,141.7700,1200,100,137234,141.7700,141.7700,141.7700,141.7700,0.0600,142.1566,34.1589,141.7610,141.8189,141.7424,0.0763,0.00,0.00,0.00,0.00,0.00,0.00,0.00,0.00
NVDA,1749245449516,141.7100,141.7100,141.7700,1300,100,137234,141.7700,141.7700,141.7700,141.7700,0.0600,142.1566,34.1589,141.7610,141.8189,141.7424,0.0763,0.00,0.00,0.00,0.00,0.00,0.00,0.00,0.00
NVDA,1749245449516,141.7400,141.7100,141.7700,1300,100,137235,141.7700,141.7700,141.7700,141.7700,0.0600,142.1566,34.1589,141.7610,141.8189,141.7424,0.0763,0.00,0.00,0.00,0.00,0.00,0.00,0.00,0.00
NVDA,1749245451028,141.7400,141.7100,141.7700,1300,100,137235,141.7700,141.7700,141.7700,141.7700,0.0600,142.1566,34.1589,141.7610,141.8189,141.7424,0.0763,0.00,0.00,0.00,0.00,0.00,0.00,0.00,0.00
NVDA,1749245451736,141.7400,141.7100,141.7600,1300,100,137235,141.7700,141.7700,141.7700,141.7700,0.0500,142.1566,34.1589,141.7610,141.8189,141.7424,0.0763,0.00,0.00,0.00,0.00,0.00,0.00,0.00,0.00
NVDA,1749245451736,141.7400,141.7100,141.7600,1100,100,137235,141.7700,141.7700,141.7700,141.7700,0.0500,142.1566,34.1589,141.7610,141.8189,141.7424,0.0763,0.00,0.00,0.00,0.00,0.00,0.00,0.00,0.00
NVDA,1749245453185,141.7400,141.7100,141.7600,1200,100,137235,141.7700,141.7700,141.7700,141.7700,0.0500,142.1566,34.1589,141.7610,141.8189,141.7424,0.0763,0.00,0.00,0.00,0.00,0.00,0.00,0.00,0.00
NVDA,1749245455131,141.7400,141.7100,141.7600,1200,100,137235,141.7700,141.7700,141.7700,141.7700,0.0500,142.1566,34.1589,141.7610,141.8189,141.7424,0.0763,0.00,0.00,0.00,0.00,0.00,0.00,0.00,0.00
NVDA,1749245455377,141.7400,141.7100,141.7600,1200,100,137235,141.7700,141.7700,141.7700,141.7700,0.0500,142.1566,34.1589,141.7610,141.8189,141.7424,0.0763,0.00,0.00,0.00,0.00,0.00,0.00,0.00,0.00
NVDA,1749245455798,141.7100,141.7100,141.7600,1200,100,137252,141.7700,141.7700,141.7700,141.7700,0.0500,142.1566,34.1589,141.7610,141.8189,141.7424,0.0763,0.00,0.00,0.00,0.00,0.00,0.00,0.00,0.00
NVDA,1749245455798,141.7400,141.7100,141.7600,1200,100,137253,141.7700,141.7700,141.7700,141.7700,0.0500,142.1566,34.1589,141.7610,141.8189,141.7424,0.0763,0.00,0.00,0.00,0.00,0.00,0.00,0.00,0.00
NVDA,1749245456019,141.7400,141.7100,141.7600,1200,100,137253,141.7700,141.7700,141.7700,141.7700,0.0500,142.1566,34.1589,141.7610,141.8189,141.7424,0.0763,0.00,0.00,0.00,0.00,0.00,0.00,0.00,0.00
NVDA,1749245460561,141.7400,141.7100,141.7600,1100,100,137253,141.7700,141.7700,141.7700,141.7700,0.0500,142.1566,33.2918,141.7568,141.8131,141.7410,0.0766,0.00,0.00,0.00,0.00,0.00,0.00,0.00,0.00
NVDA,1749245460889,141.7400,141.7100,141.7600,1100,100,137253,141.7700,141.7700,141.7700,141.7700,0.0500,142.1566,33.2918,141.7568,141.8131,141.7410,0.0766,0.00,0.00,0.00,0.00,0.00,0.00,0.00,0.00
NVDA,1749245461026,141.7400,141.7100,141.7600,1100,100,137253,141.7700,141.7700,141.7700,141.7700,0.0500,142.1566,33.2918,141.7568,141.8131,141.7410,0.0766,0.00,0.00,0.00,0.00,0.00,0.00,0.00,0.00
NVDA,1749245461136,141.7400,141.7100,141.7600,1100,100,137253,141.7700,141.7700,141.7700,141.7700,0.0500,142.1566,33.2918,141.7568,141.8131,141.7410,0.0766,0.00,0.00,0.00,0.00,0.00,0.00,0.00,0.00
NVDA,1749245461229,141.7400,141.7100,141.7600,1000,100,137253,141.7700,141.7700,141.7700,141.7700,0.0500,142.1566,33.2918,141.7568,141.8131,141.7410,0.0766,0.00,0.00,0.00,0.00,0.00,0.00,0.00,0.00
NVDA,1749245461229,141.7100,141.7100,141.7600,1000,100,137303,141.7700,141.7700,141.7700,141.7700,0.0500,142.1566,33.2918,141.7568,141.8131,141.7410,0.0766,0.00,0.00,0.00,0.00,0.00,0.00,0.00,0.00
NVDA,1749245461229,141.7300,141.7100,141.7600,1000,100,137354,141.7700,141.7700,141.7700,141.7700,0.0500,142.1566,33.2918,141.7568,141.8131,141.7410,0.0766,0.00,0.00,0.00,0.00,0.00,0.00,0.00,0.00
NVDA,1749245461882,141.7300,141.7100,141.7600,1000,100,137354,141.7700,141.7700,141.7700,141.7700,0.0500,142.1566,33.2918,141.7568,141.8131,141.7410,0.0766,0.00,0.00,0.00,0.00,0.00,0.00,0.00,0.00
NVDA,1749245462133,141.7300,141.7100,141.7600,1000,100,137354,141.7700,141.7700,141.7700,141.7700,0.0500,142.1566,33.2918,141.7568,141.8131,141.7410,0.0766,0.00,0.00,0.00,0.00,0.00,0.00,0.00,0.00
NVDA,1749245462524,141.7300,141.7100,141.7600,1100,100,137354,141.7700,141.7700,141.7700,141.7700,0.0500,142.1566,33.2918,141.7568,141.8131,141.7410,0.0766,0.00,0.00,0.00,0.00,0.00,0.00,0.00,0.00
NVDA,1749245462524,141.7300,141.7100,141.7600,1000,100,137354,141.7700,141.7700,141.7700,141.7700,0.0500,142.1566,33.2918,141.7568,141.8131,141.7410,0.0766,0.00,0.00,0.00,0.00,0.00,0.00,0.00,0.00
NVDA,1749245462524,141.7500,141.7100,141.7600,1000,100,137370,141.7700,141.7700,141.7700,141.7700,0.0500,142.1566,33.2918,141.7568,141.8131,141.7410,0.0766,0.00,0.00,0.00,0.00,0.00,0.00,0.00,0.00
NVDA,1749245462524,141.7100,141.7100,141.7600,1000,100,137670,141.7700,141.7700,141.7700,141.7700,0.0500,142.1566,33.2918,141.7568,141.8131,141.7410,0.0766,0.00,0.00,0.00,0.00,0.00,0.00,0.00,0.00
NVDA,1749245466023,141.7100,141.7100,141.7600,1000,100,137670,141.7100,141.7100,141.7100,141.7100,0.0500,142.1566,33.2918,141.7568,141.8131,141.7410,0.0766,0.00,0.00,0.00,0.00,0.00,0.00,0.00,0.00
NVDA,1749245467898,141.7100,141.7100,141.7600,1000,100,137670,141.7100,141.7100,141.7100,141.7100,0.0500,142.1566,33.2918,141.7568,141.8131,141.7410,0.0766,0.00,0.00,0.00,0.00,0.00,0.00,0.00,0.00
NVDA,1749245468144,141.7100,141.7100,141.7600,1000,100,137670,141.7100,141.7100,141.7100,141.7100,0.0500,142.1566,33.2918,141.7568,141.8131,141.7410,0.0766,0.00,0.00,0.00,0.00,0.00,0.00,0.00,0.00
NVDA,1749245468486,141.7300,141.7100,141.7600,1000,100,137671,141.7100,141.7100,141.7100,141.7100,0.0500,142.1566,33.2918,141.7568,141.8131,141.7410,0.0766,0.00,0.00,0.00,0.00,0.00,0.00,0.00,0.00
NVDA,1749245468486,141.7600,141.7100,141.7600,1000,100,137732,141.7100,141.7100,141.7100,141.7100,0.0500,142.1566,33.2918,141.7568,141.8131,141.7410,0.0766,0.00,0.00,0.00,0.00,0.00,0.00,0.00,0.00
NVDA,1749245468486,141.7400,141.7100,141.7600,1000,100,137733,141.7100,141.7100,141.7100,141.7100,0.0500,142.1566,33.2918,141.7568,141.8131,141.7410,0.0766,0.00,0.00,0.00,0.00,0.00,0.00,0.00,0.00
NVDA,1749245468647,141.7400,141.7100,141.7600,1000,100,137733,141.7100,141.7100,141.7100,141.7100,0.0500,142.1566,33.2918,141.7568,141.8131,141.7410,0.0766,0.00,0.00,0.00,0.00,0.00,0.00,0.00,0.00
NVDA,1749245469180,141.7300,141.7100,141.7600,1000,100,137747,141.7100,141.7100,141.7100,141.7100,0.0500,142.1566,33.2918,141.7568,141.8131,141.7410,0.0766,0.00,0.00,0.00,0.00,0.00,0.00,0.00,0.00
NVDA,1749245469180,141.7200,141.7100,141.7600,1000,100,137752,141.7100,141.7100,141.7100,141.7100,0.0500,142.1566,33.2918,141.7568,141.8131,141.7410,0.0766,0.00,0.00,0.00,0.00,0.00,0.00,0.00,0.00
NVDA,1749245471017,141.7200,141.7100,141.7600,1000,100,137752,141.7100,141.7100,141.7100,141.7100,0.0500,142.1566,33.2918,141.7568,141.8131,141.7410,0.0766,0.00,0.00,0.00,0.00,0.00,0.00,0.00,0.00
NVDA,1749245471399,141.7200,141.7100,141.7600,1000,100,137752,141.7100,141.7100,141.7100,141.7100,0.0500,142.1566,33.2918,141.7568,141.8131,141.7410,0.0766,0.00,0.00,0.00,0.00,0.00,0.00,0.00,0.00
NVDA,1749245472068,141.7100,141.7100,141.7600,1000,100,138652,141.7100,141.7100,141.7100,141.7100,0.0500,142.1566,33.2918,141.7568,141.8131,141.7410,0.0766,0.00,0.00,0.00,0.00,0.00,0.00,0.00,0.00
NVDA,1749245472068,141.7200,141.7100,141.7600,1000,100,138665,141.7100,141.7100,141.7100,141.7100,0.0500,142.1566,33.2918,141.7568,141.8131,141.7410,0.0766,0.00,0.00,0.00,0.00,0.00,0.00,0.00,0.00
NVDA,1749245472068,141.7200,141.7100,141.7600,1000,200,138672,141.7100,141.7100,141.7100,141.7100,0.0500,142.1566,33.2918,141.7568,141.8131,141.7410,0.0766,0.00,0.00,0.00,0.00,0.00,0.00,0.00,0.00
NVDA,1749245472068,141.7200,141.7100,141.7500,1000,100,138672,141.7100,141.7100,141.7100,141.7100,0.0400,142.1566,33.2918,141.7568,141.8131,141.7410,0.0766,0.00,0.00,0.00,0.00,0.00,0.00,0.00,0.00
NVDA,1749245472068,141.7200,141.7100,141.7500,1000,300,138672,141.7100,141.7100,141.7100,141.7100,0.0400,142.1566,33.2918,141.7568,141.8131,141.7410,0.0766,0.00,0.00,0.00,0.00,0.00,0.00,0.00,0.00
NVDA,1749245472068,141.7200,141.7100,141.7500,1000,200,138672,141.7100,141.7100,141.7100,141.7100,0.0400,142.1566,33.2918,141.7568,141.8131,141.7410,0.0766,0.00,0.00,0.00,0.00,0.00,0.00,0.00,0.00
NVDA,1749245472068,141.7200,141.7100,141.7500,1000,100,138672,141.7100,141.7100,141.7100,141.7100,0.0400,142.1566,33.2918,141.7568,141.8131,141.7410,0.0766,0.00,0.00,0.00,0.00,0.00,0.00,0.00,0.00
NVDA,1749245472068,141.7200,141.7100,141.7600,1000,100,138672,141.7100,141.7100,141.7100,141.7100,0.0500,142.1566,33.2918,141.7568,141.8131,141.7410,0.0766,0.00,0.00,0.00,0.00,0.00,0.00,0.00,0.00
NVDA,1749245473398,141.7200,141.7100,141.7600,1000,100,138672,141.7100,141.7100,141.7100,141.7100,0.0500,142.1566,33.2918,141.7568,141.8131,141.7410,0.0766,0.00,0.00,0.00,0.00,0.00,0.00,0.00,0.00
NVDA,1749245473966,141.7200,141.7100,141.7600,1000,100,138682,141.7100,141.7100,141.7100,141.7100,0.0500,142.1566,33.2918,141.7568,141.8131,141.7410,0.0766,0.00,0.00,0.00,0.00,0.00,0.00,0.00,0.00
NVDA,1749245474405,141.7200,141.7100,141.7600,1000,100,138682,141.7100,141.7100,141.7100,141.7100,0.0500,142.1566,33.2918,141.7568,141.8131,141.7410,0.0766,0.00,0.00,0.00,0.00,0.00,0.00,0.00,0.00
NVDA,1749245474659,141.7200,141.7100,141.7600,1000,100,138682,141.7100,141.7100,141.7100,141.7100,0.0500,142.1566,33.2918,141.7568,141.8131,141.7410,0.0766,0.00,0.00,0.00,0.00,0.00,0.00,0.00,0.00
NVDA,1749245475060,141.7200,141.7100,141.7600,1000,200,138682,141.7100,141.7100,141.7100,141.7100,0.0500,142.1566,33.2918,141.7568,141.8131,141.7410,0.0766,0.00,0.00,0.00,0.00,0.00,0.00,0.00,0.00
NVDA,1749245475060,141.7200,141.7100,141.7600,1000,400,138682,141.7100,141.7100,141.7100,141.7100,0.0500,142.1566,33.2918,141.7568,141.8131,141.7410,0.0766,0.00,0.00,0.00,0.00,0.00,0.00,0.00,0.00
NVDA,1749245475060,141.7600,141.7100,141.7600,1000,400,138747,141.7100,141.7100,141.7100,141.7100,0.0500,142.1566,33.2918,141.7568,141.8131,141.7410,0.0766,0.00,0.00,0.00,0.00,0.00,0.00,0.00,0.00
NVDA,1749245476021,141.7600,141.7100,141.7600,1000,400,138747,141.7100,141.7100,141.7100,141.7100,0.0500,142.1566,33.2918,141.7568,141.8131,141.7410,0.0766,0.00,0.00,0.00,0.00,0.00,0.00,0.00,0.00
NVDA,1749245481023,141.7600,141.7100,141.7600,1000,400,138747,141.7100,141.7100,141.7100,141.7100,0.0500,142.1566,33.2918,141.7568,141.8131,141.7410,0.0766,0.00,0.00,0.00,0.00,0.00,0.00,0.00,0.00
NVDA,1749245482914,141.7600,141.7100,141.7600,1000,400,138747,141.7100,141.7100,141.7100,141.7100,0.0500,142.1566,33.2918,141.7568,141.8131,141.7410,0.0766,0.00,0.00,0.00,0.00,0.00,0.00,0.00,0.00
NVDA,1749245483505,141.7600,141.7100,141.7600,1000,400,138750,141.7100,141.7100,141.7100,141.7100,0.0500,142.1566,33.2918,141.7568,141.8131,141.7410,0.0766,0.00,0.00,0.00,0.00,0.00,0.00,0.00,0.00
NVDA,1749245483666,141.7600,141.7100,141.7600,1000,400,138750,141.7100,141.7100,141.7100,141.7100,0.0500,142.1566,33.2918,141.7568,141.8131,141.7410,0.0766,0.00,0.00,0.00,0.00,0.00,0.00,0.00,0.00
NVDA,1749245484006,141.7600,141.7100,141.7600,1100,400,138750,141.7100,141.7100,141.7100,141.7100,0.0500,142.1566,33.2918,141.7568,141.8131,141.7410,0.0766,0.00,0.00,0.00,0.00,0.00,0.00,0.00,0.00
NVDA,1749245484006,141.7200,141.7100,141.7600,1100,400,138751,141.7100,141.7100,141.7100,141.7100,0.0500,142.1566,33.2918,141.7568,141.8131,141.7410,0.0766,0.00,0.00,0.00,0.00,0.00,0.00,0.00,0.00
NVDA,1749245484006,141.7200,141.7100,141.7600,1000,400,138770,141.7100,141.7100,141.7100,141.7100,0.0500,142.1566,33.2918,141.7568,141.8131,141.7410,0.0766,0.00,0.00,0.00,0.00,0.00,0.00,0.00,0.00
NVDA,1749245484006,141.7200,141.7100,141.7600,1000,500,138770,141.7100,141.7100,141.7100,141.7100,0.0500,142.1566,33.2918,141.7568,141.8131,141.7410,0.0766,0.00,0.00,0.00,0.00,0.00,0.00,0.00,0.00
NVDA,1749245484006,141.7200,141.7100,141.7600,1000,400,138770,141.7100,141.7100,141.7100,141.7100,0.0500,142.1566,33.2918,141.7568,141.8131,141.7410,0.0766,0.00,0.00,0.00,0.00,0.00,0.00,0.00,0.00
NVDA,1749245486028,141.7200,141.7100,141.7600,1000,400,138770,141.7100,141.7100,141.7100,141.7100,0.0500,142.1566,33.2918,141.7568,141.8131,141.7410,0.0766,0.00,0.00,0.00,0.00,0.00,0.00,0.00,0.00
NVDA,1749245486220,141.7200,141.7100,141.7600,1000,400,138770,141.7100,141.7100,141.7100,141.7100,0.0500,142.1566,33.2918,141.7568,141.8131,141.7410,0.0766,0.00,0.00,0.00,0.00,0.00,0.00,0.00,0.00
NVDA,1749245486688,141.7300,141.7100,141.7600,1000,400,138830,141.7100,141.7100,141.7100,141.7100,0.0500,142.1566,33.2918,141.7568,141.8131,141.7410,0.0766,0.00,0.00,0.00,0.00,0.00,0.00,0.00,0.00
NVDA,1749245489416,141.7300,141.7100,141.7600,1000,400,138830,141.7100,141.7100,141.7100,141.7100,0.0500,142.1566,33.2918,141.7568,141.8131,141.7410,0.0766,0.00,0.00,0.00,0.00,0.00,0.00,0.00,0.00
NVDA,1749245490022,141.7200,141.7100,141.7600,1000,400,138835,141.7100,141.7100,141.7100,141.7100,0.0500,142.1566,33.2918,141.7568,141.8131,141.7410,0.0766,0.00,0.00,0.00,0.00,0.00,0.00,0.00,0.00
NVDA,1749245490732,141.7200,141.7300,141.7600,2000,400,138880,141.7100,141.7100,141.7100,141.7100,0.0300,142.1566,33.2918,141.7568,141.8131,141.7410,0.0766,0.00,0.00,0.00,0.00,0.00,0.00,0.00,0.00
NVDA,1749245491020,141.7200,141.7300,141.7600,2000,400,138880,141.7100,141.7100,141.7100,141.7100,0.0300,142.1566,33.2918,141.7568,141.8131,141.7410,0.0766,0.00,0.00,0.00,0.00,0.00,0.00,0.00,0.00
NVDA,1749245491177,141.7200,141.7300,141.7600,2000,400,138880,141.7100,141.7100,141.7100,141.7100,0.0300,142.1566,33.2918,141.7568,141.8131,141.7410,0.0766,0.00,0.00,0.00,0.00,0.00,0.00,0.00,0.00
NVDA,1749245491585,141.7200,141.7300,141.7600,1900,400,138880,141.7100,141.7100,141.7100,141.7100,0.0300,142.1566,33.2918,141.7568,141.8131,141.7410,0.0766,0.00,0.00,0.00,0.00,0.00,0.00,0.00,0.00
NVDA,1749245491585,141.7300,141.7300,141.7600,1900,400,138890,141.7100,141.7100,141.7100,141.7100,0.0300,142.1566,33.2918,141.7568,141.8131,141.7410,0.0766,0.00,0.00,0.00,0.00,0.00,0.00,0.00,0.00
NVDA,1749245492172,141.7300,141.7300,141.7600,1900,400,138890,141.7100,141.7100,141.7100,141.7100,0.0300,142.1566,33.2918,141.7568,141.8131,141.7410,0.0766,0.00,0.00,0.00,0.00,0.00,0.00,0.00,0.00
NVDA,1749245492673,141.7300,141.7300,141.7600,1900,400,138890,141.7100,141.7100,141.7100,141.7100,0.0300,142.1566,33.2918,141.7568,141.8131,141.7410,0.0766,0.00,0.00,0.00,0.00,0.00,0.00,0.00,0.00
NVDA,1749245492910,141.7400,141.7300,141.7600,1900,400,138891,141.7100,141.7100,141.7100,141.7100,0.0300,142.1566,33.2918,141.7568,141.8131,141.7410,0.0766,0.00,0.00,0.00,0.00,0.00,0.00,0.00,0.00
NVDA,1749245492910,141.7400,141.7400,141.7600,1900,400,138891,141.7100,141.7100,141.7100,141.7100,0.0200,142.1566,33.2918,141.7568,141.8131,141.7410,0.0766,0.00,0.00,0.00,0.00,0.00,0.00,0.00,0.00
NVDA,1749245494883,141.7400,141.7400,141.7600,1900,200,138973,141.7100,141.7100,141.7100,141.7100,0.0200,142.1566,33.2918,141.7568,141.8131,141.7410,0.0766,0.00,0.00,0.00,0.00,0.00,0.00,0.00,0.00
NVDA,1749245494883,141.7400,141.7400,141.7600,1900,100,138973,141.7100,141.7100,141.7100,141.7100,0.0200,142.1566,33.2918,141.7568,141.8131,141.7410,0.0766,0.00,0.00,0.00,0.00,0.00,0.00,0.00,0.00
NVDA,1749245495674,141.7400,141.7400,141.7600,1900,100,138987,141.7100,141.7100,141.7100,141.7100,0.0200,142.1566,33.2918,141.7568,141.8131,141.7410,0.0766,0.00,0.00,0.00,0.00,0.00,0.00,0.00,0.00
NVDA,1749245496017,141.7400,141.7400,141.7600,1900,100,138987,141.7100,141.7100,141.7100,141.7100,0.0200,142.1566,33.2918,141.7568,141.8131,141.7410,0.0766,0.00,0.00,0.00,0.00,0.00,0.00,0.00,0.00
NVDA,1749245499179,141.7400,141.7400,141.7600,1900,100,138987,141.7100,141.7100,141.7100,141.7100,0.0200,142.1566,33.2918,141.7568,141.8131,141.7410,0.0766,0.00,0.00,0.00,0.00,0.00,0.00,0.00,0.00
NVDA,1749245499747,141.7500,141.7400,141.7600,1900,100,138988,141.7100,141.7100,141.7100,141.7100,0.0200,142.1566,33.2918,141.7568,141.8131,141.7410,0.0766,0.00,0.00,0.00,0.00,0.00,0.00,0.00,0.00
NVDA,1749245501029,141.7500,141.7400,141.7600,1900,100,138988,141.7100,141.7100,141.7100,141.7100,0.0200,142.1566,33.2918,141.7568,141.8131,141.7410,0.0766,0.00,0.00,0.00,0.00,0.00,0.00,0.00,0.00
NVDA,1749245503184,141.7500,141.7400,141.7600,1900,100,138988,141.7100,141.7100,141.7100,141.7100,0.0200,142.1566,33.2918,141.7568,141.8131,141.7410,0.0766,0.00,0.00,0.00,0.00,0.00,0.00,0.00,0.00
NVDA,1749245503846,141.7500,141.7600,141.7600,300,100,138988,141.7100,141.7100,141.7100,141.7100,0.0000,142.1566,33.2918,141.7568,141.8131,141.7410,0.0766,0.00,0.00,0.00,0.00,0.00,0.00,0.00,0.00
NVDA,1749245503846,141.7500,141.7600,141.7700,300,600,138988,141.7100,141.7100,141.7100,141.7100,0.0100,142.1566,33.2918,141.7568,141.8131,141.7410,0.0766,0.00,0.00,0.00,0.00,0.00,0.00,0.00,0.00
NVDA,1749245503846,141.7500,141.7400,141.7700,1900,600,138988,141.7100,141.7100,141.7100,141.7100,0.0300,142.1566,33.2918,141.7568,141.8131,141.7410,0.0766,0.00,0.00,0.00,0.00,0.00,0.00,0.00,0.00
NVDA,1749245503846,141.7600,141.7400,141.7700,1900,600,139088,141.7100,141.7100,141.7100,141.7100,0.0300,142.1566,33.2918,141.7568,141.8131,141.7410,0.0766,0.00,0.00,0.00,0.00,0.00,0.00,0.00,0.00
NVDA,1749245504435,141.7600,141.7400,141.7700,1900,600,139448,141.7100,141.7100,141.7100,141.7100,0.0300,142.1566,33.2918,141.7568,141.8131,141.7410,0.0766,0.00,0.00,0.00,0.00,0.00,0.00,0.00,0.00
NVDA,1749245505018,141.7700,141.7400,141.7700,1900,600,139449,141.7100,141.7100,141.7100,141.7100,0.0300,142.1566,33.2918,141.7568,141.8131,141.7410,0.0766,0.00,0.00,0.00,0.00,0.00,0.00,0.00,0.00
NVDA,1749245505438,141.7700,141.7400,141.7700,1900,600,139454,141.7100,141.7100,141.7100,141.7100,0.0300,142.1566,33.2918,141.7568,141.8131,141.7410,0.0766,0.00,0.00,0.00,0.00,0.00,0.00,0.00,0.00
NVDA,1749245505982,141.7600,141.7400,141.7700,1900,600,139455,141.7100,141.7100,141.7100,141.7100,0.0300,142.1566,33.2918,141.7568,141.8131,141.7410,0.0766,0.00,0.00,0.00,0.00,0.00,0.00,0.00,0.00
NVDA,1749245507687,141.7600,141.7400,141.7700,1900,600,139455,141.7600,141.7600,141.7600,141.7600,0.0300,142.1566,33.2918,141.7568,141.8131,141.7410,0.0766,0.00,0.00,0.00,0.00,0.00,0.00,0.00,0.00
NVDA,1749245508386,141.7600,141.7400,141.7700,1900,600,139462,141.7600,141.7600,141.7600,141.7600,0.0300,142.1566,33.2918,141.7568,141.8131,141.7410,0.0766,0.00,0.00,0.00,0.00,0.00,0.00,0.00,0.00
NVDA,1749245510191,141.7600,141.7400,141.7700,1900,600,139462,141.7600,141.7600,141.7600,141.7600,0.0300,142.1566,33.2918,141.7568,141.8131,141.7410,0.0766,0.00,0.00,0.00,0.00,0.00,0.00,0.00,0.00
NVDA,1749245510514,141.7600,141.7400,141.7700,1900,600,139462,141.7600,141.7600,141.7600,141.7600,0.0300,142.1566,33.2918,141.7568,141.8131,141.7410,0.0766,0.00,0.00,0.00,0.00,0.00,0.00,0.00,0.00
NVDA,1749245510774,141.7600,141.7400,141.7700,1900,600,139712,141.7600,141.7600,141.7600,141.7600,0.0300,142.1566,33.2918,141.7568,141.8131,141.7410,0.0766,0.00,0.00,0.00,0.00,0.00,0.00,0.00,0.00
NVDA,1749245512955,141.7600,141.7400,141.7700,1900,600,139712,141.7600,141.7600,141.7600,141.7600,0.0300,142.1566,33.2918,141.7568,141.8131,141.7410,0.0766,0.00,0.00,0.00,0.00,0.00,0.00,0.00,0.00
NVDA,1749245513597,141.7700,141.7400,141.7700,1900,600,139713,141.7600,141.7600,141.7600,141.7600,0.0300,142.1566,33.2918,141.7568,141.8131,141.7410,0.0766,0.00,0.00,0.00,0.00,0.00,0.00,0.00,0.00
NVDA,1749245514696,141.7700,141.7400,141.7700,1900,600,139713,141.7600,141.7600,141.7600,141.7600,0.0300,142.1566,33.2918,141.7568,141.8131,141.7410,0.0766,0.00,0.00,0.00,0.00,0.00,0.00,0.00,0.00
NVDA,1749245515223,141.7700,141.7400,141.7600,1900,100,139713,141.7600,141.7600,141.7600,141.7600,0.0200,142.1566,33.2918,141.7568,141.8131,141.7410,0.0766,0.00,0.00,0.00,0.00,0.00,0.00,0.00,0.00
NVDA,1749245515223,141.7700,141.7400,141.7700,1900,600,139713,141.7600,141.7600,141.7600,141.7600,0.0300,142.1566,33.2918,141.7568,141.8131,141.7410,0.0766,0.00,0.00,0.00,0.00,0.00,0.00,0.00,0.00
NVDA,1749245515223,141.7500,141.7400,141.7700,1900,600,139733,141.7600,141.7600,141.7600,141.7600,0.0300,142.1566,33.2918,141.7568,141.8131,141.7410,0.0766,0.00,0.00,0.00,0.00,0.00,0.00,0.00,0.00
NVDA,1749245516024,141.7500,141.7400,141.7700,1900,600,139791,141.7600,141.7600,141.7600,141.7600,0.0300,142.1566,33.2918,141.7568,141.8131,141.7410,0.0766,0.00,0.00,0.00,0.00,0.00,0.00,0.00,0.00
NVDA,1749245521025,141.7500,141.7400,141.7700,1900,600,139791,141.7600,141.7600,141.7600,141.7600,0.0300,142.1566,35.0670,141.7554,141.8084,141.7435,0.0754,0.00,0.00,0.00,0.00,0.00,0.00,0.00,0.00
NVDA,1749245524714,141.7500,141.7400,141.7700,1900,600,139791,141.7600,141.7600,141.7600,141.7600,0.0300,142.1566,35.0670,141.7554,141.8084,141.7435,0.0754,0.00,0.00,0.00,0.00,0.00,0.00,0.00,0.00
NVDA,1749245525253,141.7400,141.7400,141.7700,1900,600,139792,141.7600,141.7600,141.7600,141.7600,0.0300,142.1566,35.0670,141.7554,141.8084,141.7435,0.0754,0.00,0.00,0.00,0.00,0.00,0.00,0.00,0.00
NVDA,1749245526023,141.7400,141.7400,141.7700,1900,600,139792,141.7600,141.7600,141.7600,141.7600,0.0300,142.1566,35.0670,141.7554,141.8084,141.7435,0.0754,0.00,0.00,0.00,0.00,0.00,0.00,0.00,0.00
NVDA,1749245526970,141.7400,141.7400,141.7700,1900,600,139792,141.7600,141.7600,141.7600,141.7600,0.0300,142.1566,35.0670,141.7554,141.8084,141.7435,0.0754,0.00,0.00,0.00,0.00,0.00,0.00,0.00,0.00
NVDA,1749245527646,141.7500,141.7400,141.7700,1900,600,139852,141.7600,141.7600,141.7600,141.7600,0.0300,142.1566,35.0670,141.7554,141.8084,141.7435,0.0754,0.00,0.00,0.00,0.00,0.00,0.00,0.00,0.00
NVDA,1749245530968,141.7500,141.7400,141.7700,1900,600,139852,141.7600,141.7600,141.7600,141.7600,0.0300,142.1566,35.0670,141.7554,141.8084,141.7435,0.0754,0.00,0.00,0.00,0.00,0.00,0.00,0.00,0.00
NVDA,1749245531468,141.7500,141.7400,141.7700,1900,600,139852,141.7600,141.7600,141.7600,141.7600,0.0300,142.1566,35.0670,141.7554,141.8084,141.7435,0.0754,0.00,0.00,0.00,0.00,0.00,0.00,0.00,0.00
NVDA,1749245531636,141.7600,141.7400,141.7700,1900,600,139853,141.7600,141.7600,141.7600,141.7600,0.0300,142.1566,35.0670,141.7554,141.8084,141.7435,0.0754,0.00,0.00,0.00,0.00,0.00,0.00,0.00,0.00
NVDA,1749245532194,141.7700,141.7400,141.7700,1900,600,139863,141.7600,141.7600,141.7600,141.7600,0.0300,142.1566,35.0670,141.7554,141.8084,141.7435,0.0754,0.00,0.00,0.00,0.00,0.00,0.00,0.00,0.00
NVDA,1749245536028,141.7700,141.7400,141.7700,1900,600,139863,141.7600,141.7600,141.7600,141.7600,0.0300,142.1566,35.0670,141.7554,141.8084,141.7435,0.0754,0.00,0.00,0.00,0.00,0.00,0.00,0.00,0.00
NVDA,1749245536479,141.7700,141.7400,141.7700,1900,600,139863,141.7600,141.7600,141.7600,141.7600,0.0300,142.1566,35.0670,141.7554,141.8084,141.7435,0.0754,0.00,0.00,0.00,0.00,0.00,0.00,0.00,0.00
NVDA,1749245536931,141.7700,141.7400,141.7700,1900,600,139943,141.7600,141.7600,141.7600,141.7600,0.0300,142.1566,35.0670,141.7554,141.8084,141.7435,0.0754,0.00,0.00,0.00,0.00,0.00,0.00,0.00,0.00
NVDA,1749245539731,141.7700,141.7400,141.7700,1900,600,139943,141.7600,141.7600,141.7600,141.7600,0.0300,142.1566,35.0670,141.7554,141.8084,141.7435,0.0754,0.00,0.00,0.00,0.00,0.00,0.00,0.00,0.00
NVDA,1749245540162,141.7500,141.7400,141.7700,1900,600,139968,141.7600,141.7600,141.7600,141.7600,0.0300,142.1566,35.0670,141.7554,141.8084,141.7435,0.0754,0.00,0.00,0.00,0.00,0.00,0.00,0.00,0.00
NVDA,1749245540733,141.7500,141.7400,141.7700,1900,600,139968,141.7600,141.7600,141.7600,141.7600,0.0300,142.1566,35.0670,141.7554,141.8084,141.7435,0.0754,0.00,0.00,0.00,0.00,0.00,0.00,0.00,0.00
NVDA,1749245541023,141.7500,141.7400,141.7700,1900,600,139968,141.7600,141.7600,141.7600,141.7600,0.0300,142.1566,35.0670,141.7554,141.8084,141.7435,0.0754,0.00,0.00,0.00,0.00,0.00,0.00,0.00,0.00
NVDA,1749245541230,141.7500,141.7400,141.7700,1900,600,139968,141.7600,141.7600,141.7600,141.7600,0.0300,142.1566,35.0670,141.7554,141.8084,141.7435,0.0754,0.00,0.00,0.00,0.00,0.00,0.00,0.00,0.00
NVDA,1749245541822,141.7500,141.7400,141.7700,1900,600,139973,141.7600,141.7600,141.7600,141.7600,0.0300,142.1566,35.0670,141.7554,141.8084,141.7435,0.0754,0.00,0.00,0.00,0.00,0.00,0.00,0.00,0.00
NVDA,1749245542233,141.7500,141.7400,141.7700,1900,600,139973,141.7600,141.7600,141.7600,141.7600,0.0300,142.1566,35.0670,141.7554,141.8084,141.7435,0.0754,0.00,0.00,0.00,0.00,0.00,0.00,0.00,0.00
NVDA,1749245542977,141.7500,141.7400,141.7700,1900,600,140023,141.7600,141.7600,141.7600,141.7600,0.0300,142.1566,35.0670,141.7554,141.8084,141.7435,0.0754,0.00,0.00,0.00,0.00,0.00,0.00,0.00,0.00
NVDA,1749245545493,141.7500,141.7400,141.7700,1900,600,140023,141.7600,141.7600,141.7600,141.7600,0.0300,142.1566,35.0670,141.7554,141.8084,141.7435,0.0754,0.00,0.00,0.00,0.00,0.00,0.00,0.00,0.00
NVDA,1749245546001,141.7500,141.7400,141.7700,1900,600,140040,141.7600,141.7600,141.7600,141.7600,0.0300,142.1566,35.0670,141.7554,141.8084,141.7435,0.0754,0.00,0.00,0.00,0.00,0.00,0.00,0.00,0.00
NVDA,1749245547242,141.7500,141.7400,141.7700,1900,600,140040,141.7600,141.7600,141.7600,141.7600,0.0300,142.1566,35.0670,141.7554,141.8084,141.7435,0.0754,0.00,0.00,0.00,0.00,0.00,0.00,0.00,0.00
NVDA,1749245547743,141.7500,141.7400,141.7700,1900,600,140041,141.7600,141.7600,141.7600,141.7600,0.0300,142.1566,35.0670,141.7554,141.8084,141.7435,0.0754,0.00,0.00,0.00,0.00,0.00,0.00,0.00,0.00
NVDA,1749245550492,141.7500,141.7400,141.7700,1900,600,140041,141.7600,141.7600,141.7600,141.7600,0.0300,142.1566,35.0670,141.7554,141.8084,141.7435,0.0754,0.00,0.00,0.00,0.00,0.00,0.00,0.00,0.00
NVDA,1749245550998,141.7500,141.7400,141.7700,1900,600,140041,141.7600,141.7600,141.7600,141.7600,0.0300,142.1566,35.0670,141.7554,141.8084,141.7435,0.0754,0.00,0.00,0.00,0.00,0.00,0.00,0.00,0.00
NVDA,1749245551146,141.7600,141.7400,141.7700,1900,600,140042,141.7600,141.7600,141.7600,141.7600,0.0300,142.1566,35.0670,141.7554,141.8084,141.7435,0.0754,0.00,0.00,0.00,0.00,0.00,0.00,0.00,0.00
NVDA,1749245551146,141.7700,141.7400,141.7700,1900,600,140044,141.7600,141.7600,141.7600,141.7600,0.0300,142.1566,35.0670,141.7554,141.8084,141.7435,0.0754,0.00,0.00,0.00,0.00,0.00,0.00,0.00,0.00
NVDA,1749245552001,141.7700,141.7400,141.7700,1900,600,140044,141.7600,141.7600,141.7600,141.7600,0.0300,142.1566,35.0670,141.7554,141.8084,141.7435,0.0754,0.00,0.00,0.00,0.00,0.00,0.00,0.00,0.00
NVDA,1749245552561,141.7700,141.7400,141.7700,1900,600,140144,141.7600,141.7600,141.7600,141.7600,0.0300,142.1566,35.0670,141.7554,141.8084,141.7435,0.0754,0.00,0.00,0.00,0.00,0.00,0.00,0.00,0.00
NVDA,1749245556024,141.7700,141.7400,141.7700,1900,600,140144,141.7700,141.7700,141.7700,141.7700,0.0300,142.1566,35.0670,141.7554,141.8084,141.7435,0.0754,0.00,0.00,0.00,0.00,0.00,0.00,0.00,0.00
NVDA,1749245557747,141.7700,141.7400,141.7700,1900,600,140144,141.7700,141.7700,141.7700,141.7700,0.0300,142.1566,35.0670,141.7554,141.8084,141.7435,0.0754,0.00,0.00,0.00,0.00,0.00,0.00,0.00,0.00
NVDA,1749245558247,141.7700,141.7400,141.7700,1900,600,140144,141.7700,141.7700,141.7700,141.7700,0.0300,142.1566,35.0670,141.7554,141.8084,141.7435,0.0754,0.00,0.00,0.00,0.00,0.00,0.00,0.00,0.00
NVDA,1749245558381,141.7400,141.7400,141.7700,1900,600,140145,141.7700,141.7700,141.7700,141.7700,0.0300,142.1566,35.0670,141.7554,141.8084,141.7435,0.0754,0.00,0.00,0.00,0.00,0.00,0.00,0.00,0.00
NVDA,1749245558381,141.7600,141.7400,141.7700,1900,600,140146,141.7700,141.7700,141.7700,141.7700,0.0300,142.1566,35.0670,141.7554,141.8084,141.7435,0.0754,0.00,0.00,0.00,0.00,0.00,0.00,0.00,0.00
NVDA,1749245558505,141.7600,141.7400,141.7700,1900,600,140147,141.7700,141.7700,141.7700,141.7700,0.0300,142.1566,35.0670,141.7554,141.8084,141.7435,0.0754,0.00,0.00,0.00,0.00,0.00,0.00,0.00,0.00
NVDA,1749245559232,141.7500,141.7400,141.7700,1900,600,140197,141.7700,141.7700,141.7700,141.7700,0.0300,142.1566,35.0670,141.7554,141.8084,141.7435,0.0754,0.00,0.00,0.00,0.00,0.00,0.00,0.00,0.00
NVDA,1749245560254,141.7500,141.7400,141.7700,1900,600,140197,141.7700,141.7700,141.7700,141.7700,0.0300,142.1566,35.0670,141.7554,141.8084,141.7435,0.0754,0.00,0.00,0.00,0.00,0.00,0.00,0.00,0.00
NVDA,1749245560943,141.7600,141.7400,141.7700,1900,600,140198,141.7700,141.7700,141.7700,141.7700,0.0300,142.1566,35.0670,141.7554,141.8084,141.7435,0.0754,0.00,0.00,0.00,0.00,0.00,0.00,0.00,0.00
NVDA,1749245561029,141.7600,141.7400,141.7700,1900,600,140198,141.7700,141.7700,141.7700,141.7700,0.0300,142.1566,35.0670,141.7554,141.8084,141.7435,0.0754,0.00,0.00,0.00,0.00,0.00,0.00,0.00,0.00
NVDA,1749245561507,141.7600,141.7400,141.7700,1900,600,140198,141.7700,141.7700,141.7700,141.7700,0.0300,142.1566,35.0670,141.7554,141.8084,141.7435,0.0754,0.00,0.00,0.00,0.00,0.00,0.00,0.00,0.00
NVDA,1749245562054,141.7400,141.7400,141.7700,1900,600,140208,141.7700,141.7700,141.7700,141.7700,0.0300,142.1566,35.0670,141.7554,141.8084,141.7435,0.0754,0.00,0.00,0.00,0.00,0.00,0.00,0.00,0.00
NVDA,1749245562054,141.7500,141.7400,141.7700,1900,600,140222,141.7700,141.7700,141.7700,141.7700,0.0300,142.1566,35.0670,141.7554,141.8084,141.7435,0.0754,0.00,0.00,0.00,0.00,0.00,0.00,0.00,0.00
NVDA,1749245562054,141.7500,141.7500,141.7700,200,600,140225,141.7700,141.7700,141.7700,141.7700,0.0200,142.1566,35.0670,141.7554,141.8084,141.7435,0.0754,0.00,0.00,0.00,0.00,0.00,0.00,0.00,0.00
NVDA,1749245563494,141.7500,141.7500,141.7700,2100,600,140225,141.7700,141.7700,141.7700,141.7700,0.0200,142.1566,35.0670,141.7554,141.8084,141.7435,0.0754,0.00,0.00,0.00,0.00,0.00,0.00,0.00,0.00
NVDA,1749245565267,141.7500,141.7500,141.7700,2100,600,140225,141.7700,141.7700,141.7700,141.7700,0.0200,142.1566,35.0670,141.7554,141.8084,141.7435,0.0754,0.00,0.00,0.00,0.00,0.00,0.00,0.00,0.00
NVDA,1749245565515,141.7500,141.7500,141.7700,2100,600,140225,141.7700,141.7700,141.7700,141.7700,0.0200,142.1566,35.0670,141.7554,141.8084,141.7435,0.0754,0.00,0.00,0.00,0.00,0.00,0.00,0.00,0.00
NVDA,1749245565613,141.7500,141.7500,141.7700,2100,600,140225,141.7700,141.7700,141.7700,141.7700,0.0200,142.1566,35.0670,141.7554,141.8084,141.7435,0.0754,0.00,0.00,0.00,0.00,0.00,0.00,0.00,0.00
NVDA,1749245565861,141.7500,141.7600,141.7700,1900,600,140225,141.7700,141.7700,141.7700,141.7700,0.0100,142.1566,35.0670,141.7554,141.8084,141.7435,0.0754,0.00,0.00,0.00,0.00,0.00,0.00,0.00,0.00
NVDA,1749245565861,141.7600,141.7600,141.7700,1900,600,140228,141.7700,141.7700,141.7700,141.7700,0.0100,142.1566,35.0670,141.7554,141.8084,141.7435,0.0754,0.00,0.00,0.00,0.00,0.00,0.00,0.00,0.00
NVDA,1749245565861,141.7700,141.7600,141.7700,1900,600,140728,141.7700,141.7700,141.7700,141.7700,0.0100,142.1566,35.0670,141.7554,141.8084,141.7435,0.0754,0.00,0.00,0.00,0.00,0.00,0.00,0.00,0.00
NVDA,1749245568020,141.7700,141.7600,141.7700,1900,600,140728,141.7700,141.7700,141.7700,141.7700,0.0100,142.1566,35.0670,141.7554,141.8084,141.7435,0.0754,0.00,0.00,0.00,0.00,0.00,0.00,0.00,0.00
NVDA,1749245568515,141.7700,141.7600,141.7700,1900,600,140728,141.7700,141.7700,141.7700,141.7700,0.0100,142.1566,35.0670,141.7554,141.8084,141.7435,0.0754,0.00,0.00,0.00,0.00,0.00,0.00,0.00,0.00
NVDA,1749245568636,141.7700,141.7700,141.7800,1200,600,140728,141.7700,141.7700,141.7700,141.7700,0.0100,142.1566,35.0670,141.7554,141.8084,141.7435,0.0754,0.00,0.00,0.00,0.00,0.00,0.00,0.00,0.00
NVDA,1749245571028,141.7700,141.7700,141.7800,1200,600,141416,141.7700,141.7700,141.7700,141.7700,0.0100,142.1566,35.0670,141.7554,141.8084,141.7435,0.0754,0.00,0.00,0.00,0.00,0.00,0.00,0.00,0.00
NVDA,1749245572773,141.7700,141.7700,141.7800,1200,600,141416,141.7700,141.7700,141.7700,141.7700,0.0100,142.1566,35.0670,141.7554,141.8084,141.7435,0.0754,0.00,0.00,0.00,0.00,0.00,0.00,0.00,0.00
NVDA,1749245572773,141.7700,141.7700,141.7800,1200,400,141416,141.7700,141.7700,141.7700,141.7700,0.0100,142.1566,35.0670,141.7554,141.8084,141.7435,0.0754,0.00,0.00,0.00,0.00,0.00,0.00,0.00,0.00
NVDA,1749245573398,141.7700,141.7700,141.7800,1200,400,141419,141.7700,141.7700,141.7700,141.7700,0.0100,142.1566,35.0670,141.7554,141.8084,141.7435,0.0754,0.00,0.00,0.00,0.00,0.00,0.00,0.00,0.00
NVDA,1749245573398,141.7700,141.7600,141.7800,1200,400,141419,141.7700,141.7700,141.7700,141.7700,0.0200,142.1566,35.0670,141.7554,141.8084,141.7435,0.0754,0.00,0.00,0.00,0.00,0.00,0.00,0.00,0.00
NVDA,1749245576024,141.7700,141.7600,141.7800,1200,400,141419,141.7700,141.7700,141.7700,141.7700,0.0200,142.1566,35.0670,141.7554,141.8084,141.7435,0.0754,0.00,0.00,0.00,0.00,0.00,0.00,0.00,0.00
NVDA,1749245576687,141.7700,141.7500,141.7700,200,100,141419,141.7700,141.7700,141.7700,141.7700,0.0200,142.1566,35.0670,141.7554,141.8084,141.7435,0.0754,0.00,0.00,0.00,0.00,0.00,0.00,0.00,0.00
NVDA,1749245576687,141.7700,141.7500,141.7600,200,1600,141419,141.7700,141.7700,141.7700,141.7700,0.0100,142.1566,35.0670,141.7554,141.8084,141.7435,0.0754,0.00,0.00,0.00,0.00,0.00,0.00,0.00,0.00
NVDA,1749245576687,141.7600,141.7500,141.7600,200,1600,142637,141.7700,141.7700,141.7700,141.7700,0.0100,142.1566,35.0670,141.7554,141.8084,141.7435,0.0754,0.00,0.00,0.00,0.00,0.00,0.00,0.00,0.00
NVDA,1749245581023,141.7600,141.7500,141.7600,200,1600,142637,141.7600,141.7600,141.7600,141.7600,0.0100,142.1566,36.8760,141.7563,141.8048,141.7484,0.0721,0.00,0.00,0.00,0.00,0.00,0.00,0.00,0.00
NVDA,1749245585037,141.7600,141.7500,141.7600,200,1600,142637,141.7600,141.7600,141.7600,141.7600,0.0100,142.1566,36.8760,141.7563,141.8048,141.7484,0.0721,0.00,0.00,0.00,0.00,0.00,0.00,0.00,0.00
NVDA,1749245585538,141.7600,141.7500,141.7600,200,1600,142837,141.7600,141.7600,141.7600,141.7600,0.0100,142.1566,36.8760,141.7563,141.8048,141.7484,0.0721,0.00,0.00,0.00,0.00,0.00,0.00,0.00,0.00
NVDA,1749245586026,141.7600,141.7500,141.7600,200,1600,142837,141.7500,141.7500,141.7500,141.7500,0.0100,142.1566,36.8760,141.7563,141.8048,141.7484,0.0721,0.00,0.00,0.00,0.00,0.00,0.00,0.00,0.00
NVDA,1749245588535,141.7600,141.7500,141.7600,200,1600,142837,141.7500,141.7500,141.7500,141.7500,0.0100,142.1566,36.8760,141.7563,141.8048,141.7484,0.0721,0.00,0.00,0.00,0.00,0.00,0.00,0.00,0.00
NVDA,1749245589046,141.7600,141.7500,141.7600,200,1600,143237,141.7500,141.7500,141.7500,141.7500,0.0100,142.1566,36.8760,141.7563,141.8048,141.7484,0.0721,0.00,0.00,0.00,0.00,0.00,0.00,0.00,0.00
NVDA,1749245591025,141.7600,141.7500,141.7600,200,1600,143237,141.7500,141.7500,141.7500,141.7500,0.0100,142.1566,36.8760,141.7563,141.8048,141.7484,0.0721,0.00,0.00,0.00,0.00,0.00,0.00,0.00,0.00
NVDA,1749245591785,141.7600,141.7500,141.7600,200,1600,143237,141.7500,141.7500,141.7500,141.7500,0.0100,142.1566,36.8760,141.7563,141.8048,141.7484,0.0721,0.00,0.00,0.00,0.00,0.00,0.00,0.00,0.00
NVDA,1749245592410,141.7600,141.7500,141.7600,200,1600,143247,141.7500,141.7500,141.7500,141.7500,0.0100,142.1566,36.8760,141.7563,141.8048,141.7484,0.0721,0.00,0.00,0.00,0.00,0.00,0.00,0.00,0.00
NVDA,1749245596020,141.7600,141.7500,141.7600,200,1600,143247,141.7500,141.7500,141.7500,141.7500,0.0100,142.1566,36.8760,141.7563,141.8048,141.7484,0.0721,0.00,0.00,0.00,0.00,0.00,0.00,0.00,0.00
NVDA,1749245598047,141.7600,141.7500,141.7600,200,1600,143247,141.7500,141.7500,141.7500,141.7500,0.0100,142.1566,36.8760,141.7563,141.8048,141.7484,0.0721,0.00,0.00,0.00,0.00,0.00,0.00,0.00,0.00
NVDA,1749245598768,141.7600,141.7500,141.7600,200,1600,143261,141.7500,141.7500,141.7500,141.7500,0.0100,142.1566,36.8760,141.7563,141.8048,141.7484,0.0721,0.00,0.00,0.00,0.00,0.00,0.00,0.00,0.00
NVDA,1749245599048,141.7600,141.7500,141.7600,200,1600,143261,141.7500,141.7500,141.7500,141.7500,0.0100,142.1566,36.8760,141.7563,141.8048,141.7484,0.0721,0.00,0.00,0.00,0.00,0.00,0.00,0.00,0.00
NVDA,1749245599635,141.7600,141.7500,141.7600,200,1600,143275,141.7500,141.7500,141.7500,141.7500,0.0100,142.1566,36.8760,141.7563,141.8048,141.7484,0.0721,0.00,0.00,0.00,0.00,0.00,0.00,0.00,0.00
NVDA,1749245601024,141.7600,141.7500,141.7600,200,1600,143275,141.7500,141.7500,141.7500,141.7500,0.0100,142.1566,36.8760,141.7563,141.8048,141.7484,0.0721,0.00,0.00,0.00,0.00,0.00,0.00,0.00,0.00
NVDA,1749245606022,141.7600,141.7500,141.7600,200,1600,143275,141.7500,141.7500,141.7500,141.7500,0.0100,142.1566,36.8760,141.7563,141.8048,141.7484,0.0721,0.00,0.00,0.00,0.00,0.00,0.00,0.00,0.00
NVDA,1749245607060,141.7600,141.7500,141.7600,200,1600,143275,141.7500,141.7500,141.7500,141.7500,0.0100,142.1566,36.8760,141.7563,141.8048,141.7484,0.0721,0.00,0.00,0.00,0.00,0.00,0.00,0.00,0.00
NVDA,1749245607484,141.7600,141.7500,141.7600,200,1800,143275,141.7500,141.7500,141.7500,141.7500,0.0100,142.1566,36.8760,141.7563,141.8048,141.7484,0.0721,0.00,0.00,0.00,0.00,0.00,0.00,0.00,0.00
NVDA,1749245607484,141.7600,141.7500,141.7600,100,1800,143275,141.7500,141.7500,141.7500,141.7500,0.0100,142.1566,36.8760,141.7563,141.8048,141.7484,0.0721,0.00,0.00,0.00,0.00,0.00,0.00,0.00,0.00
NVDA,1749245607484,141.7600,141.7200,141.7600,200,1800,143275,141.7500,141.7500,141.7500,141.7500,0.0400,142.1566,36.8760,141.7563,141.8048,141.7484,0.0721,0.00,0.00,0.00,0.00,0.00,0.00,0.00,0.00
NVDA,1749245607484,141.7600,141.7500,141.7600,300,1800,143275,141.7500,141.7500,141.7500,141.7500,0.0100,142.1566,36.8760,141.7563,141.8048,141.7484,0.0721,0.00,0.00,0.00,0.00,0.00,0.00,0.00,0.00
NVDA,1749245607484,141.7500,141.7500,141.7600,300,1800,143374,141.7500,141.7500,141.7500,141.7500,0.0100,142.1566,36.8760,141.7563,141.8048,141.7484,0.0721,0.00,0.00,0.00,0.00,0.00,0.00,0.00,0.00
NVDA,1749245607806,141.7500,141.7500,141.7600,300,1800,143559,141.7500,141.7500,141.7500,141.7500,0.0100,142.1566,36.8760,141.7563,141.8048,141.7484,0.0721,0.00,0.00,0.00,0.00,0.00,0.00,0.00,0.00
NVDA,1749245608548,141.7500,141.7500,141.7600,300,1800,143609,141.7500,141.7500,141.7500,141.7500,0.0100,142.1566,36.8760,141.7563,141.8048,141.7484,0.0721,0.00,0.00,0.00,0.00,0.00,0.00,0.00,0.00
NVDA,1749245609806,141.7500,141.7500,141.7600,300,1800,143609,141.7500,141.7500,141.7500,141.7500,0.0100,142.1566,36.8760,141.7563,141.8048,141.7484,0.0721,0.00,0.00,0.00,0.00,0.00,0.00,0.00,0.00
NVDA,1749245610057,141.7500,141.7500,141.7600,300,1800,143609,141.7500,141.7500,141.7500,141.7500,0.0100,142.1566,36.8760,141.7563,141.8048,141.7484,0.0721,0.00,0.00,0.00,0.00,0.00,0.00,0.00,0.00
NVDA,1749245610305,141.7500,141.7500,141.7600,300,200,143609,141.7500,141.7500,141.7500,141.7500,0.0100,142.1566,36.8760,141.7563,141.8048,141.7484,0.0721,0.00,0.00,0.00,0.00,0.00,0.00,0.00,0.00
NVDA,1749245610305,141.7500,141.7500,141.7600,300,1600,143609,141.7500,141.7500,141.7500,141.7500,0.0100,142.1566,36.8760,141.7563,141.8048,141.7484,0.0721,0.00,0.00,0.00,0.00,0.00,0.00,0.00,0.00
NVDA,1749245610305,141.7600,141.7500,141.7600,300,1600,143809,141.7500,141.7500,141.7500,141.7500,0.0100,142.1566,36.8760,141.7563,141.8048,141.7484,0.0721,0.00,0.00,0.00,0.00,0.00,0.00,0.00,0.00
NVDA,1749245610563,141.7600,141.7500,141.7600,300,1600,143811,141.7500,141.7500,141.7500,141.7500,0.0100,142.1566,36.8760,141.7563,141.8048,141.7484,0.0721,0.00,0.00,0.00,0.00,0.00,0.00,0.00,0.00
NVDA,1749245610919,141.7600,141.7500,141.7600,300,1600,143811,141.7500,141.7600,141.7500,141.7600,0.0100,142.1566,36.8760,141.7563,141.8048,141.7484,0.0721,0.00,0.00,0.00,0.00,0.00,0.00,0.00,0.00
NVDA,1749245611178,141.7600,141.7500,141.7600,300,1600,144111,141.7500,141.7600,141.7500,141.7600,0.0100,142.1566,36.8760,141.7563,141.8048,141.7484,0.0721,0.00,0.00,0.00,0.00,0.00,0.00,0.00,0.00
NVDA,1749245612810,141.7600,141.7500,141.7600,300,1600,144111,141.7500,141.7600,141.7500,141.7600,0.0100,142.1566,36.8760,141.7563,141.8048,141.7484,0.0721,0.00,0.00,0.00,0.00,0.00,0.00,0.00,0.00
NVDA,1749245613491,141.7600,141.7500,141.7600,300,1600,144112,141.7500,141.7600,141.7500,141.7600,0.0100,142.1566,36.8760,141.7563,141.8048,141.7484,0.0721,0.00,0.00,0.00,0.00,0.00,0.00,0.00,0.00
NVDA,1749245614288,141.7600,141.7500,141.7600,300,1600,144114,141.7500,141.7600,141.7500,141.7600,0.0100,142.1566,36.8760,141.7563,141.8048,141.7484,0.0721,0.00,0.00,0.00,0.00,0.00,0.00,0.00,0.00
NVDA,1749245614558,141.7600,141.7500,141.7600,300,1600,144114,141.7500,141.7600,141.7500,141.7600,0.0100,142.1566,36.8760,141.7563,141.8048,141.7484,0.0721,0.00,0.00,0.00,0.00,0.00,0.00,0.00,0.00
NVDA,1749245614817,141.7600,141.7500,141.7600,300,1600,144114,141.7500,141.7600,141.7500,141.7600,0.0100,142.1566,36.8760,141.7563,141.8048,141.7484,0.0721,0.00,0.00,0.00,0.00,0.00,0.00,0.00,0.00
NVDA,1749245615076,141.7500,141.7500,141.7600,300,1600,144116,141.7500,141.7600,141.7500,141.7600,0.0100,142.1566,36.8760,141.7563,141.8048,141.7484,0.0721,0.00,0.00,0.00,0.00,0.00,0.00,0.00,0.00
NVDA,1749245615076,141.7600,141.7500,141.7600,300,1600,144720,141.7500,141.7600,141.7500,141.7600,0.0100,142.1566,36.8760,141.7563,141.8048,141.7484,0.0721,0.00,0.00,0.00,0.00,0.00,0.00,0.00,0.00
NVDA,1749245615567,141.7600,141.7500,141.7600,300,1600,144720,141.7500,141.7600,141.7500,141.7600,0.0100,142.1566,36.8760,141.7563,141.8048,141.7484,0.0721,0.00,0.00,0.00,0.00,0.00,0.00,0.00,0.00
NVDA,1749245616023,141.7600,141.7500,141.7600,300,1600,144720,141.7600,141.7600,141.7500,141.7600,0.0100,142.1566,36.8760,141.7563,141.8048,141.7484,0.0721,0.00,0.00,0.00,0.00,0.00,0.00,0.00,0.00
NVDA,1749245616152,141.7600,141.7500,141.7600,300,1600,144721,141.7600,141.7600,141.7500,141.7600,0.0100,142.1566,36.8760,141.7563,141.8048,141.7484,0.0721,0.00,0.00,0.00,0.00,0.00,0.00,0.00,0.00
NVDA,1749245618816,141.7600,141.7500,141.7600,300,1600,144721,141.7600,141.7600,141.7500,141.7600,0.0100,142.1566,36.8760,141.7563,141.8048,141.7484,0.0721,0.00,0.00,0.00,0.00,0.00,0.00,0.00,0.00
NVDA,1749245619373,141.7600,141.7500,141.7600,300,1600,144722,141.7600,141.7600,141.7500,141.7600,0.0100,142.1566,36.8760,141.7563,141.8048,141.7484,0.0721,0.00,0.00,0.00,0.00,0.00,0.00,0.00,0.00
NVDA,1749245621021,141.7600,141.7500,141.7600,300,1600,144722,141.7600,141.7600,141.7600,141.7600,0.0100,142.1566,36.8760,141.7563,141.8048,141.7484,0.0721,0.00,0.00,0.00,0.00,0.00,0.00,0.00,0.00
NVDA,1749245621579,141.7600,141.7500,141.7600,300,1600,144722,141.7600,141.7600,141.7600,141.7600,0.0100,142.1566,36.8760,141.7563,141.8048,141.7484,0.0721,0.00,0.00,0.00,0.00,0.00,0.00,0.00,0.00
NVDA,1749245621664,141.7600,141.7500,141.7600,300,1600,144723,141.7600,141.7600,141.7600,141.7600,0.0100,142.1566,36.8760,141.7563,141.8048,141.7484,0.0721,0.00,0.00,0.00,0.00,0.00,0.00,0.00,0.00
NVDA,1749245622076,141.7600,141.7500,141.7600,300,1600,144723,141.7600,141.7600,141.7600,141.7600,0.0100,142.1566,36.8760,141.7563,141.8048,141.7484,0.0721,0.00,0.00,0.00,0.00,0.00,0.00,0.00,0.00
NVDA,1749245622306,141.7600,141.7500,141.7600,300,1600,144724,141.7600,141.7600,141.7600,141.7600,0.0100,142.1566,36.8760,141.7563,141.8048,141.7484,0.0721,0.00,0.00,0.00,0.00,0.00,0.00,0.00,0.00
NVDA,1749245622306,141.7500,141.7500,141.7600,300,1600,144749,141.7600,141.7600,141.7600,141.7600,0.0100,142.1566,36.8760,141.7563,141.8048,141.7484,0.0721,0.00,0.00,0.00,0.00,0.00,0.00,0.00,0.00
NVDA,1749245624577,141.7500,141.7500,141.7600,300,1600,144874,141.7600,141.7600,141.7600,141.7600,0.0100,142.1566,36.8760,141.7563,141.8048,141.7484,0.0721,0.00,0.00,0.00,0.00,0.00,0.00,0.00,0.00
NVDA,1749245625209,141.7600,141.7500,141.7600,300,1600,144875,141.7600,141.7600,141.7600,141.7600,0.0100,142.1566,36.8760,141.7563,141.8048,141.7484,0.0721,0.00,0.00,0.00,0.00,0.00,0.00,0.00,0.00
NVDA,1749245626027,141.7600,141.7500,141.7600,300,1600,144875,141.7500,141.7500,141.7500,141.7500,0.0100,142.1566,36.8760,141.7563,141.8048,141.7484,0.0721,0.00,0.00,0.00,0.00,0.00,0.00,0.00,0.00
NVDA,1749245627578,141.7600,141.7500,141.7600,300,1600,144875,141.7500,141.7500,141.7500,141.7500,0.0100,142.1566,36.8760,141.7563,141.8048,141.7484,0.0721,0.00,0.00,0.00,0.00,0.00,0.00,0.00,0.00
NVDA,1749245628110,141.7600,141.7500,141.7600,300,1600,144895,141.7500,141.7500,141.7500,141.7500,0.0100,142.1566,36.8760,141.7563,141.8048,141.7484,0.0721,0.00,0.00,0.00,0.00,0.00,0.00,0.00,0.00
NVDA,1749245631029,141.7600,141.7500,141.7600,300,1600,144895,141.7500,141.7500,141.7500,141.7500,0.0100,142.1566,36.8760,141.7563,141.8048,141.7484,0.0721,0.00,0.00,0.00,0.00,0.00,0.00,0.00,0.00
NVDA,1749245632833,141.7600,141.7500,141.7600,300,1600,144895,141.7500,141.7500,141.7500,141.7500,0.0100,142.1566,36.8760,141.7563,141.8048,141.7484,0.0721,0.00,0.00,0.00,0.00,0.00,0.00,0.00,0.00
NVDA,1749245633342,141.7600,141.7500,141.7600,300,1600,144895,141.7500,141.7500,141.7500,141.7500,0.0100,142.1566,36.8760,141.7563,141.8048,141.7484,0.0721,0.00,0.00,0.00,0.00,0.00,0.00,0.00,0.00
NVDA,1749245633586,141.7600,141.7500,141.7600,300,1600,144896,141.7500,141.7500,141.7500,141.7500,0.0100,142.1566,36.8760,141.7563,141.8048,141.7484,0.0721,0.00,0.00,0.00,0.00,0.00,0.00,0.00,0.00
NVDA,1749245633949,141.7500,141.7500,141.7600,300,1600,144910,141.7500,141.7500,141.7500,141.7500,0.0100,142.1566,36.8760,141.7563,141.8048,141.7484,0.0721,0.00,0.00,0.00,0.00,0.00,0.00,0.00,0.00
NVDA,1749245633949,141.7600,141.7500,141.7600,300,1600,144911,141.7500,141.7500,141.7500,141.7500,0.0100,142.1566,36.8760,141.7563,141.8048,141.7484,0.0721,0.00,0.00,0.00,0.00,0.00,0.00,0.00,0.00
NVDA,1749245634594,141.7600,141.7500,141.7600,300,1600,144911,141.7500,141.7500,141.7500,141.7500,0.0100,142.1566,36.8760,141.7563,141.8048,141.7484,0.0721,0.00,0.00,0.00,0.00,0.00,0.00,0.00,0.00
NVDA,1749245635226,141.7600,141.7500,141.7600,300,1600,144912,141.7500,141.7500,141.7500,141.7500,0.0100,142.1566,36.8760,141.7563,141.8048,141.7484,0.0721,0.00,0.00,0.00,0.00,0.00,0.00,0.00,0.00
NVDA,1749245636029,141.7600,141.7500,141.7600,300,1600,144912,141.7500,141.7500,141.7500,141.7500,0.0100,142.1566,36.8760,141.7563,141.8048,141.7484,0.0721,0.00,0.00,0.00,0.00,0.00,0.00,0.00,0.00
NVDA,1749245636394,141.7600,141.7500,141.7600,300,1600,144912,141.7500,141.7500,141.7500,141.7500,0.0100,142.1566,36.8760,141.7563,141.8048,141.7484,0.0721,0.00,0.00,0.00,0.00,0.00,0.00,0.00,0.00
NVDA,1749245636843,141.7600,141.7500,141.7600,300,1600,144912,141.7500,141.7500,141.7500,141.7500,0.0100,142.1566,36.8760,141.7563,141.8048,141.7484,0.0721,0.00,0.00,0.00,0.00,0.00,0.00,0.00,0.00
NVDA,1749245636843,141.7500,141.7500,141.7600,300,1600,145002,141.7500,141.7500,141.7500,141.7500,0.0100,142.1566,36.8760,141.7563,141.8048,141.7484,0.0721,0.00,0.00,0.00,0.00,0.00,0.00,0.00,0.00
NVDA,1749245636843,141.7600,141.7500,141.7600,300,1600,145003,141.7500,141.7500,141.7500,141.7500,0.0100,142.1566,36.8760,141.7563,141.8048,141.7484,0.0721,0.00,0.00,0.00,0.00,0.00,0.00,0.00,0.00
NVDA,1749245640347,141.7600,141.7500,141.7600,300,1600,145003,141.7500,141.7500,141.7500,141.7500,0.0100,142.1566,36.8760,141.7571,141.8015,141.7521,0.0677,0.00,0.00,0.00,0.00,0.00,0.00,0.00,0.00
NVDA,1749245640831,141.7600,141.7500,141.7600,300,1700,145003,141.7500,141.7500,141.7500,141.7500,0.0100,142.1566,36.8760,141.7571,141.8015,141.7521,0.0677,0.00,0.00,0.00,0.00,0.00,0.00,0.00,0.00
NVDA,1749245641032,141.7600,141.7500,141.7600,300,1700,145004,141.7500,141.7500,141.7500,141.7500,0.0100,142.1566,36.8760,141.7571,141.8015,141.7521,0.0677,0.00,0.00,0.00,0.00,0.00,0.00,0.00,0.00
NVDA,1749245641498,141.7600,141.7500,141.7600,200,1700,145004,141.7500,141.7500,141.7500,141.7500,0.0100,142.1566,36.8760,141.7571,141.8015,141.7521,0.0677,0.00,0.00,0.00,0.00,0.00,0.00,0.00,0.00
NVDA,1749245641498,141.7500,141.7500,141.7600,200,1700,145064,141.7500,141.7500,141.7500,141.7500,0.0100,142.1566,36.8760,141.7571,141.8015,141.7521,0.0677,0.00,0.00,0.00,0.00,0.00,0.00,0.00,0.00
NVDA,1749245641852,141.7500,141.7500,141.7600,200,1700,145084,141.7500,141.7500,141.7500,141.7500,0.0100,142.1566,36.8760,141.7571,141.8015,141.7521,0.0677,0.00,0.00,0.00,0.00,0.00,0.00,0.00,0.00
NVDA,1749245642288,141.7600,141.7500,141.7600,200,1700,145584,141.7500,141.7500,141.7500,141.7500,0.0100,142.1566,36.8760,141.7571,141.8015,141.7521,0.0677,0.00,0.00,0.00,0.00,0.00,0.00,0.00,0.00
NVDA,1749245642288,141.7600,141.7500,141.7600,200,1500,145584,141.7500,141.7500,141.7500,141.7500,0.0100,142.1566,36.8760,141.7571,141.8015,141.7521,0.0677,0.00,0.00,0.00,0.00,0.00,0.00,0.00,0.00
NVDA,1749245642604,141.7600,141.7500,141.7600,200,1500,145584,141.7500,141.7500,141.7500,141.7500,0.0100,142.1566,36.8760,141.7571,141.8015,141.7521,0.0677,0.00,0.00,0.00,0.00,0.00,0.00,0.00,0.00
NVDA,1749245642945,141.7600,141.7500,141.7600,200,1500,145588,141.7500,141.7500,141.7500,141.7500,0.0100,142.1566,36.8760,141.7571,141.8015,141.7521,0.0677,0.00,0.00,0.00,0.00,0.00,0.00,0.00,0.00
NVDA,1749245643345,141.7600,141.7500,141.7600,200,1500,145588,141.7500,141.7500,141.7500,141.7500,0.0100,142.1566,36.8760,141.7571,141.8015,141.7521,0.0677,0.00,0.00,0.00,0.00,0.00,0.00,0.00,0.00
NVDA,1749245643602,141.7600,141.7500,141.7600,200,1500,145588,141.7500,141.7500,141.7500,141.7500,0.0100,142.1566,36.8760,141.7571,141.8015,141.7521,0.0677,0.00,0.00,0.00,0.00,0.00,0.00,0.00,0.00
NVDA,1749245644084,141.7600,141.7500,141.7600,200,1500,145589,141.7500,141.7500,141.7500,141.7500,0.0100,142.1566,36.8760,141.7571,141.8015,141.7521,0.0677,0.00,0.00,0.00,0.00,0.00,0.00,0.00,0.00
NVDA,1749245644084,141.7600,141.7500,141.7600,200,1400,145590,141.7500,141.7500,141.7500,141.7500,0.0100,142.1566,36.8760,141.7571,141.8015,141.7521,0.0677,0.00,0.00,0.00,0.00,0.00,0.00,0.00,0.00
NVDA,1749245645857,141.7600,141.7500,141.7600,200,1400,145590,141.7500,141.7500,141.7500,141.7500,0.0100,142.1566,36.8760,141.7571,141.8015,141.7521,0.0677,0.00,0.00,0.00,0.00,0.00,0.00,0.00,0.00
NVDA,1749245646028,141.7600,141.7500,141.7600,200,1400,145590,141.7500,141.7500,141.7500,141.7500,0.0100,142.1566,36.8760,141.7571,141.8015,141.7521,0.0677,0.00,0.00,0.00,0.00,0.00,0.00,0.00,0.00
NVDA,1749245646365,141.7600,141.7500,141.7600,200,1400,145591,141.7500,141.7500,141.7500,141.7500,0.0100,142.1566,36.8760,141.7571,141.8015,141.7521,0.0677,0.00,0.00,0.00,0.00,0.00,0.00,0.00,0.00
NVDA,1749245646858,141.7600,141.7500,141.7600,200,1400,145592,141.7500,141.7500,141.7500,141.7500,0.0100,142.1566,36.8760,141.7571,141.8015,141.7521,0.0677,0.00,0.00,0.00,0.00,0.00,0.00,0.00,0.00
NVDA,1749245647418,141.7500,141.7500,141.7600,200,1400,145598,141.7500,141.7500,141.7500,141.7500,0.0100,142.1566,36.8760,141.7571,141.8015,141.7521,0.0677,0.00,0.00,0.00,0.00,0.00,0.00,0.00,0.00
NVDA,1749245647605,141.7500,141.7500,141.7600,200,1400,145598,141.7500,141.7500,141.7500,141.7500,0.0100,142.1566,36.8760,141.7571,141.8015,141.7521,0.0677,0.00,0.00,0.00,0.00,0.00,0.00,0.00,0.00
NVDA,1749245648183,141.7600,141.7500,141.7600,200,1400,145606,141.7500,141.7500,141.7500,141.7500,0.0100,142.1566,36.8760,141.7571,141.8015,141.7521,0.0677,0.00,0.00,0.00,0.00,0.00,0.00,0.00,0.00
NVDA,1749245650110,141.7600,141.7500,141.7600,200,1400,145606,141.7500,141.7500,141.7500,141.7500,0.0100,142.1565,36.8760,141.7571,141.8015,141.7521,0.0677,0.00,0.00,0.00,0.00,0.00,0.00,0.00,0.00
NVDA,1749245650110,141.7500,141.7500,141.7600,200,1400,145863,141.7500,141.7500,141.7500,141.7500,0.0100,142.1565,36.8760,141.7571,141.8015,141.7521,0.0677,0.00,0.00,0.00,0.00,0.00,0.00,0.00,0.00
NVDA,1749245650110,141.7400,141.7500,141.7600,200,1400,146576,141.7500,141.7500,141.7500,141.7500,0.0100,142.1565,36.8760,141.7571,141.8015,141.7521,0.0677,0.00,0.00,0.00,0.00,0.00,0.00,0.00,0.00
NVDA,1749245650110,141.7500,141.7500,141.7600,200,1400,146833,141.7500,141.7500,141.7500,141.7500,0.0100,142.1565,36.8760,141.7571,141.8015,141.7521,0.0677,0.00,0.00,0.00,0.00,0.00,0.00,0.00,0.00
NVDA,1749245650110,141.7400,141.7500,141.7600,200,1400,146840,141.7500,141.7500,141.7500,141.7500,0.0100,142.1565,36.8760,141.7571,141.8015,141.7521,0.0677,0.00,0.00,0.00,0.00,0.00,0.00,0.00,0.00
NVDA,1749245650110,141.7500,141.7500,141.7600,200,1400,147973,141.7500,141.7500,141.7500,141.7500,0.0100,142.1565,36.8760,141.7571,141.8015,141.7521,0.0677,0.00,0.00,0.00,0.00,0.00,0.00,0.00,0.00
NVDA,1749245650110,141.7300,141.7500,141.7600,200,1400,148800,141.7500,141.7500,141.7500,141.7500,0.0100,142.1565,36.8760,141.7571,141.8015,141.7521,0.0677,0.00,0.00,0.00,0.00,0.00,0.00,0.00,0.00
NVDA,1749245650110,141.7200,141.7500,141.7600,200,1400,149004,141.7500,141.7500,141.7500,141.7500,0.0100,142.1565,36.8760,141.7571,141.8015,141.7521,0.0677,0.00,0.00,0.00,0.00,0.00,0.00,0.00,0.00
NVDA,1749245650110,141.7100,141.7500,141.7600,200,1400,150406,141.7500,141.7500,141.7500,141.7500,0.0100,142.1565,36.8760,141.7571,141.8015,141.7521,0.0677,0.00,0.00,0.00,0.00,0.00,0.00,0.00,0.00
NVDA,1749245650188,141.7100,141.7500,141.7600,200,1400,150916,141.7500,141.7500,141.7500,141.7500,0.0100,142.1565,36.8760,141.7571,141.8015,141.7521,0.0677,0.00,0.00,0.00,0.00,0.00,0.00,0.00,0.00
NVDA,1749245650188,141.7000,141.7500,141.7600,200,1400,154080,141.7500,141.7500,141.7500,141.7500,0.0100,142.1565,36.8760,141.7571,141.8015,141.7521,0.0677,0.00,0.00,0.00,0.00,0.00,0.00,0.00,0.00
NVDA,1749245650188,141.6900,141.7500,141.7600,200,1400,155024,141.7500,141.7500,141.7500,141.7500,0.0100,142.1565,36.8760,141.7571,141.8015,141.7521,0.0677,0.00,0.00,0.00,0.00,0.00,0.00,0.00,0.00
NVDA,1749245650188,141.7000,141.7500,141.7600,200,1400,155279,141.7500,141.7500,141.7500,141.7500,0.0100,142.1565,36.8760,141.7571,141.8015,141.7521,0.0677,0.00,0.00,0.00,0.00,0.00,0.00,0.00,0.00
NVDA,1749245650264,141.7000,141.7500,141.7600,200,1400,155309,141.7500,141.7500,141.7500,141.7500,0.0100,142.1565,36.8760,141.7571,141.8015,141.7521,0.0677,0.00,0.00,0.00,0.00,0.00,0.00,0.00,0.00
NVDA,1749245650264,141.6900,141.7500,141.7600,200,1400,155379,141.7500,141.7500,141.7500,141.7500,0.0100,142.1565,36.8760,141.7571,141.8015,141.7521,0.0677,0.00,0.00,0.00,0.00,0.00,0.00,0.00,0.00
NVDA,1749245650264,141.6900,141.7400,141.7600,500,1400,155449,141.7500,141.7500,141.7500,141.7500,0.0200,142.1565,36.8760,141.7571,141.8015,141.7521,0.0677,0.00,0.00,0.00,0.00,0.00,0.00,0.00,0.00
NVDA,1749245650264,141.6900,141.7200,141.7500,200,100,155449,141.7500,141.7500,141.7500,141.7500,0.0300,142.1565,36.8760,141.7571,141.8015,141.7521,0.0677,0.00,0.00,0.00,0.00,0.00,0.00,0.00,0.00
NVDA,1749245650264,141.6900,141.7200,141.7500,200,200,155449,141.7500,141.7500,141.7500,141.7500,0.0300,142.1565,36.8760,141.7571,141.8015,141.7521,0.0677,0.00,0.00,0.00,0.00,0.00,0.00,0.00,0.00
NVDA,1749245650264,141.6900,141.7100,141.7400,700,200,155449,141.7500,141.7500,141.7500,141.7500,0.0300,142.1565,36.8760,141.7571,141.8015,141.7521,0.0677,0.00,0.00,0.00,0.00,0.00,0.00,0.00,0.00
NVDA,1749245650264,141.6900,141.7100,141.7400,700,300,155449,141.7500,141.7500,141.7500,141.7500,0.0300,142.1565,36.8760,141.7571,141.8015,141.7521,0.0677,0.00,0.00,0.00,0.00,0.00,0.00,0.00,0.00
NVDA,1749245650264,141.6900,141.7100,141.7400,700,400,155449,141.7500,141.7500,141.7500,141.7500,0.0300,142.1565,36.8760,141.7571,141.8015,141.7521,0.0677,0.00,0.00,0.00,0.00,0.00,0.00,0.00,0.00
NVDA,1749245650264,141.6900,141.7100,141.7400,700,500,155449,141.7500,141.7500,141.7500,141.7500,0.0300,142.1565,36.8760,141.7571,141.8015,141.7521,0.0677,0.00,0.00,0.00,0.00,0.00,0.00,0.00,0.00
NVDA,1749245650264,141.6900,141.7100,141.7400,600,500,155449,141.7500,141.7500,141.7500,141.7500,0.0300,142.1565,36.8760,141.7571,141.8015,141.7521,0.0677,0.00,0.00,0.00,0.00,0.00,0.00,0.00,0.00
NVDA,1749245650264,141.6900,141.7100,141.7300,600,200,155449,141.7500,141.7500,141.7500,141.7500,0.0200,142.1565,36.8760,141.7571,141.8015,141.7521,0.0677,0.00,0.00,0.00,0.00,0.00,0.00,0.00,0.00
NVDA,1749245650264,141.6900,141.7100,141.7300,600,300,155449,141.7500,141.7500,141.7500,141.7500,0.0200,142.1565,36.8760,141.7571,141.8015,141.7521,0.0677,0.00,0.00,0.00,0.00,0.00,0.00,0.00,0.00
NVDA,1749245650264,141.6900,141.7000,141.7200,800,100,155449,141.7500,141.7500,141.7500,141.7500,0.0200,142.1565,36.8760,141.7571,141.8015,141.7521,0.0677,0.00,0.00,0.00,0.00,0.00,0.00,0.00,0.00
NVDA,1749245650264,141.6900,141.6900,141.7200,200,100,155449,141.7500,141.7500,141.7500,141.7500,0.0300,142.1565,36.8760,141.7571,141.8015,141.7521,0.0677,0.00,0.00,0.00,0.00,0.00,0.00,0.00,0.00
NVDA,1749245650264,141.6900,141.6900,141.7100,200,100,155449,141.7500,141.7500,141.7500,141.7500,0.0200,142.1565,36.8760,141.7571,141.8015,141.7521,0.0677,0.00,0.00,0.00,0.00,0.00,0.00,0.00,0.00
NVDA,1749245650264,141.6900,141.6800,141.7000,200,100,155449,141.7500,141.7500,141.7500,141.7500,0.0200,142.1565,36.8760,141.7571,141.8015,141.7521,0.0677,0.00,0.00,0.00,0.00,0.00,0.00,0.00,0.00
NVDA,1749245650264,141.6900,141.6800,141.7100,200,100,155449,141.7500,141.7500,141.7500,141.7500,0.0300,142.1565,36.8760,141.7571,141.8015,141.7521,0.0677,0.00,0.00,0.00,0.00,0.00,0.00,0.00,0.00
NVDA,1749245650264,141.6900,141.6800,141.7000,200,100,155449,141.7500,141.7500,141.7500,141.7500,0.0200,142.1565,36.8760,141.7571,141.8015,141.7521,0.0677,0.00,0.00,0.00,0.00,0.00,0.00,0.00,0.00
NVDA,1749245650264,141.6900,141.6800,141.7100,200,100,155449,141.7500,141.7500,141.7500,141.7500,0.0300,142.1565,36.8760,141.7571,141.8015,141.7521,0.0677,0.00,0.00,0.00,0.00,0.00,0.00,0.00,0.00
NVDA,1749245650264,141.7000,141.6800,141.7100,200,100,155479,141.7500,141.7500,141.7500,141.7500,0.0300,142.1565,36.8760,141.7571,141.8015,141.7521,0.0677,0.00,0.00,0.00,0.00,0.00,0.00,0.00,0.00
NVDA,1749245650264,141.6900,141.6800,141.7100,200,100,155539,141.7500,141.7500,141.7500,141.7500,0.0300,142.1565,36.8760,141.7571,141.8015,141.7521,0.0677,0.00,0.00,0.00,0.00,0.00,0.00,0.00,0.00
NVDA,1749245650264,141.7000,141.6800,141.7100,200,100,155599,141.7500,141.7500,141.7500,141.7500,0.0300,142.1565,36.8760,141.7571,141.8015,141.7521,0.0677,0.00,0.00,0.00,0.00,0.00,0.00,0.00,0.00
NVDA,1749245650264,141.6900,141.6800,141.7100,200,100,155629,141.7500,141.7500,141.7500,141.7500,0.0300,142.1565,36.8760,141.7571,141.8015,141.7521,0.0677,0.00,0.00,0.00,0.00,0.00,0.00,0.00,0.00
NVDA,1749245650264,141.6800,141.6800,141.7100,200,100,155848,141.7500,141.7500,141.7500,141.7500,0.0300,142.1565,36.8760,141.7571,141.8015,141.7521,0.0677,0.00,0.00,0.00,0.00,0.00,0.00,0.00,0.00
NVDA,1749245650264,141.6900,141.6800,141.7100,200,100,155869,141.7500,141.7500,141.7500,141.7500,0.0300,142.1565,36.8760,141.7571,141.8015,141.7521,0.0677,0.00,0.00,0.00,0.00,0.00,0.00,0.00,0.00
NVDA,1749245650264,141.6800,141.6800,141.7100,200,100,156010,141.7500,141.7500,141.7500,141.7500,0.0300,142.1565,36.8760,141.7571,141.8015,141.7521,0.0677,0.00,0.00,0.00,0.00,0.00,0.00,0.00,0.00
NVDA,1749245650342,141.6800,141.6800,141.7100,200,100,156110,141.7500,141.7500,141.7500,141.7500,0.0300,142.1565,36.8760,141.7571,141.8015,141.7521,0.0677,0.00,0.00,0.00,0.00,0.00,0.00,0.00,0.00
NVDA,1749245650342,141.6900,141.6800,141.7100,200,100,156120,141.7500,141.7500,141.7500,141.7500,0.0300,142.1565,36.8760,141.7571,141.8015,141.7521,0.0677,0.00,0.00,0.00,0.00,0.00,0.00,0.00,0.00
NVDA,1749245650342,141.6800,141.6800,141.7100,200,100,156170,141.7500,141.7500,141.7500,141.7500,0.0300,142.1565,36.8760,141.7571,141.8015,141.7521,0.0677,0.00,0.00,0.00,0.00,0.00,0.00,0.00,0.00
NVDA,1749245650342,141.6700,141.6800,141.7100,200,100,156551,141.7500,141.7500,141.7500,141.7500,0.0300,142.1565,36.8760,141.7571,141.8015,141.7521,0.0677,0.00,0.00,0.00,0.00,0.00,0.00,0.00,0.00
NVDA,1749245650342,141.7000,141.6800,141.7100,200,100,156581,141.7500,141.7500,141.7500,141.7500,0.0300,142.1565,36.8760,141.7571,141.8015,141.7521,0.0677,0.00,0.00,0.00,0.00,0.00,0.00,0.00,0.00
NVDA,1749245650342,141.6900,141.6800,141.7100,200,100,156611,141.7500,141.7500,141.7500,141.7500,0.0300,142.1565,36.8760,141.7571,141.8015,141.7521,0.0677,0.00,0.00,0.00,0.00,0.00,0.00,0.00,0.00
NVDA,1749245650342,141.6800,141.6800,141.7100,200,100,156641,141.7500,141.7500,141.7500,141.7500,0.0300,142.1565,36.8760,141.7571,141.8015,141.7521,0.0677,0.00,0.00,0.00,0.00,0.00,0.00,0.00,0.00
NVDA,1749245650342,141.6700,141.6800,141.7100,200,100,156811,141.7500,141.7500,141.7500,141.7500,0.0300,142.1565,36.8760,141.7571,141.8015,141.7521,0.0677,0.00,0.00,0.00,0.00,0.00,0.00,0.00,0.00
NVDA,1749245650342,141.7000,141.6800,141.7100,200,100,156841,141.7500,141.7500,141.7500,141.7500,0.0300,142.1565,36.8760,141.7571,141.8015,141.7521,0.0677,0.00,0.00,0.00,0.00,0.00,0.00,0.00,0.00
NVDA,1749245650342,141.6700,141.6800,141.7100,200,100,156871,141.7500,141.7500,141.7500,141.7500,0.0300,142.1565,36.8760,141.7571,141.8015,141.7521,0.0677,0.00,0.00,0.00,0.00,0.00,0.00,0.00,0.00
NVDA,1749245650342,141.7000,141.6800,141.7100,200,100,156901,141.7500,141.7500,141.7500,141.7500,0.0300,142.1565,36.8760,141.7571,141.8015,141.7521,0.0677,0.00,0.00,0.00,0.00,0.00,0.00,0.00,0.00
NVDA,1749245650342,141.6700,141.6800,141.7100,200,100,156991,141.7500,141.7500,141.7500,141.7500,0.0300,142.1565,36.8760,141.7571,141.8015,141.7521,0.0677,0.00,0.00,0.00,0.00,0.00,0.00,0.00,0.00
NVDA,1749245650420,141.6700,141.6800,141.7100,200,100,157061,141.7500,141.7500,141.7500,141.7500,0.0300,142.1565,36.8760,141.7571,141.8015,141.7521,0.0677,0.00,0.00,0.00,0.00,0.00,0.00,0.00,0.00
NVDA,1749245650420,141.6800,141.6800,141.7100,200,100,157111,141.7500,141.7500,141.7500,141.7500,0.0300,142.1565,36.8760,141.7571,141.8015,141.7521,0.0677,0.00,0.00,0.00,0.00,0.00,0.00,0.00,0.00
NVDA,1749245650420,141.6900,141.6800,141.7100,200,100,157171,141.7500,141.7500,141.7500,141.7500,0.0300,142.1565,36.8760,141.7571,141.8015,141.7521,0.0677,0.00,0.00,0.00,0.00,0.00,0.00,0.00,0.00
NVDA,1749245650420,141.6800,141.6800,141.7100,200,100,157201,141.7500,141.7500,141.7500,141.7500,0.0300,142.1565,36.8760,141.7571,141.8015,141.7521,0.0677,0.00,0.00,0.00,0.00,0.00,0.00,0.00,0.00
NVDA,1749245650420,141.6700,141.6800,141.7100,200,100,157231,141.7500,141.7500,141.7500,141.7500,0.0300,142.1565,36.8760,141.7571,141.8015,141.7521,0.0677,0.00,0.00,0.00,0.00,0.00,0.00,0.00,0.00
NVDA,1749245650420,141.6900,141.6800,141.7100,200,100,157301,141.7500,141.7500,141.7500,141.7500,0.0300,142.1565,36.8760,141.7571,141.8015,141.7521,0.0677,0.00,0.00,0.00,0.00,0.00,0.00,0.00,0.00
NVDA,1749245650420,141.6700,141.6800,141.7100,200,100,157469,141.7500,141.7500,141.7500,141.7500,0.0300,142.1565,36.8760,141.7571,141.8015,141.7521,0.0677,0.00,0.00,0.00,0.00,0.00,0.00,0.00,0.00
NVDA,1749245650420,141.6600,141.6800,141.7100,200,100,157721,141.7500,141.7500,141.7500,141.7500,0.0300,142.1565,36.8760,141.7571,141.8015,141.7521,0.0677,0.00,0.00,0.00,0.00,0.00,0.00,0.00,0.00
NVDA,1749245650420,141.6700,141.6800,141.7100,200,100,157907,141.7500,141.7500,141.7500,141.7500,0.0300,142.1565,36.8760,141.7571,141.8015,141.7521,0.0677,0.00,0.00,0.00,0.00,0.00,0.00,0.00,0.00
NVDA,1749245650500,141.6700,141.6800,141.7100,200,100,157909,141.7500,141.7500,141.7500,141.7500,0.0300,142.1565,36.8760,141.7571,141.8015,141.7521,0.0677,0.00,0.00,0.00,0.00,0.00,0.00,0.00,0.00
NVDA,1749245650500,141.6700,141.6700,141.7100,300,100,157979,141.7500,141.7500,141.7500,141.7500,0.0400,142.1565,36.8760,141.7571,141.8015,141.7521,0.0677,0.00,0.00,0.00,0.00,0.00,0.00,0.00,0.00
NVDA,1749245650500,141.6700,141.6700,141.6900,300,100,157979,141.7500,141.7500,141.7500,141.7500,0.0200,142.1565,36.8760,141.7571,141.8015,141.7521,0.0677,0.00,0.00,0.00,0.00,0.00,0.00,0.00,0.00
NVDA,1749245650500,141.6700,141.6700,141.7200,300,100,157979,141.7500,141.7500,141.7500,141.7500,0.0500,142.1565,36.8760,141.7571,141.8015,141.7521,0.0677,0.00,0.00,0.00,0.00,0.00,0.00,0.00,0.00
NVDA,1749245650500,141.6700,141.6700,141.7000,200,100,157979,141.7500,141.7500,141.7500,141.7500,0.0300,142.1565,36.8760,141.7571,141.8015,141.7521,0.0677,0.00,0.00,0.00,0.00,0.00,0.00,0.00,0.00
NVDA,1749245650500,141.6700,141.6600,141.6800,400,100,157979,141.7500,141.7500,141.7500,141.7500,0.0200,142.1565,36.8760,141.7571,141.8015,141.7521,0.0677,0.00,0.00,0.00,0.00,0.00,0.00,0.00,0.00
NVDA,1749245650500,141.6700,141.6700,141.6800,100,100,157979,141.7500,141.7500,141.7500,141.7500,0.0100,142.1565,36.8760,141.7571,141.8015,141.7521,0.0677,0.00,0.00,0.00,0.00,0.00,0.00,0.00,0.00
NVDA,1749245650500,141.6700,141.6600,141.6800,400,100,157979,141.7500,141.7500,141.7500,141.7500,0.0200,142.1565,36.8760,141.7571,141.8015,141.7521,0.0677,0.00,0.00,0.00,0.00,0.00,0.00,0.00,0.00
NVDA,1749245650500,141.6700,141.6600,141.6900,400,100,157979,141.7500,141.7500,141.7500,141.7500,0.0300,142.1565,36.8760,141.7571,141.8015,141.7521,0.0677,0.00,0.00,0.00,0.00,0.00,0.00,0.00,0.00
NVDA,1749245650500,141.6700,141.6600,141.6900,500,100,157979,141.7500,141.7500,141.7500,141.7500,0.0300,142.1565,36.8760,141.7571,141.8015,141.7521,0.0677,0.00,0.00,0.00,0.00,0.00,0.00,0.00,0.00
NVDA,1749245650500,141.6700,141.6600,141.7200,500,600,157979,141.7500,141.7500,141.7500,141.7500,0.0600,142.1565,36.8760,141.7571,141.8015,141.7521,0.0677,0.00,0.00,0.00,0.00,0.00,0.00,0.00,0.00
NVDA,1749245650500,141.6700,141.6600,141.6900,500,100,157979,141.7500,141.7500,141.7500,141.7500,0.0300,142.1565,36.8760,141.7571,141.8015,141.7521,0.0677,0.00,0.00,0.00,0.00,0.00,0.00,0.00,0.00
NVDA,1749245650500,141.6700,141.6700,141.6900,300,100,157979,141.7500,141.7500,141.7500,141.7500,0.0200,142.1565,36.8760,141.7571,141.8015,141.7521,0.0677,0.00,0.00,0.00,0.00,0.00,0.00,0.00,0.00
NVDA,1749245650500,141.6700,141.6600,141.6900,200,200,157979,141.7500,141.7500,141.7500,141.7500,0.0300,142.1565,36.8760,141.7571,141.8015,141.7521,0.0677,0.00,0.00,0.00,0.00,0.00,0.00,0.00,0.00
NVDA,1749245650500,141.6700,141.6700,141.6900,100,100,157979,141.7500,141.7500,141.7500,141.7500,0.0200,142.1565,36.8760,141.7571,141.8015,141.7521,0.0677,0.00,0.00,0.00,0.00,0.00,0.00,0.00,0.00
NVDA,1749245650500,141.6700,141.6700,141.6800,100,100,157979,141.7500,141.7500,141.7500,141.7500,0.0100,142.1565,36.8760,141.7571,141.8015,141.7521,0.0677,0.00,0.00,0.00,0.00,0.00,0.00,0.00,0.00
NVDA,1749245650500,141.6700,141.6700,141.6900,100,100,157979,141.7500,141.7500,141.7500,141.7500,0.0200,142.1565,36.8760,141.7571,141.8015,141.7521,0.0677,0.00,0.00,0.00,0.00,0.00,0.00,0.00,0.00
NVDA,1749245650500,141.6700,141.6700,141.7000,100,100,157979,141.7500,141.7500,141.7500,141.7500,0.0300,142.1565,36.8760,141.7571,141.8015,141.7521,0.0677,0.00,0.00,0.00,0.00,0.00,0.00,0.00,0.00
NVDA,1749245650500,141.6600,141.6700,141.7000,100,100,157980,141.7500,141.7500,141.7500,141.7500,0.0300,142.1565,36.8760,141.7571,141.8015,141.7521,0.0677,0.00,0.00,0.00,0.00,0.00,0.00,0.00,0.00
NVDA,1749245650500,141.6800,141.6700,141.7000,100,100,158011,141.7500,141.7500,141.7500,141.7500,0.0300,142.1565,36.8760,141.7571,141.8015,141.7521,0.0677,0.00,0.00,0.00,0.00,0.00,0.00,0.00,0.00
NVDA,1749245650500,141.6900,141.6700,141.7000,100,100,158071,141.7500,141.7500,141.7500,141.7500,0.0300,142.1565,36.8760,141.7571,141.8015,141.7521,0.0677,0.00,0.00,0.00,0.00,0.00,0.00,0.00,0.00
NVDA,1749245650500,141.6800,141.6700,141.7000,100,100,158081,141.7500,141.7500,141.7500,141.7500,0.0300,142.1565,36.8760,141.7571,141.8015,141.7521,0.0677,0.00,0.00,0.00,0.00,0.00,0.00,0.00,0.00
NVDA,1749245650500,141.6900,141.6700,141.7000,100,100,158111,141.7500,141.7500,141.7500,141.7500,0.0300,142.1565,36.8760,141.7571,141.8015,141.7521,0.0677,0.00,0.00,0.00,0.00,0.00,0.00,0.00,0.00
NVDA,1749245650500,141.6700,141.6700,141.7000,100,100,158141,141.7500,141.7500,141.7500,141.7500,0.0300,142.1565,36.8760,141.7571,141.8015,141.7521,0.0677,0.00,0.00,0.00,0.00,0.00,0.00,0.00,0.00
NVDA,1749245650500,141.6600,141.6700,141.7000,100,100,158313,141.7500,141.7500,141.7500,141.7500,0.0300,142.1565,36.8760,141.7571,141.8015,141.7521,0.0677,0.00,0.00,0.00,0.00,0.00,0.00,0.00,0.00
NVDA,1749245650500,141.6900,141.6700,141.7000,100,100,158323,141.7500,141.7500,141.7500,141.7500,0.0300,142.1565,36.8760,141.7571,141.8015,141.7521,0.0677,0.00,0.00,0.00,0.00,0.00,0.00,0.00,0.00
NVDA,1749245650500,141.6600,141.6700,141.7000,100,100,158383,141.7500,141.7500,141.7500,141.7500,0.0300,142.1565,36.8760,141.7571,141.8015,141.7521,0.0677,0.00,0.00,0.00,0.00,0.00,0.00,0.00,0.00
NVDA,1749245650500,141.6900,141.6700,141.7000,100,100,158433,141.7500,141.7500,141.7500,141.7500,0.0300,142.1565,36.8760,141.7571,141.8015,141.7521,0.0677,0.00,0.00,0.00,0.00,0.00,0.00,0.00,0.00
NVDA,1749245650500,141.6600,141.6700,141.7000,100,100,158573,141.7500,141.7500,141.7500,141.7500,0.0300,142.1565,36.8760,141.7571,141.8015,141.7521,0.0677,0.00,0.00,0.00,0.00,0.00,0.00,0.00,0.00
NVDA,1749245650579,141.6900,141.6700,141.7000,100,100,158593,141.7500,141.7500,141.7500,141.7500,0.0300,142.1565,36.8760,141.7571,141.8015,141.7521,0.0677,0.00,0.00,0.00,0.00,0.00,0.00,0.00,0.00
NVDA,1749245650579,141.6800,141.6700,141.7000,100,100,158619,141.7500,141.7500,141.7500,141.7500,0.0300,142.1565,36.8760,141.7571,141.8015,141.7521,0.0677,0.00,0.00,0.00,0.00,0.00,0.00,0.00,0.00
NVDA,1749245650579,141.6700,141.6700,141.7000,100,100,158759,141.7500,141.7500,141.7500,141.7500,0.0300,142.1565,36.8760,141.7571,141.8015,141.7521,0.0677,0.00,0.00,0.00,0.00,0.00,0.00,0.00,0.00
NVDA,1749245650579,141.6800,141.6700,141.7000,100,100,158819,141.7500,141.7500,141.7500,141.7500,0.0300,142.1565,36.8760,141.7571,141.8015,141.7521,0.0677,0.00,0.00,0.00,0.00,0.00,0.00,0.00,0.00
NVDA,1749245650579,141.6700,141.6700,141.7000,100,100,158932,141.7500,141.7500,141.7500,141.7500,0.0300,142.1565,36.8760,141.7571,141.8015,141.7521,0.0677,0.00,0.00,0.00,0.00,0.00,0.00,0.00,0.00
NVDA,1749245650579,141.6900,141.6700,141.7000,100,100,158962,141.7500,141.7500,141.7500,141.7500,0.0300,142.1565,36.8760,141.7571,141.8015,141.7521,0.0677,0.00,0.00,0.00,0.00,0.00,0.00,0.00,0.00
NVDA,1749245650579,141.6800,141.6700,141.7000,100,100,158968,141.7500,141.7500,141.7500,141.7500,0.0300,142.1565,36.8760,141.7571,141.8015,141.7521,0.0677,0.00,0.00,0.00,0.00,0.00,0.00,0.00,0.00
NVDA,1749245650579,141.6700,141.6700,141.7000,100,100,159012,141.7500,141.7500,141.7500,141.7500,0.0300,142.1565,36.8760,141.7571,141.8015,141.7521,0.0677,0.00,0.00,0.00,0.00,0.00,0.00,0.00,0.00
NVDA,1749245650579,141.6600,141.6700,141.7000,100,100,159126,141.7500,141.7500,141.7500,141.7500,0.0300,142.1565,36.8760,141.7571,141.8015,141.7521,0.0677,0.00,0.00,0.00,0.00,0.00,0.00,0.00,0.00
NVDA,1749245650579,141.7000,141.6700,141.7000,100,100,159154,141.7500,141.7500,141.7500,141.7500,0.0300,142.1565,36.8760,141.7571,141.8015,141.7521,0.0677,0.00,0.00,0.00,0.00,0.00,0.00,0.00,0.00
NVDA,1749245650579,141.6600,141.6700,141.7000,100,100,159198,141.7500,141.7500,141.7500,141.7500,0.0300,142.1565,36.8760,141.7571,141.8015,141.7521,0.0677,0.00,0.00,0.00,0.00,0.00,0.00,0.00,0.00
NVDA,1749245650579,141.7000,141.6700,141.7000,100,100,159202,141.7500,141.7500,141.7500,141.7500,0.0300,142.1565,36.8760,141.7571,141.8015,141.7521,0.0677,0.00,0.00,0.00,0.00,0.00,0.00,0.00,0.00
NVDA,1749245650579,141.6600,141.6700,141.7000,100,100,159228,141.7500,141.7500,141.7500,141.7500,0.0300,142.1565,36.8760,141.7571,141.8015,141.7521,0.0677,0.00,0.00,0.00,0.00,0.00,0.00,0.00,0.00
NVDA,1749245650655,141.6700,141.6700,141.7000,100,100,159230,141.7500,141.7500,141.7500,141.7500,0.0300,142.1565,36.8760,141.7571,141.8015,141.7521,0.0677,0.00,0.00,0.00,0.00,0.00,0.00,0.00,0.00
NVDA,1749245650655,141.6600,141.6700,141.7000,100,100,159320,141.7500,141.7500,141.7500,141.7500,0.0300,142.1565,36.8760,141.7571,141.8015,141.7521,0.0677,0.00,0.00,0.00,0.00,0.00,0.00,0.00,0.00
NVDA,1749245650655,141.6800,141.6700,141.7000,100,100,159382,141.7500,141.7500,141.7500,141.7500,0.0300,142.1565,36.8760,141.7571,141.8015,141.7521,0.0677,0.00,0.00,0.00,0.00,0.00,0.00,0.00,0.00
NVDA,1749245650655,141.6600,141.6700,141.7000,100,100,159408,141.7500,141.7500,141.7500,141.7500,0.0300,142.1565,36.8760,141.7571,141.8015,141.7521,0.0677,0.00,0.00,0.00,0.00,0.00,0.00,0.00,0.00
NVDA,1749245650655,141.6800,141.6700,141.7000,100,100,159601,141.7500,141.7500,141.7500,141.7500,0.0300,142.1565,36.8760,141.7571,141.8015,141.7521,0.0677,0.00,0.00,0.00,0.00,0.00,0.00,0.00,0.00
NVDA,1749245650655,141.6900,141.6700,141.7000,100,100,159845,141.7500,141.7500,141.7500,141.7500,0.0300,142.1565,36.8760,141.7571,141.8015,141.7521,0.0677,0.00,0.00,0.00,0.00,0.00,0.00,0.00,0.00
NVDA,1749245650655,141.6800,141.6700,141.7000,100,100,159875,141.7500,141.7500,141.7500,141.7500,0.0300,142.1565,36.8760,141.7571,141.8015,141.7521,0.0677,0.00,0.00,0.00,0.00,0.00,0.00,0.00,0.00
NVDA,1749245650655,141.6600,141.6700,141.7000,100,100,159915,141.7500,141.7500,141.7500,141.7500,0.0300,142.1565,36.8760,141.7571,141.8015,141.7521,0.0677,0.00,0.00,0.00,0.00,0.00,0.00,0.00,0.00
NVDA,1749245650731,141.6500,141.6700,141.7000,100,100,160064,141.7500,141.7500,141.7500,141.7500,0.0300,142.1565,36.8760,141.7571,141.8015,141.7521,0.0677,0.00,0.00,0.00,0.00,0.00,0.00,0.00,0.00
NVDA,1749245650731,141.6600,141.6700,141.7000,100,100,160154,141.7500,141.7500,141.7500,141.7500,0.0300,142.1565,36.8760,141.7571,141.8015,141.7521,0.0677,0.00,0.00,0.00,0.00,0.00,0.00,0.00,0.00
NVDA,1749245650731,141.6500,141.6700,141.7000,100,100,160216,141.7500,141.7500,141.7500,141.7500,0.0300,142.1565,36.8760,141.7571,141.8015,141.7521,0.0677,0.00,0.00,0.00,0.00,0.00,0.00,0.00,0.00
NVDA,1749245650731,141.6800,141.6700,141.7000,100,100,160276,141.7500,141.7500,141.7500,141.7500,0.0300,142.1565,36.8760,141.7571,141.8015,141.7521,0.0677,0.00,0.00,0.00,0.00,0.00,0.00,0.00,0.00
NVDA,1749245650731,141.6500,141.6700,141.7000,100,100,160322,141.7500,141.7500,141.7500,141.7500,0.0300,142.1565,36.8760,141.7571,141.8015,141.7521,0.0677,0.00,0.00,0.00,0.00,0.00,0.00,0.00,0.00
NVDA,1749245650731,141.6800,141.6700,141.7000,100,100,160492,141.7500,141.7500,141.7500,141.7500,0.0300,142.1565,36.8760,141.7571,141.8015,141.7521,0.0677,0.00,0.00,0.00,0.00,0.00,0.00,0.00,0.00
NVDA,1749245650731,141.6700,141.6700,141.7000,100,100,160526,141.7500,141.7500,141.7500,141.7500,0.0300,142.1565,36.8760,141.7571,141.8015,141.7521,0.0677,0.00,0.00,0.00,0.00,0.00,0.00,0.00,0.00
NVDA,1749245650731,141.6800,141.6700,141.7000,100,100,160566,141.7500,141.7500,141.7500,141.7500,0.0300,142.1565,36.8760,141.7571,141.8015,141.7521,0.0677,0.00,0.00,0.00,0.00,0.00,0.00,0.00,0.00
NVDA,1749245650808,141.6800,141.6700,141.7000,100,100,160582,141.7500,141.7500,141.7500,141.7500,0.0300,142.1565,36.8760,141.7571,141.8015,141.7521,0.0677,0.00,0.00,0.00,0.00,0.00,0.00,0.00,0.00
NVDA,1749245650808,141.6600,141.6700,141.7000,100,100,160612,141.7500,141.7500,141.7500,141.7500,0.0300,142.1565,36.8760,141.7571,141.8015,141.7521,0.0677,0.00,0.00,0.00,0.00,0.00,0.00,0.00,0.00
NVDA,1749245650808,141.6500,141.6700,141.7000,100,100,160622,141.7500,141.7500,141.7500,141.7500,0.0300,142.1565,36.8760,141.7571,141.8015,141.7521,0.0677,0.00,0.00,0.00,0.00,0.00,0.00,0.00,0.00
NVDA,1749245650808,141.6800,141.6700,141.7000,100,100,161672,141.7500,141.7500,141.7500,141.7500,0.0300,142.1565,36.8760,141.7571,141.8015,141.7521,0.0677,0.00,0.00,0.00,0.00,0.00,0.00,0.00,0.00
NVDA,1749245650808,141.6500,141.6700,141.7000,100,100,161692,141.7500,141.7500,141.7500,141.7500,0.0300,142.1565,36.8760,141.7571,141.8015,141.7521,0.0677,0.00,0.00,0.00,0.00,0.00,0.00,0.00,0.00
NVDA,1749245650808,141.6500,141.6500,141.6800,1200,200,161692,141.7500,141.7500,141.7500,141.7500,0.0300,142.1565,36.8760,141.7571,141.8015,141.7521,0.0677,0.00,0.00,0.00,0.00,0.00,0.00,0.00,0.00
NVDA,1749245650808,141.6500,141.6700,141.6800,100,200,161692,141.7500,141.7500,141.7500,141.7500,0.0100,142.1565,36.8760,141.7571,141.8015,141.7521,0.0677,0.00,0.00,0.00,0.00,0.00,0.00,0.00,0.00
NVDA,1749245650808,141.6500,141.6700,141.6800,100,100,161692,141.7500,141.7500,141.7500,141.7500,0.0100,142.1565,36.8760,141.7571,141.8015,141.7521,0.0677,0.00,0.00,0.00,0.00,0.00,0.00,0.00,0.00
NVDA,1749245650808,141.6500,141.6700,141.7100,100,900,161692,141.7500,141.7500,141.7500,141.7500,0.0400,142.1565,36.8760,141.7571,141.8015,141.7521,0.0677,0.00,0.00,0.00,0.00,0.00,0.00,0.00,0.00
NVDA,1749245650808,141.6500,141.6600,141.7100,300,600,161692,141.7500,141.7500,141.7500,141.7500,0.0500,142.1565,36.8760,141.7571,141.8015,141.7521,0.0677,0.00,0.00,0.00,0.00,0.00,0.00,0.00,0.00
NVDA,1749245650808,141.6500,141.6600,141.7100,300,500,161692,141.7500,141.7500,141.7500,141.7500,0.0500,142.1565,36.8760,141.7571,141.8015,141.7521,0.0677,0.00,0.00,0.00,0.00,0.00,0.00,0.00,0.00
NVDA,1749245650808,141.6500,141.6600,141.6900,200,100,161692,141.7500,141.7500,141.7500,141.7500,0.0300,142.1565,36.8760,141.7571,141.8015,141.7521,0.0677,0.00,0.00,0.00,0.00,0.00,0.00,0.00,0.00
NVDA,1749245650808,141.6500,141.6600,141.7000,200,300,161692,141.7500,141.7500,141.7500,141.7500,0.0400,142.1565,36.8760,141.7571,141.8015,141.7521,0.0677,0.00,0.00,0.00,0.00,0.00,0.00,0.00,0.00
NVDA,1749245650808,141.6500,141.6600,141.7000,200,400,161692,141.7500,141.7500,141.7500,141.7500,0.0400,142.1565,36.8760,141.7571,141.8015,141.7521,0.0677,0.00,0.00,0.00,0.00,0.00,0.00,0.00,0.00
NVDA,1749245650808,141.6500,141.6600,141.6900,100,100,161692,141.7500,141.7500,141.7500,141.7500,0.0300,142.1565,36.8760,141.7571,141.8015,141.7521,0.0677,0.00,0.00,0.00,0.00,0.00,0.00,0.00,0.00
NVDA,1749245650808,141.6500,141.6600,141.6800,100,200,161692,141.7500,141.7500,141.7500,141.7500,0.0200,142.1565,36.8760,141.7571,141.8015,141.7521,0.0677,0.00,0.00,0.00,0.00,0.00,0.00,0.00,0.00
NVDA,1749245650808,141.6500,141.6500,141.6800,1200,200,161692,141.7500,141.7500,141.7500,141.7500,0.0300,142.1565,36.8760,141.7571,141.8015,141.7521,0.0677,0.00,0.00,0.00,0.00,0.00,0.00,0.00,0.00
NVDA,1749245650808,141.6500,141.6600,141.6800,100,200,161692,141.7500,141.7500,141.7500,141.7500,0.0200,142.1565,36.8760,141.7571,141.8015,141.7521,0.0677,0.00,0.00,0.00,0.00,0.00,0.00,0.00,0.00
NVDA,1749245650808,141.6500,141.6500,141.6700,1000,100,161692,141.7500,141.7500,141.7500,141.7500,0.0200,142.1565,36.8760,141.7571,141.8015,141.7521,0.0677,0.00,0.00,0.00,0.00,0.00,0.00,0.00,0.00
NVDA,1749245650808,141.6500,141.6500,141.6800,1000,300,161692,141.7500,141.7500,141.7500,141.7500,0.0300,142.1565,36.8760,141.7571,141.8015,141.7521,0.0677,0.00,0.00,0.00,0.00,0.00,0.00,0.00,0.00
NVDA,1749245650808,141.6500,141.6500,141.6800,1100,200,161692,141.7500,141.7500,141.7500,141.7500,0.0300,142.1565,36.8760,141.7571,141.8015,141.7521,0.0677,0.00,0.00,0.00,0.00,0.00,0.00,0.00,0.00
NVDA,1749245650808,141.6500,141.6500,141.6600,200,100,161692,141.7500,141.7500,141.7500,141.7500,0.0100,142.1565,36.8760,141.7571,141.8015,141.7521,0.0677,0.00,0.00,0.00,0.00,0.00,0.00,0.00,0.00
NVDA,1749245650808,141.7300,141.6500,141.6600,200,100,161703,141.7500,141.7500,141.7500,141.7500,0.0100,142.1565,36.8760,141.7571,141.8015,141.7521,0.0677,0.00,0.00,0.00,0.00,0.00,0.00,0.00,0.00
NVDA,1749245650808,141.6800,141.6500,141.6600,200,100,161711,141.7500,141.7500,141.7500,141.7500,0.0100,142.1565,36.8760,141.7571,141.8015,141.7521,0.0677,0.00,0.00,0.00,0.00,0.00,0.00,0.00,0.00
NVDA,1749245650808,141.6600,141.6500,141.6600,200,100,161941,141.7500,141.7500,141.7500,141.7500,0.0100,142.1565,36.8760,141.7571,141.8015,141.7521,0.0677,0.00,0.00,0.00,0.00,0.00,0.00,0.00,0.00
NVDA,1749245650808,141.6900,141.6500,141.6600,200,100,161951,141.7500,141.7500,141.7500,141.7500,0.0100,142.1565,36.8760,141.7571,141.8015,141.7521,0.0677,0.00,0.00,0.00,0.00,0.00,0.00,0.00,0.00
NVDA,1749245650808,141.6600,141.6500,141.6600,200,100,162041,141.7500,141.7500,141.7500,141.7500,0.0100,142.1565,36.8760,141.7571,141.8015,141.7521,0.0677,0.00,0.00,0.00,0.00,0.00,0.00,0.00,0.00
NVDA,1749245650887,141.6700,141.6500,141.6600,200,100,162101,141.7500,141.7500,141.7500,141.7500,0.0100,142.1565,36.8760,141.7571,141.8015,141.7521,0.0677,0.00,0.00,0.00,0.00,0.00,0.00,0.00,0.00
NVDA,1749245650887,141.6800,141.6500,141.6600,200,100,162155,141.7500,141.7500,141.7500,141.7500,0.0100,142.1565,36.8760,141.7571,141.8015,141.7521,0.0677,0.00,0.00,0.00,0.00,0.00,0.00,0.00,0.00
NVDA,1749245650887,141.6700,141.6500,141.6600,200,100,162165,141.7500,141.7500,141.7500,141.7500,0.0100,142.1565,36.8760,141.7571,141.8015,141.7521,0.0677,0.00,0.00,0.00,0.00,0.00,0.00,0.00,0.00
NVDA,1749245650887,141.6800,141.6500,141.6600,200,100,162185,141.7500,141.7500,141.7500,141.7500,0.0100,142.1565,36.8760,141.7571,141.8015,141.7521,0.0677,0.00,0.00,0.00,0.00,0.00,0.00,0.00,0.00
NVDA,1749245650887,141.6600,141.6500,141.6600,200,100,162285,141.7500,141.7500,141.7500,141.7500,0.0100,142.1565,36.8760,141.7571,141.8015,141.7521,0.0677,0.00,0.00,0.00,0.00,0.00,0.00,0.00,0.00
NVDA,1749245650887,141.6800,141.6500,141.6600,200,100,162499,141.7500,141.7500,141.7500,141.7500,0.0100,142.1565,36.8760,141.7571,141.8015,141.7521,0.0677,0.00,0.00,0.00,0.00,0.00,0.00,0.00,0.00
NVDA,1749245650887,141.6600,141.6500,141.6600,200,100,162503,141.7500,141.7500,141.7500,141.7500,0.0100,142.1565,36.8760,141.7571,141.8015,141.7521,0.0677,0.00,0.00,0.00,0.00,0.00,0.00,0.00,0.00
NVDA,1749245650887,141.6800,141.6500,141.6600,200,100,162633,141.7500,141.7500,141.7500,141.7500,0.0100,142.1565,36.8760,141.7571,141.8015,141.7521,0.0677,0.00,0.00,0.00,0.00,0.00,0.00,0.00,0.00
NVDA,1749245650887,141.6600,141.6500,141.6600,200,100,162740,141.7500,141.7500,141.7500,141.7500,0.0100,142.1565,36.8760,141.7571,141.8015,141.7521,0.0677,0.00,0.00,0.00,0.00,0.00,0.00,0.00,0.00
NVDA,1749245650887,141.6800,141.6500,141.6600,200,100,162744,141.7500,141.7500,141.7500,141.7500,0.0100,142.1565,36.8760,141.7571,141.8015,141.7521,0.0677,0.00,0.00,0.00,0.00,0.00,0.00,0.00,0.00
NVDA,1749245650887,141.6600,141.6500,141.6600,200,100,162804,141.7500,141.7500,141.7500,141.7500,0.0100,142.1565,36.8760,141.7571,141.8015,141.7521,0.0677,0.00,0.00,0.00,0.00,0.00,0.00,0.00,0.00
NVDA,1749245650964,141.6800,141.6500,141.6600,200,100,162834,141.7500,141.7500,141.7500,141.7500,0.0100,142.1565,36.8760,141.7571,141.8015,141.7521,0.0677,0.00,0.00,0.00,0.00,0.00,0.00,0.00,0.00
NVDA,1749245650964,141.6600,141.6500,141.6600,200,100,162838,141.7500,141.7500,141.7500,141.7500,0.0100,142.1565,36.8760,141.7571,141.8015,141.7521,0.0677,0.00,0.00,0.00,0.00,0.00,0.00,0.00,0.00
NVDA,1749245650964,141.6900,141.6500,141.6600,200,100,162872,141.7500,141.7500,141.7500,141.7500,0.0100,142.1565,36.8760,141.7571,141.8015,141.7521,0.0677,0.00,0.00,0.00,0.00,0.00,0.00,0.00,0.00
NVDA,1749245650964,141.6700,141.6500,141.6600,200,100,162928,141.7500,141.7500,141.7500,141.7500,0.0100,142.1565,36.8760,141.7571,141.8015,141.7521,0.0677,0.00,0.00,0.00,0.00,0.00,0.00,0.00,0.00
NVDA,1749245650964,141.6800,141.6500,141.6600,200,100,162932,141.7500,141.7500,141.7500,141.7500,0.0100,142.1565,36.8760,141.7571,141.8015,141.7521,0.0677,0.00,0.00,0.00,0.00,0.00,0.00,0.00,0.00
NVDA,1749245650964,141.6700,141.6500,141.6600,200,100,162960,141.7500,141.7500,141.7500,141.7500,0.0100,142.1565,36.8760,141.7571,141.8015,141.7521,0.0677,0.00,0.00,0.00,0.00,0.00,0.00,0.00,0.00
NVDA,1749245650964,141.6800,141.6500,141.6600,200,100,162988,141.7500,141.7500,141.7500,141.7500,0.0100,142.1565,36.8760,141.7571,141.8015,141.7521,0.0677,0.00,0.00,0.00,0.00,0.00,0.00,0.00,0.00
NVDA,1749245650964,141.6700,141.6500,141.6600,200,100,163111,141.7500,141.7500,141.7500,141.7500,0.0100,142.1565,36.8760,141.7571,141.8015,141.7521,0.0677,0.00,0.00,0.00,0.00,0.00,0.00,0.00,0.00
NVDA,1749245650964,141.6600,141.6500,141.6600,200,100,163265,141.7500,141.7500,141.7500,141.7500,0.0100,142.1565,36.8760,141.7571,141.8015,141.7521,0.0677,0.00,0.00,0.00,0.00,0.00,0.00,0.00,0.00
NVDA,1749245650964,141.6500,141.6500,141.6600,200,100,163463,141.7500,141.7500,141.7500,141.7500,0.0100,142.1565,36.8760,141.7571,141.8015,141.7521,0.0677,0.00,0.00,0.00,0.00,0.00,0.00,0.00,0.00
NVDA,1749245650964,141.6500,141.6600,141.6600,200,100,163743,141.7500,141.7500,141.7500,141.7500,0.0000,142.1565,36.8760,141.7571,141.8015,141.7521,0.0677,0.00,0.00,0.00,0.00,0.00,0.00,0.00,0.00
NVDA,1749245650964,141.6500,141.6600,141.6700,200,100,163743,141.7500,141.7500,141.7500,141.7500,0.0100,142.1565,36.8760,141.7571,141.8015,141.7521,0.0677,0.00,0.00,0.00,0.00,0.00,0.00,0.00,0.00
NVDA,1749245650964,141.6500,141.6600,141.6800,200,100,163743,141.7500,141.7500,141.7500,141.7500,0.0200,142.1565,36.8760,141.7571,141.8015,141.7521,0.0677,0.00,0.00,0.00,0.00,0.00,0.00,0.00,0.00
NVDA,1749245650964,141.6500,141.6500,141.6800,400,100,163743,141.7500,141.7500,141.7500,141.7500,0.0300,142.1565,36.8760,141.7571,141.8015,141.7521,0.0677,0.00,0.00,0.00,0.00,0.00,0.00,0.00,0.00
NVDA,1749245650964,141.6500,141.6600,141.6800,100,100,163743,141.7500,141.7500,141.7500,141.7500,0.0200,142.1565,36.8760,141.7571,141.8015,141.7521,0.0677,0.00,0.00,0.00,0.00,0.00,0.00,0.00,0.00
NVDA,1749245650964,141.6500,141.6500,141.6800,400,200,163743,141.7500,141.7500,141.7500,141.7500,0.0300,142.1565,36.8760,141.7571,141.8015,141.7521,0.0677,0.00,0.00,0.00,0.00,0.00,0.00,0.00,0.00
NVDA,1749245650964,141.6500,141.6500,141.6900,400,400,163743,141.7500,141.7500,141.7500,141.7500,0.0400,142.1565,36.8760,141.7571,141.8015,141.7521,0.0677,0.00,0.00,0.00,0.00,0.00,0.00,0.00,0.00
NVDA,1749245650964,141.6500,141.6500,141.6800,300,100,163743,141.7500,141.7500,141.7500,141.7500,0.0300,142.1565,36.8760,141.7571,141.8015,141.7521,0.0677,0.00,0.00,0.00,0.00,0.00,0.00,0.00,0.00
NVDA,1749245650964,141.6500,141.6500,141.6900,300,300,163743,141.7500,141.7500,141.7500,141.7500,0.0400,142.1565,36.8760,141.7571,141.8015,141.7521,0.0677,0.00,0.00,0.00,0.00,0.00,0.00,0.00,0.00
NVDA,1749245650964,141.6500,141.6600,141.6800,100,100,163743,141.7500,141.7500,141.7500,141.7500,0.0200,142.1565,36.8760,141.7571,141.8015,141.7521,0.0677,0.00,0.00,0.00,0.00,0.00,0.00,0.00,0.00
NVDA,1749245650964,141.6500,141.6700,141.6800,100,100,163743,141.7500,141.7500,141.7500,141.7500,0.0100,142.1565,36.8760,141.7571,141.8015,141.7521,0.0677,0.00,0.00,0.00,0.00,0.00,0.00,0.00,0.00
NVDA,1749245651040,141.6500,141.6500,141.6700,200,300,163743,141.7500,141.7500,141.7500,141.7500,0.0200,142.1565,36.8760,141.7571,141.8015,141.7521,0.0677,0.00,0.00,0.00,0.00,0.00,0.00,0.00,0.00
NVDA,1749245651040,141.6500,141.6500,141.6700,200,200,163743,141.7500,141.7500,141.7500,141.7500,0.0200,142.1565,36.8760,141.7571,141.8015,141.7521,0.0677,0.00,0.00,0.00,0.00,0.00,0.00,0.00,0.00
NVDA,1749245651040,141.6500,141.6500,141.6700,200,100,163743,141.7500,141.7500,141.7500,141.7500,0.0200,142.1565,36.8760,141.7571,141.8015,141.7521,0.0677,0.00,0.00,0.00,0.00,0.00,0.00,0.00,0.00
NVDA,1749245651040,141.6500,141.6400,141.6700,500,200,163743,141.7500,141.7500,141.7500,141.7500,0.0300,142.1565,36.8760,141.7571,141.8015,141.7521,0.0677,0.00,0.00,0.00,0.00,0.00,0.00,0.00,0.00
NVDA,1749245651040,141.6500,141.6500,141.6700,100,100,163743,141.7500,141.7500,141.7500,141.7500,0.0200,142.1565,36.8760,141.7571,141.8015,141.7521,0.0677,0.00,0.00,0.00,0.00,0.00,0.00,0.00,0.00
NVDA,1749245651040,141.6800,141.6500,141.6700,100,100,163747,141.7500,141.7500,141.7500,141.7500,0.0200,142.1565,36.8760,141.7571,141.8015,141.7521,0.0677,0.00,0.00,0.00,0.00,0.00,0.00,0.00,0.00
NVDA,1749245651040,141.6500,141.6500,141.6700,100,100,163811,141.7500,141.7500,141.7500,141.7500,0.0200,142.1565,36.8760,141.7571,141.8015,141.7521,0.0677,0.00,0.00,0.00,0.00,0.00,0.00,0.00,0.00
NVDA,1749245651040,141.6700,141.6500,141.6700,100,100,164080,141.7500,141.7500,141.7500,141.7500,0.0200,142.1565,36.8760,141.7571,141.8015,141.7521,0.0677,0.00,0.00,0.00,0.00,0.00,0.00,0.00,0.00
NVDA,1749245651040,141.6500,141.6500,141.6700,100,100,164215,141.7500,141.7500,141.7500,141.7500,0.0200,142.1565,36.8760,141.7571,141.8015,141.7521,0.0677,0.00,0.00,0.00,0.00,0.00,0.00,0.00,0.00
NVDA,1749245651040,141.6700,141.6500,141.6700,100,100,164226,141.7500,141.7500,141.7500,141.7500,0.0200,142.1565,36.8760,141.7571,141.8015,141.7521,0.0677,0.00,0.00,0.00,0.00,0.00,0.00,0.00,0.00
NVDA,1749245651040,141.6500,141.6500,141.6700,100,100,164228,141.7500,141.7500,141.7500,141.7500,0.0200,142.1565,36.8760,141.7571,141.8015,141.7521,0.0677,0.00,0.00,0.00,0.00,0.00,0.00,0.00,0.00
NVDA,1749245651040,141.6600,141.6500,141.6700,100,100,164250,141.7500,141.7500,141.7500,141.7500,0.0200,142.1565,36.8760,141.7571,141.8015,141.7521,0.0677,0.00,0.00,0.00,0.00,0.00,0.00,0.00,0.00
NVDA,1749245651119,141.6500,141.6500,141.6700,100,100,164280,141.7500,141.7500,141.7500,141.7500,0.0200,142.1565,36.8760,141.7571,141.8015,141.7521,0.0677,0.00,0.00,0.00,0.00,0.00,0.00,0.00,0.00
NVDA,1749245651119,141.6600,141.6500,141.6700,100,100,164455,141.7500,141.7500,141.7500,141.7500,0.0200,142.1565,36.8760,141.7571,141.8015,141.7521,0.0677,0.00,0.00,0.00,0.00,0.00,0.00,0.00,0.00
NVDA,1749245651119,141.6700,141.6500,141.6700,100,100,164623,141.7500,141.7500,141.7500,141.7500,0.0200,142.1565,36.8760,141.7571,141.8015,141.7521,0.0677,0.00,0.00,0.00,0.00,0.00,0.00,0.00,0.00
NVDA,1749245651119,141.6500,141.6500,141.6700,100,100,164923,141.7500,141.7500,141.7500,141.7500,0.0200,142.1565,36.8760,141.7571,141.8015,141.7521,0.0677,0.00,0.00,0.00,0.00,0.00,0.00,0.00,0.00
NVDA,1749245651119,141.6500,141.6500,141.6600,100,100,165104,141.7500,141.7500,141.7500,141.7500,0.0100,142.1565,36.8760,141.7571,141.8015,141.7521,0.0677,0.00,0.00,0.00,0.00,0.00,0.00,0.00,0.00
NVDA,1749245651119,141.6500,141.6400,141.6600,500,100,165104,141.7500,141.7500,141.7500,141.7500,0.0200,142.1565,36.8760,141.7571,141.8015,141.7521,0.0677,0.00,0.00,0.00,0.00,0.00,0.00,0.00,0.00
NVDA,1749245651119,141.6500,141.6500,141.6700,100,200,165104,141.7500,141.7500,141.7500,141.7500,0.0200,142.1565,36.8760,141.7571,141.8015,141.7521,0.0677,0.00,0.00,0.00,0.00,0.00,0.00,0.00,0.00
NVDA,1749245651119,141.6500,141.6400,141.6700,500,200,165104,141.7500,141.7500,141.7500,141.7500,0.0300,142.1565,36.8760,141.7571,141.8015,141.7521,0.0677,0.00,0.00,0.00,0.00,0.00,0.00,0.00,0.00
NVDA,1749245651119,141.6500,141.6400,141.6700,500,100,165104,141.7500,141.7500,141.7500,141.7500,0.0300,142.1565,36.8760,141.7571,141.8015,141.7521,0.0677,0.00,0.00,0.00,0.00,0.00,0.00,0.00,0.00
NVDA,1749245651119,141.6500,141.6400,141.6700,500,200,165104,141.7500,141.7500,141.7500,141.7500,0.0300,142.1565,36.8760,141.7571,141.8015,141.7521,0.0677,0.00,0.00,0.00,0.00,0.00,0.00,0.00,0.00
NVDA,1749245651119,141.6500,141.6500,141.6800,100,600,165104,141.7500,141.7500,141.7500,141.7500,0.0300,142.1565,36.8760,141.7571,141.8015,141.7521,0.0677,0.00,0.00,0.00,0.00,0.00,0.00,0.00,0.00
NVDA,1749245651119,141.6500,141.6500,141.6800,100,400,165104,141.7500,141.7500,141.7500,141.7500,0.0300,142.1565,36.8760,141.7571,141.8015,141.7521,0.0677,0.00,0.00,0.00,0.00,0.00,0.00,0.00,0.00
NVDA,1749245651119,141.6500,141.6500,141.6800,100,300,165104,141.7500,141.7500,141.7500,141.7500,0.0300,142.1565,36.8760,141.7571,141.8015,141.7521,0.0677,0.00,0.00,0.00,0.00,0.00,0.00,0.00,0.00
NVDA,1749245651119,141.6500,141.6500,141.6800,100,200,165104,141.7500,141.7500,141.7500,141.7500,0.0300,142.1565,36.8760,141.7571,141.8015,141.7521,0.0677,0.00,0.00,0.00,0.00,0.00,0.00,0.00,0.00
NVDA,1749245651119,141.6500,141.6400,141.6800,500,200,165104,141.7500,141.7500,141.7500,141.7500,0.0400,142.1565,36.8760,141.7571,141.8015,141.7521,0.0677,0.00,0.00,0.00,0.00,0.00,0.00,0.00,0.00
NVDA,1749245651119,141.6500,141.6400,141.7600,500,1400,165104,141.7500,141.7500,141.7500,141.7500,0.1200,142.1565,36.8760,141.7571,141.8015,141.7521,0.0677,0.00,0.00,0.00,0.00,0.00,0.00,0.00,0.00
NVDA,1749245651119,141.6500,141.6400,141.7500,500,200,165104,141.7500,141.7500,141.7500,141.7500,0.1100,142.1565,36.8760,141.7571,141.8015,141.7521,0.0677,0.00,0.00,0.00,0.00,0.00,0.00,0.00,0.00
NVDA,1749245651119,141.6700,141.6400,141.7500,500,200,165134,141.7500,141.7500,141.7500,141.7500,0.1100,142.1565,36.8760,141.7571,141.8015,141.7521,0.0677,0.00,0.00,0.00,0.00,0.00,0.00,0.00,0.00
NVDA,1749245651119,141.6500,141.6400,141.7500,500,200,165137,141.7500,141.7500,141.7500,141.7500,0.1100,142.1565,36.8760,141.7571,141.8015,141.7521,0.0677,0.00,0.00,0.00,0.00,0.00,0.00,0.00,0.00
NVDA,1749245651119,141.6700,141.6400,141.7500,500,200,165264,141.7500,141.7500,141.7500,141.7500,0.1100,142.1565,36.8760,141.7571,141.8015,141.7521,0.0677,0.00,0.00,0.00,0.00,0.00,0.00,0.00,0.00
NVDA,1749245651195,141.6600,141.6400,141.7500,500,200,165294,141.7500,141.7500,141.7500,141.7500,0.1100,142.1565,36.8760,141.7571,141.8015,141.7521,0.0677,0.00,0.00,0.00,0.00,0.00,0.00,0.00,0.00
NVDA,1749245651195,141.6800,141.6400,141.7500,500,200,165352,141.7500,141.7500,141.7500,141.7500,0.1100,142.1565,36.8760,141.7571,141.8015,141.7521,0.0677,0.00,0.00,0.00,0.00,0.00,0.00,0.00,0.00
NVDA,1749245651195,141.6400,141.6400,141.7500,500,200,169318,141.7500,141.7500,141.7500,141.7500,0.1100,142.1565,36.8760,141.7571,141.8015,141.7521,0.0677,0.00,0.00,0.00,0.00,0.00,0.00,0.00,0.00
NVDA,1749245651195,141.7300,141.6400,141.7500,500,200,169321,141.7500,141.7500,141.7500,141.7500,0.1100,142.1565,36.8760,141.7571,141.8015,141.7521,0.0677,0.00,0.00,0.00,0.00,0.00,0.00,0.00,0.00
NVDA,1749245652114,141.7300,141.6400,141.7500,500,200,169321,141.7500,141.7500,141.7500,141.7500,0.1100,142.1565,36.8760,141.7571,141.8015,141.7521,0.0677,0.00,0.00,0.00,0.00,0.00,0.00,0.00,0.00
NVDA,1749245652850,141.7000,141.6400,141.7500,500,200,169322,141.7500,141.7500,141.7500,141.7500,0.1100,142.1565,36.8760,141.7571,141.8015,141.7521,0.0677,0.00,0.00,0.00,0.00,0.00,0.00,0.00,0.00
NVDA,1749245652850,141.7000,141.6400,141.7500,500,500,169322,141.7500,141.7500,141.7500,141.7500,0.1100,142.1565,36.8760,141.7571,141.8015,141.7521,0.0677,0.00,0.00,0.00,0.00,0.00,0.00,0.00,0.00
NVDA,1749245656030,141.7000,141.6400,141.7500,500,500,169322,141.7500,141.7600,141.6400,141.6400,0.1100,142.1565,36.8760,141.7571,141.8015,141.7521,0.0677,0.00,0.00,0.00,0.00,0.00,0.00,0.00,0.00
NVDA,1749245657118,141.7000,141.6400,141.7500,500,500,169322,141.7500,141.7600,141.6400,141.6400,0.1100,142.1565,36.8760,141.7571,141.8015,141.7521,0.0677,0.00,0.00,0.00,0.00,0.00,0.00,0.00,0.00
NVDA,1749245657370,141.7000,141.6400,141.7500,500,400,169322,141.7500,141.7600,141.6400,141.6400,0.1100,142.1565,36.8760,141.7571,141.8015,141.7521,0.0677,0.00,0.00,0.00,0.00,0.00,0.00,0.00,0.00
NVDA,1749245658125,141.7000,141.6400,141.7500,500,400,169323,141.7500,141.7600,141.6400,141.6400,0.1100,142.1565,36.8760,141.7571,141.8015,141.7521,0.0677,0.00,0.00,0.00,0.00,0.00,0.00,0.00,0.00
NVDA,1749245658425,141.7000,141.6400,141.7400,500,100,169323,141.7500,141.7600,141.6400,141.6400,0.1000,142.1565,36.8760,141.7571,141.8015,141.7521,0.0677,0.00,0.00,0.00,0.00,0.00,0.00,0.00,0.00
NVDA,1749245658425,141.6400,141.6400,141.7400,500,100,169333,141.7500,141.7600,141.6400,141.6400,0.1000,142.1565,36.8760,141.7571,141.8015,141.7521,0.0677,0.00,0.00,0.00,0.00,0.00,0.00,0.00,0.00
NVDA,1749245660368,141.6400,141.6400,141.7400,500,100,169333,141.7500,141.7600,141.6400,141.6400,0.1000,142.1565,36.8760,141.7571,141.8015,141.7521,0.0677,0.00,0.00,0.00,0.00,0.00,0.00,0.00,0.00
NVDA,1749245660583,141.6400,141.6400,141.7400,500,300,169333,141.7500,141.7600,141.6400,141.6400,0.1000,142.1565,36.8760,141.7571,141.8015,141.7521,0.0677,0.00,0.00,0.00,0.00,0.00,0.00,0.00,0.00
NVDA,1749245660583,141.7100,141.6400,141.7400,500,300,169383,141.7500,141.7600,141.6400,141.6400,0.1000,142.1565,36.8760,141.7571,141.8015,141.7521,0.0677,0.00,0.00,0.00,0.00,0.00,0.00,0.00,0.00
NVDA,1749245661031,141.7100,141.6400,141.7400,500,300,169383,141.6400,141.6400,141.6400,141.6400,0.1000,142.1565,36.8760,141.7571,141.8015,141.7521,0.0677,0.00,0.00,0.00,0.00,0.00,0.00,0.00,0.00
NVDA,1749245663374,141.7100,141.6400,141.7400,500,300,169383,141.6400,141.6400,141.6400,141.6400,0.1000,142.1565,36.8760,141.7571,141.8015,141.7521,0.0677,0.00,0.00,0.00,0.00,0.00,0.00,0.00,0.00
NVDA,1749245664107,141.6900,141.6400,141.7400,500,300,169384,141.6400,141.6400,141.6400,141.6400,0.1000,142.1565,36.8760,141.7571,141.8015,141.7521,0.0677,0.00,0.00,0.00,0.00,0.00,0.00,0.00,0.00
NVDA,1749245666023,141.6900,141.6400,141.7400,500,300,169384,141.6400,141.6400,141.6400,141.6400,0.1000,142.1565,36.8760,141.7571,141.8015,141.7521,0.0677,0.00,0.00,0.00,0.00,0.00,0.00,0.00,0.00
NVDA,1749245670138,141.6900,141.6400,141.7400,500,300,169384,141.6400,141.6400,141.6400,141.6400,0.1000,142.1565,36.8760,141.7571,141.8015,141.7521,0.0677,0.00,0.00,0.00,0.00,0.00,0.00,0.00,0.00
NVDA,1749245670456,141.6900,141.6400,141.7400,500,300,169384,141.6400,141.6400,141.6400,141.6400,0.1000,142.1565,36.8760,141.7571,141.8015,141.7521,0.0677,0.00,0.00,0.00,0.00,0.00,0.00,0.00,0.00
NVDA,1749245670631,141.6900,141.6400,141.7400,500,300,169384,141.6400,141.6400,141.6400,141.6400,0.1000,142.1565,36.8760,141.7571,141.8015,141.7521,0.0677,0.00,0.00,0.00,0.00,0.00,0.00,0.00,0.00
NVDA,1749245670711,141.7100,141.6400,141.7400,500,300,169484,141.6400,141.6400,141.6400,141.6400,0.1000,142.1565,36.8760,141.7571,141.8015,141.7521,0.0677,0.00,0.00,0.00,0.00,0.00,0.00,0.00,0.00
NVDA,1749245670711,141.7400,141.6400,141.7400,500,300,169503,141.6400,141.6400,141.6400,141.6400,0.1000,142.1565,36.8760,141.7571,141.8015,141.7521,0.0677,0.00,0.00,0.00,0.00,0.00,0.00,0.00,0.00
NVDA,1749245671244,141.7400,141.7000,141.7400,100,200,169503,141.6400,141.6400,141.6400,141.6400,0.0400,142.1565,36.8760,141.7571,141.8015,141.7521,0.0677,0.00,0.00,0.00,0.00,0.00,0.00,0.00,0.00
NVDA,1749245671244,141.7400,141.6400,141.7400,500,200,169503,141.6400,141.6400,141.6400,141.6400,0.1000,142.1565,36.8760,141.7571,141.8015,141.7521,0.0677,0.00,0.00,0.00,0.00,0.00,0.00,0.00,0.00
NVDA,1749245671244,141.7300,141.6400,141.7400,500,200,169683,141.6400,141.6400,141.6400,141.6400,0.1000,142.1565,36.8760,141.7571,141.8015,141.7521,0.0677,0.00,0.00,0.00,0.00,0.00,0.00,0.00,0.00
NVDA,1749245671244,141.7400,141.6400,141.7400,500,200,169726,141.6400,141.6400,141.6400,141.6400,0.1000,142.1565,36.8760,141.7571,141.8015,141.7521,0.0677,0.00,0.00,0.00,0.00,0.00,0.00,0.00,0.00
NVDA,1749245672390,141.7400,141.6400,141.7400,500,200,169783,141.6400,141.6400,141.6400,141.6400,0.1000,142.1565,36.8760,141.7571,141.8015,141.7521,0.0677,0.00,0.00,0.00,0.00,0.00,0.00,0.00,0.00
NVDA,1749245672932,141.7400,141.6400,141.7400,500,200,169787,141.6400,141.6400,141.6400,141.6400,0.1000,142.1565,36.8760,141.7571,141.8015,141.7521,0.0677,0.00,0.00,0.00,0.00,0.00,0.00,0.00,0.00
NVDA,1749245674141,141.7400,141.6400,141.7400,500,200,169787,141.6400,141.6400,141.6400,141.6400,0.1000,142.1565,36.8760,141.7571,141.8015,141.7521,0.0677,0.00,0.00,0.00,0.00,0.00,0.00,0.00,0.00
NVDA,1749245674637,141.7400,141.6400,141.7400,500,200,169787,141.6400,141.6400,141.6400,141.6400,0.1000,142.1565,36.8760,141.7571,141.8015,141.7521,0.0677,0.00,0.00,0.00,0.00,0.00,0.00,0.00,0.00
NVDA,1749245674819,141.6400,141.6400,141.7400,500,200,169788,141.6400,141.6400,141.6400,141.6400,0.1000,142.1565,36.8760,141.7571,141.8015,141.7521,0.0677,0.00,0.00,0.00,0.00,0.00,0.00,0.00,0.00
NVDA,1749245674819,141.7400,141.6400,141.7400,500,200,169888,141.6400,141.6400,141.6400,141.6400,0.1000,142.1565,36.8760,141.7571,141.8015,141.7521,0.0677,0.00,0.00,0.00,0.00,0.00,0.00,0.00,0.00
NVDA,1749245675341,141.7400,141.7000,141.7400,100,200,169888,141.6400,141.6400,141.6400,141.6400,0.0400,142.1565,36.8760,141.7571,141.8015,141.7521,0.0677,0.00,0.00,0.00,0.00,0.00,0.00,0.00,0.00
NVDA,1749245675341,141.7400,141.6400,141.7400,500,200,169888,141.6400,141.6400,141.6400,141.6400,0.1000,142.1565,36.8760,141.7571,141.8015,141.7521,0.0677,0.00,0.00,0.00,0.00,0.00,0.00,0.00,0.00
NVDA,1749245675639,141.7400,141.6400,141.7400,500,200,169888,141.6400,141.6400,141.6400,141.6400,0.1000,142.1565,36.8760,141.7571,141.8015,141.7521,0.0677,0.00,0.00,0.00,0.00,0.00,0.00,0.00,0.00
NVDA,1749245675890,141.7400,141.6400,141.7400,500,200,169888,141.6400,141.6400,141.6400,141.6400,0.1000,142.1565,36.8760,141.7571,141.8015,141.7521,0.0677,0.00,0.00,0.00,0.00,0.00,0.00,0.00,0.00
NVDA,1749245676032,141.7400,141.6400,141.7400,500,200,169888,141.7100,141.7400,141.7100,141.7400,0.1000,142.1565,36.8760,141.7571,141.8015,141.7521,0.0677,0.00,0.00,0.00,0.00,0.00,0.00,0.00,0.00
NVDA,1749245676366,141.7400,141.7000,141.7400,100,200,169888,141.7100,141.7400,141.7100,141.7400,0.0400,142.1565,36.8760,141.7571,141.8015,141.7521,0.0677,0.00,0.00,0.00,0.00,0.00,0.00,0.00,0.00
NVDA,1749245676366,141.7400,141.6400,141.7400,500,200,169888,141.7100,141.7400,141.7100,141.7400,0.1000,142.1565,36.8760,141.7571,141.8015,141.7521,0.0677,0.00,0.00,0.00,0.00,0.00,0.00,0.00,0.00
NVDA,1749245676366,141.6900,141.6400,141.7400,500,200,169989,141.7100,141.7400,141.7100,141.7400,0.1000,142.1565,36.8760,141.7571,141.8015,141.7521,0.0677,0.00,0.00,0.00,0.00,0.00,0.00,0.00,0.00
NVDA,1749245676446,141.6900,141.6400,141.7400,500,200,169989,141.7100,141.7400,141.7100,141.7400,0.1000,142.1565,36.8760,141.7571,141.8015,141.7521,0.0677,0.00,0.00,0.00,0.00,0.00,0.00,0.00,0.00
NVDA,1749245676980,141.6900,141.7000,141.7400,100,200,169989,141.7100,141.7400,141.7100,141.7400,0.0400,142.1565,36.8760,141.7571,141.8015,141.7521,0.0677,0.00,0.00,0.00,0.00,0.00,0.00,0.00,0.00
NVDA,1749245676980,141.6900,141.6400,141.7400,500,200,169989,141.7100,141.7400,141.7100,141.7400,0.1000,142.1565,36.8760,141.7571,141.8015,141.7521,0.0677,0.00,0.00,0.00,0.00,0.00,0.00,0.00,0.00
NVDA,1749245676980,141.7400,141.6400,141.7400,500,200,170039,141.7100,141.7400,141.7100,141.7400,0.1000,142.1565,36.8760,141.7571,141.8015,141.7521,0.0677,0.00,0.00,0.00,0.00,0.00,0.00,0.00,0.00
NVDA,1749245676980,141.7400,141.6800,141.7400,400,200,170139,141.7100,141.7400,141.7100,141.7400,0.0600,142.1565,36.8760,141.7571,141.8015,141.7521,0.0677,0.00,0.00,0.00,0.00,0.00,0.00,0.00,0.00
NVDA,1749245677894,141.7400,141.6800,141.7400,400,200,170139,141.7100,141.7400,141.7100,141.7400,0.0600,142.1565,36.8760,141.7571,141.8015,141.7521,0.0677,0.00,0.00,0.00,0.00,0.00,0.00,0.00,0.00
NVDA,1749245677894,141.7400,141.6800,141.7600,400,1600,170139,141.7100,141.7400,141.7100,141.7400,0.0800,142.1565,36.8760,141.7571,141.8015,141.7521,0.0677,0.00,0.00,0.00,0.00,0.00,0.00,0.00,0.00
NVDA,1749245678460,141.7400,141.6800,141.7600,700,1600,170139,141.7100,141.7400,141.7100,141.7400,0.0800,142.1565,36.8760,141.7571,141.8015,141.7521,0.0677,0.00,0.00,0.00,0.00,0.00,0.00,0.00,0.00
NVDA,1749245678460,141.7400,141.6900,141.7600,100,1600,170139,141.7100,141.7400,141.7100,141.7400,0.0700,142.1565,36.8760,141.7571,141.8015,141.7521,0.0677,0.00,0.00,0.00,0.00,0.00,0.00,0.00,0.00
NVDA,1749245678460,141.7400,141.6800,141.7600,700,1600,170139,141.7100,141.7400,141.7100,141.7400,0.0800,142.1565,36.8760,141.7571,141.8015,141.7521,0.0677,0.00,0.00,0.00,0.00,0.00,0.00,0.00,0.00
NVDA,1749245678460,141.7500,141.6800,141.7600,700,1600,170143,141.7100,141.7400,141.7100,141.7400,0.0800,142.1565,36.8760,141.7571,141.8015,141.7521,0.0677,0.00,0.00,0.00,0.00,0.00,0.00,0.00,0.00
NVDA,1749245678642,141.7500,141.6800,141.7600,700,1600,170153,141.7100,141.7400,141.7100,141.7400,0.0800,142.1565,36.8760,141.7571,141.8015,141.7521,0.0677,0.00,0.00,0.00,0.00,0.00,0.00,0.00,0.00
NVDA,1749245679249,141.7500,141.6800,141.7600,700,1500,170153,141.7100,141.7400,141.7100,141.7400,0.0800,142.1565,36.8760,141.7571,141.8015,141.7521,0.0677,0.00,0.00,0.00,0.00,0.00,0.00,0.00,0.00
NVDA,1749245679249,141.7600,141.6800,141.7600,700,1500,170179,141.7100,141.7400,141.7100,141.7400,0.0800,142.1565,36.8760,141.7571,141.8015,141.7521,0.0677,0.00,0.00,0.00,0.00,0.00,0.00,0.00,0.00
NVDA,1749245680553,141.7600,141.6800,141.7500,700,100,170179,141.7100,141.7400,141.7100,141.7400,0.0700,142.1565,36.8760,141.7571,141.8015,141.7521,0.0677,0.00,0.00,0.00,0.00,0.00,0.00,0.00,0.00
NVDA,1749245681033,141.7600,141.6800,141.7500,700,100,170179,141.7400,141.7400,141.7400,141.7400,0.0700,142.1565,36.8760,141.7571,141.8015,141.7521,0.0677,0.00,0.00,0.00,0.00,0.00,0.00,0.00,0.00
NVDA,1749245681404,141.7600,141.6800,141.7500,700,100,170179,141.7400,141.7400,141.7400,141.7400,0.0700,142.1565,36.8760,141.7571,141.8015,141.7521,0.0677,0.00,0.00,0.00,0.00,0.00,0.00,0.00,0.00
NVDA,1749245681404,141.7600,141.6800,141.7400,700,100,170179,141.7400,141.7400,141.7400,141.7400,0.0600,142.1565,36.8760,141.7571,141.8015,141.7521,0.0677,0.00,0.00,0.00,0.00,0.00,0.00,0.00,0.00
NVDA,1749245681480,141.7600,141.6800,141.7400,700,200,170179,141.7400,141.7400,141.7400,141.7400,0.0600,142.1565,36.8760,141.7571,141.8015,141.7521,0.0677,0.00,0.00,0.00,0.00,0.00,0.00,0.00,0.00
NVDA,1749245681646,141.7600,141.6800,141.7400,700,200,170179,141.7400,141.7400,141.7400,141.7400,0.0600,142.1565,36.8760,141.7571,141.8015,141.7521,0.0677,0.00,0.00,0.00,0.00,0.00,0.00,0.00,0.00
NVDA,1749245682095,141.7200,141.6800,141.7400,700,200,170183,141.7400,141.7400,141.7400,141.7400,0.0600,142.1565,36.8760,141.7571,141.8015,141.7521,0.0677,0.00,0.00,0.00,0.00,0.00,0.00,0.00,0.00
NVDA,1749245682095,141.7200,141.6800,141.7400,700,300,170330,141.7400,141.7400,141.7400,141.7400,0.0600,142.1565,36.8760,141.7571,141.8015,141.7521,0.0677,0.00,0.00,0.00,0.00,0.00,0.00,0.00,0.00
NVDA,1749245682648,141.7200,141.6800,141.7400,700,300,170330,141.7400,141.7400,141.7400,141.7400,0.0600,142.1565,36.8760,141.7571,141.8015,141.7521,0.0677,0.00,0.00,0.00,0.00,0.00,0.00,0.00,0.00
NVDA,1749245683144,141.7200,141.6800,141.7400,700,300,170330,141.7400,141.7400,141.7400,141.7400,0.0600,142.1565,36.8760,141.7571,141.8015,141.7521,0.0677,0.00,0.00,0.00,0.00,0.00,0.00,0.00,0.00
NVDA,1749245683232,141.7200,141.6800,141.7400,700,300,170334,141.7400,141.7400,141.7400,141.7400,0.0600,142.1565,36.8760,141.7571,141.8015,141.7521,0.0677,0.00,0.00,0.00,0.00,0.00,0.00,0.00,0.00
NVDA,1749245683794,141.7400,141.6800,141.7400,700,300,170556,141.7400,141.7400,141.7400,141.7400,0.0600,142.1565,36.8760,141.7571,141.8015,141.7521,0.0677,0.00,0.00,0.00,0.00,0.00,0.00,0.00,0.00
NVDA,1749245684654,141.7400,141.6800,141.7400,700,300,170556,141.7400,141.7400,141.7400,141.7400,0.0600,142.1565,36.8760,141.7571,141.8015,141.7521,0.0677,0.00,0.00,0.00,0.00,0.00,0.00,0.00,0.00
NVDA,1749245685264,141.7400,141.6900,141.7400,100,300,170556,141.7400,141.7400,141.7400,141.7400,0.0500,142.1565,36.8760,141.7571,141.8015,141.7521,0.0677,0.00,0.00,0.00,0.00,0.00,0.00,0.00,0.00
NVDA,1749245685264,141.7300,141.6900,141.7400,100,300,170566,141.7400,141.7400,141.7400,141.7400,0.0500,142.1565,36.8760,141.7571,141.8015,141.7521,0.0677,0.00,0.00,0.00,0.00,0.00,0.00,0.00,0.00
NVDA,1749245685406,141.7300,141.6900,141.7400,100,300,170566,141.7400,141.7400,141.7400,141.7400,0.0500,142.1565,36.8760,141.7571,141.8015,141.7521,0.0677,0.00,0.00,0.00,0.00,0.00,0.00,0.00,0.00
NVDA,1749245685865,141.6900,141.6900,141.7400,100,300,170567,141.7400,141.7400,141.7400,141.7400,0.0500,142.1565,36.8760,141.7571,141.8015,141.7521,0.0677,0.00,0.00,0.00,0.00,0.00,0.00,0.00,0.00
NVDA,1749245686036,141.6900,141.6900,141.7400,100,300,170567,141.7300,141.7300,141.7300,141.7300,0.0500,142.1565,36.8760,141.7571,141.8015,141.7521,0.0677,0.00,0.00,0.00,0.00,0.00,0.00,0.00,0.00
NVDA,1749245687906,141.6900,141.6900,141.7400,100,300,170567,141.7300,141.7300,141.7300,141.7300,0.0500,142.1565,36.8760,141.7571,141.8015,141.7521,0.0677,0.00,0.00,0.00,0.00,0.00,0.00,0.00,0.00
NVDA,1749245688638,141.6900,141.6900,141.7400,100,300,170569,141.7300,141.7300,141.7300,141.7300,0.0500,142.1565,36.8760,141.7571,141.8015,141.7521,0.0677,0.00,0.00,0.00,0.00,0.00,0.00,0.00,0.00
NVDA,1749245689371,141.6900,141.6900,141.7400,100,300,170571,141.7300,141.7300,141.7300,141.7300,0.0500,142.1565,36.8760,141.7571,141.8015,141.7521,0.0677,0.00,0.00,0.00,0.00,0.00,0.00,0.00,0.00
NVDA,1749245690656,141.6900,141.6900,141.7400,100,300,170571,141.7300,141.7300,141.7300,141.7300,0.0500,142.1565,36.8760,141.7571,141.8015,141.7521,0.0677,0.00,0.00,0.00,0.00,0.00,0.00,0.00,0.00
NVDA,1749245691041,141.6900,141.6900,141.7400,100,300,170571,141.7300,141.7300,141.7300,141.7300,0.0500,142.1565,36.8760,141.7571,141.8015,141.7521,0.0677,0.00,0.00,0.00,0.00,0.00,0.00,0.00,0.00
NVDA,1749245691236,141.7200,141.6900,141.7400,100,300,170575,141.7300,141.7300,141.7300,141.7300,0.0500,142.1565,36.8760,141.7571,141.8015,141.7521,0.0677,0.00,0.00,0.00,0.00,0.00,0.00,0.00,0.00
NVDA,1749245692165,141.7200,141.6900,141.7400,100,300,170579,141.7300,141.7300,141.7300,141.7300,0.0500,142.1565,36.8760,141.7571,141.8015,141.7521,0.0677,0.00,0.00,0.00,0.00,0.00,0.00,0.00,0.00
NVDA,1749245692573,141.7300,141.6900,141.7400,100,300,170979,141.7300,141.7300,141.7300,141.7300,0.0500,142.1565,36.8760,141.7571,141.8015,141.7521,0.0677,0.00,0.00,0.00,0.00,0.00,0.00,0.00,0.00
NVDA,1749245693418,141.7300,141.6900,141.7400,100,300,170979,141.7300,141.7300,141.7300,141.7300,0.0500,142.1565,36.8760,141.7571,141.8015,141.7521,0.0677,0.00,0.00,0.00,0.00,0.00,0.00,0.00,0.00
NVDA,1749245693990,141.7200,141.6900,141.7400,100,300,171039,141.7300,141.7300,141.7300,141.7300,0.0500,142.1565,36.8760,141.7571,141.8015,141.7521,0.0677,0.00,0.00,0.00,0.00,0.00,0.00,0.00,0.00
NVDA,1749245695421,141.7200,141.6900,141.7400,100,300,171039,141.7300,141.7300,141.7300,141.7300,0.0500,142.1565,36.8760,141.7571,141.8015,141.7521,0.0677,0.00,0.00,0.00,0.00,0.00,0.00,0.00,0.00
NVDA,1749245696035,141.7200,141.6900,141.7400,100,300,171039,141.7300,141.7300,141.7300,141.7300,0.0500,142.1565,36.8760,141.7571,141.8015,141.7521,0.0677,0.00,0.00,0.00,0.00,0.00,0.00,0.00,0.00
NVDA,1749245696035,141.7200,141.6900,141.7400,200,300,171052,141.7300,141.7300,141.7300,141.7300,0.0500,142.1565,36.8760,141.7571,141.8015,141.7521,0.0677,0.00,0.00,0.00,0.00,0.00,0.00,0.00,0.00
NVDA,1749245697117,141.7200,141.6900,141.7400,200,200,171052,141.7300,141.7300,141.7300,141.7300,0.0500,142.1565,36.8760,141.7571,141.8015,141.7521,0.0677,0.00,0.00,0.00,0.00,0.00,0.00,0.00,0.00
NVDA,1749245697117,141.7200,141.6900,141.7400,200,100,171052,141.7300,141.7300,141.7300,141.7300,0.0500,142.1565,36.8760,141.7571,141.8015,141.7521,0.0677,0.00,0.00,0.00,0.00,0.00,0.00,0.00,0.00
NVDA,1749245698344,141.7200,141.6800,141.7400,400,100,171052,141.7300,141.7300,141.7300,141.7300,0.0600,142.1565,36.8760,141.7571,141.8015,141.7521,0.0677,0.00,0.00,0.00,0.00,0.00,0.00,0.00,0.00
NVDA,1749245701036,141.7200,141.6800,141.7400,400,100,171052,141.7300,141.7300,141.7300,141.7300,0.0600,142.1565,32.6555,141.7497,141.7955,141.7419,0.0714,0.00,0.00,0.00,0.00,0.00,0.00,0.00,0.00
NVDA,1749245701426,141.7200,141.6800,141.7400,400,100,171052,141.7300,141.7300,141.7300,141.7300,0.0600,142.1565,32.6555,141.7497,141.7955,141.7419,0.0714,0.00,0.00,0.00,0.00,0.00,0.00,0.00,0.00
NVDA,1749245701924,141.7200,141.6800,141.7500,400,400,171052,141.7300,141.7300,141.7300,141.7300,0.0700,142.1565,32.6555,141.7497,141.7955,141.7419,0.0714,0.00,0.00,0.00,0.00,0.00,0.00,0.00,0.00
NVDA,1749245701924,141.7100,141.6800,141.7500,400,400,171127,141.7300,141.7300,141.7300,141.7300,0.0700,142.1565,32.6555,141.7497,141.7955,141.7419,0.0714,0.00,0.00,0.00,0.00,0.00,0.00,0.00,0.00
NVDA,1749245701924,141.7100,141.6800,141.7500,400,300,171152,141.7300,141.7300,141.7300,141.7300,0.0700,142.1565,32.6555,141.7497,141.7955,141.7419,0.0714,0.00,0.00,0.00,0.00,0.00,0.00,0.00,0.00
NVDA,1749245703677,141.7100,141.6800,141.7500,400,300,171152,141.7300,141.7300,141.7300,141.7300,0.0700,142.1565,32.6555,141.7497,141.7955,141.7419,0.0714,0.00,0.00,0.00,0.00,0.00,0.00,0.00,0.00
NVDA,1749245704017,141.7100,141.6800,141.7600,400,1400,171152,141.7300,141.7300,141.7300,141.7300,0.0800,142.1565,32.6555,141.7497,141.7955,141.7419,0.0714,0.00,0.00,0.00,0.00,0.00,0.00,0.00,0.00
NVDA,1749245704678,141.7100,141.6800,141.7600,400,1400,171155,141.7300,141.7300,141.7300,141.7300,0.0800,142.1565,32.6555,141.7497,141.7955,141.7419,0.0714,0.00,0.00,0.00,0.00,0.00,0.00,0.00,0.00
NVDA,1749245705208,141.7200,141.6800,141.7600,400,1400,171156,141.7300,141.7300,141.7300,141.7300,0.0800,142.1565,32.6555,141.7497,141.7955,141.7419,0.0714,0.00,0.00,0.00,0.00,0.00,0.00,0.00,0.00
NVDA,1749245705208,141.7200,141.6800,141.7500,400,100,171156,141.7300,141.7300,141.7300,141.7300,0.0700,142.1565,32.6555,141.7497,141.7955,141.7419,0.0714,0.00,0.00,0.00,0.00,0.00,0.00,0.00,0.00
NVDA,1749245706029,141.7200,141.6800,141.7500,400,100,171156,141.7300,141.7300,141.7300,141.7300,0.0700,142.1565,32.6555,141.7497,141.7955,141.7419,0.0714,0.00,0.00,0.00,0.00,0.00,0.00,0.00,0.00
NVDA,1749245706674,141.7200,141.6800,141.7500,400,100,171156,141.7300,141.7300,141.7300,141.7300,0.0700,142.1565,32.6555,141.7497,141.7955,141.7419,0.0714,0.00,0.00,0.00,0.00,0.00,0.00,0.00,0.00
NVDA,1749245707262,141.7200,141.6800,141.7500,400,100,171160,141.7300,141.7300,141.7300,141.7300,0.0700,142.1565,32.6555,141.7497,141.7955,141.7419,0.0714,0.00,0.00,0.00,0.00,0.00,0.00,0.00,0.00
NVDA,1749245707262,141.7200,141.6800,141.7500,400,400,171191,141.7300,141.7300,141.7300,141.7300,0.0700,142.1565,32.6555,141.7497,141.7955,141.7419,0.0714,0.00,0.00,0.00,0.00,0.00,0.00,0.00,0.00
NVDA,1749245707676,141.7200,141.6800,141.7500,400,400,171191,141.7300,141.7300,141.7300,141.7300,0.0700,142.1565,32.6555,141.7497,141.7955,141.7419,0.0714,0.00,0.00,0.00,0.00,0.00,0.00,0.00,0.00
NVDA,1749245708247,141.6800,141.6800,141.7500,400,400,171201,141.7300,141.7300,141.7300,141.7300,0.0700,142.1565,32.6555,141.7497,141.7955,141.7419,0.0714,0.00,0.00,0.00,0.00,0.00,0.00,0.00,0.00
NVDA,1749245708247,141.6800,141.6800,141.7500,400,300,171201,141.7300,141.7300,141.7300,141.7300,0.0700,142.1565,32.6555,141.7497,141.7955,141.7419,0.0714,0.00,0.00,0.00,0.00,0.00,0.00,0.00,0.00
NVDA,1749245709091,141.6800,141.7000,141.7500,100,300,171201,141.7300,141.7300,141.7300,141.7300,0.0500,142.1565,32.6555,141.7497,141.7955,141.7419,0.0714,0.00,0.00,0.00,0.00,0.00,0.00,0.00,0.00
NVDA,1749245710939,141.6800,141.7000,141.7500,100,300,171201,141.7300,141.7300,141.7300,141.7300,0.0500,142.1565,32.6555,141.7497,141.7955,141.7419,0.0714,0.00,0.00,0.00,0.00,0.00,0.00,0.00,0.00
NVDA,1749245711024,141.6800,141.7000,141.7500,100,300,171201,141.7300,141.7300,141.7300,141.7300,0.0500,142.1565,32.6555,141.7497,141.7955,141.7419,0.0714,0.00,0.00,0.00,0.00,0.00,0.00,0.00,0.00
NVDA,1749245711187,141.6800,141.7000,141.7500,100,300,171201,141.7300,141.7300,141.7300,141.7300,0.0500,142.1565,32.6555,141.7497,141.7955,141.7419,0.0714,0.00,0.00,0.00,0.00,0.00,0.00,0.00,0.00
NVDA,1749245711406,141.7000,141.7000,141.7500,100,300,171203,141.7300,141.7300,141.7300,141.7300,0.0500,142.1565,32.6555,141.7497,141.7955,141.7419,0.0714,0.00,0.00,0.00,0.00,0.00,0.00,0.00,0.00
NVDA,1749245711406,141.7100,141.7000,141.7500,100,300,171204,141.7300,141.7300,141.7300,141.7300,0.0500,142.1565,32.6555,141.7497,141.7955,141.7419,0.0714,0.00,0.00,0.00,0.00,0.00,0.00,0.00,0.00
NVDA,1749245711406,141.7200,141.7000,141.7500,100,300,171234,141.7300,141.7300,141.7300,141.7300,0.0500,142.1565,32.6555,141.7497,141.7955,141.7419,0.0714,0.00,0.00,0.00,0.00,0.00,0.00,0.00,0.00
NVDA,1749245713937,141.7200,141.7000,141.7500,100,300,171234,141.7300,141.7300,141.7300,141.7300,0.0500,142.1565,32.6555,141.7497,141.7955,141.7419,0.0714,0.00,0.00,0.00,0.00,0.00,0.00,0.00,0.00
NVDA,1749245714419,141.7000,141.7000,141.7500,100,300,171239,141.7300,141.7300,141.7300,141.7300,0.0500,142.1565,32.6555,141.7497,141.7955,141.7419,0.0714,0.00,0.00,0.00,0.00,0.00,0.00,0.00,0.00
NVDA,1749245715039,141.7000,141.7000,141.7500,100,400,171239,141.7300,141.7300,141.7300,141.7300,0.0500,142.1565,32.6555,141.7497,141.7955,141.7419,0.0714,0.00,0.00,0.00,0.00,0.00,0.00,0.00,0.00
NVDA,1749245716024,141.7000,141.7000,141.7500,100,400,171239,141.7300,141.7300,141.7300,141.7300,0.0500,142.1565,32.6555,141.7497,141.7955,141.7419,0.0714,0.00,0.00,0.00,0.00,0.00,0.00,0.00,0.00
NVDA,1749245717151,141.7000,141.7000,141.7500,100,300,171239,141.7300,141.7300,141.7300,141.7300,0.0500,142.1565,32.6555,141.7497,141.7955,141.7419,0.0714,0.00,0.00,0.00,0.00,0.00,0.00,0.00,0.00
NVDA,1749245718691,141.7000,141.7000,141.7500,100,300,171239,141.7300,141.7300,141.7300,141.7300,0.0500,142.1565,32.6555,141.7497,141.7955,141.7419,0.0714,0.00,0.00,0.00,0.00,0.00,0.00,0.00,0.00
NVDA,1749245718691,141.7000,141.6800,141.7500,500,300,171239,141.7300,141.7300,141.7300,141.7300,0.0700,142.1565,32.6555,141.7497,141.7955,141.7419,0.0714,0.00,0.00,0.00,0.00,0.00,0.00,0.00,0.00
NVDA,1749245718941,141.7000,141.6800,141.7500,500,300,171239,141.7300,141.7300,141.7300,141.7300,0.0700,142.1565,32.6555,141.7497,141.7955,141.7419,0.0714,0.00,0.00,0.00,0.00,0.00,0.00,0.00,0.00
NVDA,1749245719456,141.6800,141.6800,141.7500,500,300,171240,141.7300,141.7300,141.7300,141.7300,0.0700,142.1565,32.6555,141.7497,141.7955,141.7419,0.0714,0.00,0.00,0.00,0.00,0.00,0.00,0.00,0.00
NVDA,1749245719456,141.7100,141.6800,141.7500,500,300,171241,141.7300,141.7300,141.7300,141.7300,0.0700,142.1565,32.6555,141.7497,141.7955,141.7419,0.0714,0.00,0.00,0.00,0.00,0.00,0.00,0.00,0.00
NVDA,1749245719456,141.7100,141.7100,141.7500,100,300,171241,141.7300,141.7300,141.7300,141.7300,0.0400,142.1565,32.6555,141.7497,141.7955,141.7419,0.0714,0.00,0.00,0.00,0.00,0.00,0.00,0.00,0.00
NVDA,1749245720946,141.7100,141.7100,141.7500,100,300,171241,141.7300,141.7300,141.7300,141.7300,0.0400,142.1565,32.6555,141.7497,141.7955,141.7419,0.0714,0.00,0.00,0.00,0.00,0.00,0.00,0.00,0.00
NVDA,1749245721031,141.7100,141.7100,141.7500,100,300,171241,141.7300,141.7300,141.7300,141.7300,0.0400,142.1565,32.6555,141.7497,141.7955,141.7419,0.0714,0.00,0.00,0.00,0.00,0.00,0.00,0.00,0.00
NVDA,1749245721636,141.7500,141.7100,141.7500,100,300,171244,141.7300,141.7300,141.7300,141.7300,0.0400,142.1565,32.6555,141.7497,141.7955,141.7419,0.0714,0.00,0.00,0.00,0.00,0.00,0.00,0.00,0.00
NVDA,1749245724700,141.7500,141.7100,141.7500,100,300,171244,141.7300,141.7300,141.7300,141.7300,0.0400,142.1565,32.6555,141.7497,141.7955,141.7419,0.0714,0.00,0.00,0.00,0.00,0.00,0.00,0.00,0.00
NVDA,1749245725224,141.7300,141.7100,141.7500,100,300,171249,141.7300,141.7300,141.7300,141.7300,0.0400,142.1565,32.6555,141.7497,141.7955,141.7419,0.0714,0.00,0.00,0.00,0.00,0.00,0.00,0.00,0.00
NVDA,1749245725224,141.7100,141.7100,141.7500,100,300,171250,141.7300,141.7300,141.7300,141.7300,0.0400,142.1565,32.6555,141.7497,141.7955,141.7419,0.0714,0.00,0.00,0.00,0.00,0.00,0.00,0.00,0.00
NVDA,1749245725463,141.7100,141.7100,141.7500,100,300,171250,141.7300,141.7300,141.7300,141.7300,0.0400,142.1565,32.6555,141.7497,141.7955,141.7419,0.0714,0.00,0.00,0.00,0.00,0.00,0.00,0.00,0.00
NVDA,1749245725773,141.7100,141.7100,141.7500,100,300,171250,141.7300,141.7300,141.7300,141.7300,0.0400,142.1565,32.6555,141.7497,141.7955,141.7419,0.0714,0.00,0.00,0.00,0.00,0.00,0.00,0.00,0.00
NVDA,1749245726021,141.7500,141.7100,141.7500,100,300,171550,141.7300,141.7300,141.7300,141.7300,0.0400,142.1565,32.6555,141.7497,141.7955,141.7419,0.0714,0.00,0.00,0.00,0.00,0.00,0.00,0.00,0.00
NVDA,1749245728204,141.7500,141.7100,141.7500,100,300,171550,141.7300,141.7300,141.7300,141.7300,0.0400,142.1565,32.6555,141.7497,141.7955,141.7419,0.0714,0.00,0.00,0.00,0.00,0.00,0.00,0.00,0.00
NVDA,1749245728822,141.7100,141.7100,141.7500,100,300,171555,141.7300,141.7300,141.7300,141.7300,0.0400,142.1565,32.6555,141.7497,141.7955,141.7419,0.0714,0.00,0.00,0.00,0.00,0.00,0.00,0.00,0.00
NVDA,1749245728960,141.7100,141.7100,141.7500,100,300,171555,141.7300,141.7300,141.7300,141.7300,0.0400,142.1565,32.6555,141.7497,141.7955,141.7419,0.0714,0.00,0.00,0.00,0.00,0.00,0.00,0.00,0.00
NVDA,1749245729609,141.7200,141.7100,141.7500,100,300,171565,141.7300,141.7300,141.7300,141.7300,0.0400,142.1565,32.6555,141.7497,141.7955,141.7419,0.0714,0.00,0.00,0.00,0.00,0.00,0.00,0.00,0.00
NVDA,1749245731029,141.7200,141.7100,141.7500,100,300,171565,141.7500,141.7500,141.7500,141.7500,0.0400,142.1565,32.6555,141.7497,141.7955,141.7419,0.0714,0.00,0.00,0.00,0.00,0.00,0.00,0.00,0.00
NVDA,1749245731718,141.7200,141.7100,141.7500,100,300,171565,141.7500,141.7500,141.7500,141.7500,0.0400,142.1565,32.6555,141.7497,141.7955,141.7419,0.0714,0.00,0.00,0.00,0.00,0.00,0.00,0.00,0.00
NVDA,1749245731967,141.7200,141.7100,141.7500,100,300,171565,141.7500,141.7500,141.7500,141.7500,0.0400,142.1565,32.6555,141.7497,141.7955,141.7419,0.0714,0.00,0.00,0.00,0.00,0.00,0.00,0.00,0.00
NVDA,1749245731967,141.7500,141.7100,141.7500,100,300,171566,141.7500,141.7500,141.7500,141.7500,0.0400,142.1565,32.6555,141.7497,141.7955,141.7419,0.0714,0.00,0.00,0.00,0.00,0.00,0.00,0.00,0.00
NVDA,1749245731967,141.7100,141.7100,141.7500,100,300,171570,141.7500,141.7500,141.7500,141.7500,0.0400,142.1565,32.6555,141.7497,141.7955,141.7419,0.0714,0.00,0.00,0.00,0.00,0.00,0.00,0.00,0.00
NVDA,1749245733211,141.7100,141.7100,141.7500,100,300,171570,141.7500,141.7500,141.7500,141.7500,0.0400,142.1565,32.6555,141.7497,141.7955,141.7419,0.0714,0.00,0.00,0.00,0.00,0.00,0.00,0.00,0.00
NVDA,1749245733849,141.7300,141.7100,141.7500,100,300,171571,141.7500,141.7500,141.7500,141.7500,0.0400,142.1565,32.6555,141.7497,141.7955,141.7419,0.0714,0.00,0.00,0.00,0.00,0.00,0.00,0.00,0.00
NVDA,1749245733849,141.7200,141.7100,141.7500,100,300,171622,141.7500,141.7500,141.7500,141.7500,0.0400,142.1565,32.6555,141.7497,141.7955,141.7419,0.0714,0.00,0.00,0.00,0.00,0.00,0.00,0.00,0.00
NVDA,1749245733961,141.7200,141.7100,141.7500,100,300,171622,141.7500,141.7500,141.7500,141.7500,0.0400,142.1565,32.6555,141.7497,141.7955,141.7419,0.0714,0.00,0.00,0.00,0.00,0.00,0.00,0.00,0.00
NVDA,1749245734478,141.7300,141.7100,141.7500,100,300,171623,141.7500,141.7500,141.7500,141.7500,0.0400,142.1565,32.6555,141.7497,141.7955,141.7419,0.0714,0.00,0.00,0.00,0.00,0.00,0.00,0.00,0.00
NVDA,1749245736032,141.7300,141.7100,141.7500,100,300,171623,141.7500,141.7500,141.7500,141.7500,0.0400,142.1565,32.6555,141.7497,141.7955,141.7419,0.0714,0.00,0.00,0.00,0.00,0.00,0.00,0.00,0.00
NVDA,1749245739968,141.7300,141.7100,141.7500,100,300,171623,141.7500,141.7500,141.7500,141.7500,0.0400,142.1565,32.6555,141.7497,141.7955,141.7419,0.0714,0.00,0.00,0.00,0.00,0.00,0.00,0.00,0.00
NVDA,1749245740424,141.7300,141.6800,141.7500,500,300,171623,141.7500,141.7500,141.7500,141.7500,0.0700,142.1565,32.6555,141.7497,141.7955,141.7419,0.0714,0.00,0.00,0.00,0.00,0.00,0.00,0.00,0.00
NVDA,1749245740424,141.7200,141.6800,141.7500,500,300,171653,141.7500,141.7500,141.7500,141.7500,0.0700,142.1565,32.6555,141.7497,141.7955,141.7419,0.0714,0.00,0.00,0.00,0.00,0.00,0.00,0.00,0.00
NVDA,1749245741021,141.7200,141.6800,141.7500,500,300,171653,141.7500,141.7500,141.7500,141.7500,0.0700,142.1565,32.6555,141.7497,141.7955,141.7419,0.0714,0.00,0.00,0.00,0.00,0.00,0.00,0.00,0.00
NVDA,1749245745486,141.7200,141.6800,141.7500,500,300,171653,141.7500,141.7500,141.7500,141.7500,0.0700,142.1565,32.6555,141.7497,141.7955,141.7419,0.0714,0.00,0.00,0.00,0.00,0.00,0.00,0.00,0.00
NVDA,1749245745729,141.7200,141.6800,141.7500,500,300,171653,141.7500,141.7500,141.7500,141.7500,0.0700,142.1565,32.6555,141.7497,141.7955,141.7419,0.0714,0.00,0.00,0.00,0.00,0.00,0.00,0.00,0.00
NVDA,1749245746028,141.7200,141.6800,141.7500,500,300,171653,141.7500,141.7500,141.7500,141.7500,0.0700,142.1565,32.6555,141.7497,141.7955,141.7419,0.0714,0.00,0.00,0.00,0.00,0.00,0.00,0.00,0.00
NVDA,1749245746028,141.6800,141.6800,141.7500,500,300,171654,141.7500,141.7500,141.7500,141.7500,0.0700,142.1565,32.6555,141.7497,141.7955,141.7419,0.0714,0.00,0.00,0.00,0.00,0.00,0.00,0.00,0.00
NVDA,1749245746028,141.6800,141.7200,141.7500,100,300,171654,141.7500,141.7500,141.7500,141.7500,0.0300,142.1565,32.6555,141.7497,141.7955,141.7419,0.0714,0.00,0.00,0.00,0.00,0.00,0.00,0.00,0.00
NVDA,1749245746104,141.7300,141.7200,141.7500,100,300,171673,141.7500,141.7500,141.7500,141.7500,0.0300,142.1565,32.6555,141.7497,141.7955,141.7419,0.0714,0.00,0.00,0.00,0.00,0.00,0.00,0.00,0.00
NVDA,1749245746728,141.7300,141.7200,141.7500,100,300,171808,141.7500,141.7500,141.7500,141.7500,0.0300,142.1565,32.6555,141.7497,141.7955,141.7419,0.0714,0.00,0.00,0.00,0.00,0.00,0.00,0.00,0.00
NVDA,1749245747336,141.7300,141.7200,141.7500,100,300,172108,141.7500,141.7500,141.7500,141.7500,0.0300,142.1565,32.6555,141.7497,141.7955,141.7419,0.0714,0.00,0.00,0.00,0.00,0.00,0.00,0.00,0.00
NVDA,1749245747727,141.7300,141.7200,141.7500,100,300,172108,141.7500,141.7500,141.7500,141.7500,0.0300,142.1565,32.6555,141.7497,141.7955,141.7419,0.0714,0.00,0.00,0.00,0.00,0.00,0.00,0.00,0.00
NVDA,1749245748436,141.7300,141.7200,141.7500,100,300,172408,141.7500,141.7500,141.7500,141.7500,0.0300,142.1565,32.6555,141.7497,141.7955,141.7419,0.0714,0.00,0.00,0.00,0.00,0.00,0.00,0.00,0.00
NVDA,1749245748436,141.7300,141.7200,141.7600,100,1400,172408,141.7500,141.7500,141.7500,141.7500,0.0400,142.1565,32.6555,141.7497,141.7955,141.7419,0.0714,0.00,0.00,0.00,0.00,0.00,0.00,0.00,0.00
NVDA,1749245748741,141.7300,141.7200,141.7600,100,1400,172408,141.7500,141.7500,141.7500,141.7500,0.0400,142.1565,32.6555,141.7497,141.7955,141.7419,0.0714,0.00,0.00,0.00,0.00,0.00,0.00,0.00,0.00
NVDA,1749245749440,141.7300,141.7200,141.7600,100,1400,172708,141.7500,141.7500,141.7500,141.7500,0.0400,142.1565,32.6555,141.7497,141.7955,141.7419,0.0714,0.00,0.00,0.00,0.00,0.00,0.00,0.00,0.00
NVDA,1749245749730,141.7300,141.7200,141.7600,100,1400,172708,141.7500,141.7500,141.7500,141.7500,0.0400,142.1565,32.6555,141.7497,141.7955,141.7419,0.0714,0.00,0.00,0.00,0.00,0.00,0.00,0.00,0.00
NVDA,1749245750271,141.7600,141.7200,141.7600,100,1400,172709,141.7500,141.7500,141.7500,141.7500,0.0400,142.1565,32.6555,141.7497,141.7955,141.7419,0.0714,0.00,0.00,0.00,0.00,0.00,0.00,0.00,0.00
NVDA,1749245750271,141.7300,141.7200,141.7600,100,1400,173009,141.7500,141.7500,141.7500,141.7500,0.0400,142.1565,32.6555,141.7497,141.7955,141.7419,0.0714,0.00,0.00,0.00,0.00,0.00,0.00,0.00,0.00
NVDA,1749245750742,141.7300,141.7200,141.7600,100,1400,173009,141.7500,141.7500,141.7500,141.7500,0.0400,142.1565,32.6555,141.7497,141.7955,141.7419,0.0714,0.00,0.00,0.00,0.00,0.00,0.00,0.00,0.00
NVDA,1749245751022,141.7300,141.7200,141.7600,100,1400,173009,141.7300,141.7300,141.7300,141.7300,0.0400,142.1565,32.6555,141.7497,141.7955,141.7419,0.0714,0.00,0.00,0.00,0.00,0.00,0.00,0.00,0.00
NVDA,1749245751234,141.7300,141.7200,141.7600,100,1400,173009,141.7300,141.7300,141.7300,141.7300,0.0400,142.1565,32.6555,141.7497,141.7955,141.7419,0.0714,0.00,0.00,0.00,0.00,0.00,0.00,0.00,0.00
NVDA,1749245751326,141.7300,141.7200,141.7500,100,100,173009,141.7300,141.7300,141.7300,141.7300,0.0300,142.1565,32.6555,141.7497,141.7955,141.7419,0.0714,0.00,0.00,0.00,0.00,0.00,0.00,0.00,0.00
NVDA,1749245751326,141.7300,141.6800,141.7300,500,100,173309,141.7300,141.7300,141.7300,141.7300,0.0500,142.1565,32.6555,141.7497,141.7955,141.7419,0.0714,0.00,0.00,0.00,0.00,0.00,0.00,0.00,0.00
NVDA,1749245751837,141.7200,141.6800,141.7300,500,100,173508,141.7300,141.7300,141.7300,141.7300,0.0500,142.1565,32.6555,141.7497,141.7955,141.7419,0.0714,0.00,0.00,0.00,0.00,0.00,0.00,0.00,0.00
NVDA,1749245751837,141.7100,141.6800,141.7300,500,100,173687,141.7300,141.7300,141.7300,141.7300,0.0500,142.1565,32.6555,141.7497,141.7955,141.7419,0.0714,0.00,0.00,0.00,0.00,0.00,0.00,0.00,0.00
NVDA,1749245752336,141.7100,141.6800,141.7500,500,100,173709,141.7300,141.7300,141.7300,141.7300,0.0700,142.1565,32.6555,141.7497,141.7955,141.7419,0.0714,0.00,0.00,0.00,0.00,0.00,0.00,0.00,0.00
NVDA,1749245753237,141.7100,141.6800,141.7500,500,100,173709,141.7300,141.7300,141.7300,141.7300,0.0700,142.1565,32.6555,141.7497,141.7955,141.7419,0.0714,0.00,0.00,0.00,0.00,0.00,0.00,0.00,0.00
NVDA,1749245753490,141.7100,141.6800,141.7500,500,100,173709,141.7300,141.7300,141.7300,141.7300,0.0700,142.1565,32.6555,141.7497,141.7955,141.7419,0.0714,0.00,0.00,0.00,0.00,0.00,0.00,0.00,0.00
NVDA,1749245753737,141.7500,141.6800,141.7500,500,100,173710,141.7300,141.7300,141.7300,141.7300,0.0700,142.1565,32.6555,141.7497,141.7955,141.7419,0.0714,0.00,0.00,0.00,0.00,0.00,0.00,0.00,0.00
NVDA,1749245753737,141.7300,141.6800,141.7500,500,100,173713,141.7300,141.7300,141.7300,141.7300,0.0700,142.1565,32.6555,141.7497,141.7955,141.7419,0.0714,0.00,0.00,0.00,0.00,0.00,0.00,0.00,0.00
NVDA,1749245756030,141.7300,141.6800,141.7500,500,100,173713,141.7300,141.7300,141.7200,141.7200,0.0700,142.1565,32.6555,141.7497,141.7955,141.7419,0.0714,0.00,0.00,0.00,0.00,0.00,0.00,0.00,0.00
NVDA,1749245756848,141.7300,141.6800,141.7500,500,400,173713,141.7300,141.7300,141.7200,141.7200,0.0700,142.1565,32.6555,141.7497,141.7955,141.7419,0.0714,0.00,0.00,0.00,0.00,0.00,0.00,0.00,0.00
NVDA,1749245756848,141.7300,141.6800,141.7500,600,400,173713,141.7300,141.7300,141.7200,141.7200,0.0700,142.1565,32.6555,141.7497,141.7955,141.7419,0.0714,0.00,0.00,0.00,0.00,0.00,0.00,0.00,0.00
NVDA,1749245760743,141.7300,141.6800,141.7500,600,400,173713,141.7300,141.7300,141.7200,141.7200,0.0700,142.1565,34.6686,141.7457,141.7906,141.7384,0.0720,0.00,0.00,0.00,0.00,0.00,0.00,0.00,0.00
NVDA,1749245761027,141.7300,141.6800,141.7500,600,400,173713,141.7200,141.7200,141.7200,141.7200,0.0700,142.1565,34.6686,141.7457,141.7906,141.7384,0.0720,0.00,0.00,0.00,0.00,0.00,0.00,0.00,0.00
NVDA,1749245761275,141.7400,141.6800,141.7500,600,400,173733,141.7200,141.7200,141.7200,141.7200,0.0700,142.1565,34.6686,141.7457,141.7906,141.7384,0.0720,0.00,0.00,0.00,0.00,0.00,0.00,0.00,0.00
NVDA,1749245762256,141.7400,141.6800,141.7500,600,400,174013,141.7200,141.7200,141.7200,141.7200,0.0700,142.1565,34.6686,141.7457,141.7906,141.7384,0.0720,0.00,0.00,0.00,0.00,0.00,0.00,0.00,0.00
NVDA,1749245762943,141.7100,141.6800,141.7500,600,400,174014,141.7200,141.7200,141.7200,141.7200,0.0700,142.1565,34.6686,141.7457,141.7906,141.7384,0.0720,0.00,0.00,0.00,0.00,0.00,0.00,0.00,0.00
NVDA,1749245764754,141.7100,141.6800,141.7500,600,400,174014,141.7200,141.7200,141.7200,141.7200,0.0700,142.1565,34.6686,141.7457,141.7906,141.7384,0.0720,0.00,0.00,0.00,0.00,0.00,0.00,0.00,0.00
NVDA,1749245765260,141.7200,141.6800,141.7500,600,400,174022,141.7200,141.7200,141.7200,141.7200,0.0700,142.1565,34.6686,141.7457,141.7906,141.7384,0.0720,0.00,0.00,0.00,0.00,0.00,0.00,0.00,0.00
NVDA,1749245766034,141.7200,141.6800,141.7500,600,400,174022,141.7400,141.7400,141.7400,141.7400,0.0700,142.1565,34.6686,141.7457,141.7906,141.7384,0.0720,0.00,0.00,0.00,0.00,0.00,0.00,0.00,0.00
NVDA,1749245766034,141.7200,141.7100,141.7500,100,400,174022,141.7400,141.7400,141.7400,141.7400,0.0400,142.1565,34.6686,141.7457,141.7906,141.7384,0.0720,0.00,0.00,0.00,0.00,0.00,0.00,0.00,0.00
NVDA,1749245766034,141.7200,141.7100,141.7400,100,100,174022,141.7400,141.7400,141.7400,141.7400,0.0300,142.1565,34.6686,141.7457,141.7906,141.7384,0.0720,0.00,0.00,0.00,0.00,0.00,0.00,0.00,0.00
NVDA,1749245766499,141.7200,141.7100,141.7400,100,100,174022,141.7400,141.7400,141.7400,141.7400,0.0300,142.1565,34.6686,141.7457,141.7906,141.7384,0.0720,0.00,0.00,0.00,0.00,0.00,0.00,0.00,0.00
NVDA,1749245767160,141.7300,141.7100,141.7400,100,100,174023,141.7400,141.7400,141.7400,141.7400,0.0300,142.1565,34.6686,141.7457,141.7906,141.7384,0.0720,0.00,0.00,0.00,0.00,0.00,0.00,0.00,0.00
NVDA,1749245767238,141.7300,141.7100,141.7400,100,100,174283,141.7400,141.7400,141.7400,141.7400,0.0300,142.1565,34.6686,141.7457,141.7906,141.7384,0.0720,0.00,0.00,0.00,0.00,0.00,0.00,0.00,0.00
NVDA,1749245771017,141.7300,141.7100,141.7400,100,100,174286,141.7400,141.7400,141.7400,141.7400,0.0300,142.1565,34.6686,141.7457,141.7906,141.7384,0.0720,0.00,0.00,0.00,0.00,0.00,0.00,0.00,0.00
NVDA,1749245771503,141.7300,141.7100,141.7400,100,100,174286,141.7400,141.7400,141.7400,141.7400,0.0300,142.1565,34.6686,141.7457,141.7906,141.7384,0.0720,0.00,0.00,0.00,0.00,0.00,0.00,0.00,0.00
NVDA,1749245771756,141.7300,141.7100,141.7400,100,100,174286,141.7400,141.7400,141.7400,141.7400,0.0300,142.1565,34.6686,141.7457,141.7906,141.7384,0.0720,0.00,0.00,0.00,0.00,0.00,0.00,0.00,0.00
NVDA,1749245771872,141.7100,141.7100,141.7400,100,100,174287,141.7400,141.7400,141.7400,141.7400,0.0300,142.1565,34.6686,141.7457,141.7906,141.7384,0.0720,0.00,0.00,0.00,0.00,0.00,0.00,0.00,0.00
NVDA,1749245771872,141.7300,141.7100,141.7400,100,100,174289,141.7400,141.7400,141.7400,141.7400,0.0300,142.1565,34.6686,141.7457,141.7906,141.7384,0.0720,0.00,0.00,0.00,0.00,0.00,0.00,0.00,0.00
NVDA,1749245772759,141.7300,141.7100,141.7400,100,100,174290,141.7400,141.7400,141.7400,141.7400,0.0300,142.1565,34.6686,141.7457,141.7906,141.7384,0.0720,0.00,0.00,0.00,0.00,0.00,0.00,0.00,0.00
NVDA,1749245773483,141.7300,141.7100,141.7400,100,100,174291,141.7400,141.7400,141.7400,141.7400,0.0300,142.1565,34.6686,141.7457,141.7906,141.7384,0.0720,0.00,0.00,0.00,0.00,0.00,0.00,0.00,0.00
NVDA,1749245774256,141.7300,141.7100,141.7400,100,100,174291,141.7400,141.7400,141.7400,141.7400,0.0300,142.1565,34.6686,141.7457,141.7906,141.7384,0.0720,0.00,0.00,0.00,0.00,0.00,0.00,0.00,0.00
NVDA,1749245774767,141.7300,141.7100,141.7400,100,100,174306,141.7400,141.7400,141.7400,141.7400,0.0300,142.1565,34.6686,141.7457,141.7906,141.7384,0.0720,0.00,0.00,0.00,0.00,0.00,0.00,0.00,0.00
NVDA,1749245774767,141.7100,141.7100,141.7400,100,100,174324,141.7400,141.7400,141.7400,141.7400,0.0300,142.1565,34.6686,141.7457,141.7906,141.7384,0.0720,0.00,0.00,0.00,0.00,0.00,0.00,0.00,0.00
NVDA,1749245774767,141.7200,141.7100,141.7400,100,100,174482,141.7400,141.7400,141.7400,141.7400,0.0300,142.1565,34.6686,141.7457,141.7906,141.7384,0.0720,0.00,0.00,0.00,0.00,0.00,0.00,0.00,0.00
NVDA,1749245774767,141.7300,141.7100,141.7400,100,100,174484,141.7400,141.7400,141.7400,141.7400,0.0300,142.1565,34.6686,141.7457,141.7906,141.7384,0.0720,0.00,0.00,0.00,0.00,0.00,0.00,0.00,0.00
NVDA,1749245774767,141.7300,141.7100,141.7300,100,100,174484,141.7400,141.7400,141.7400,141.7400,0.0200,142.1565,34.6686,141.7457,141.7906,141.7384,0.0720,0.00,0.00,0.00,0.00,0.00,0.00,0.00,0.00
NVDA,1749245774767,141.7300,141.6900,141.7300,100,100,174484,141.7400,141.7400,141.7400,141.7400,0.0400,142.1565,34.6686,141.7457,141.7906,141.7384,0.0720,0.00,0.00,0.00,0.00,0.00,0.00,0.00,0.00
NVDA,1749245774767,141.7300,141.6900,141.7200,100,100,174484,141.7400,141.7400,141.7400,141.7400,0.0300,142.1565,34.6686,141.7457,141.7906,141.7384,0.0720,0.00,0.00,0.00,0.00,0.00,0.00,0.00,0.00
NVDA,1749245774767,141.7300,141.6900,141.7300,100,100,174484,141.7400,141.7400,141.7400,141.7400,0.0400,142.1565,34.6686,141.7457,141.7906,141.7384,0.0720,0.00,0.00,0.00,0.00,0.00,0.00,0.00,0.00
NVDA,1749245775758,141.7300,141.6900,141.7300,100,100,174484,141.7400,141.7400,141.7400,141.7400,0.0400,142.1565,34.6686,141.7457,141.7906,141.7384,0.0720,0.00,0.00,0.00,0.00,0.00,0.00,0.00,0.00
NVDA,1749245776023,141.7300,141.6900,141.7300,100,100,174484,141.7400,141.7400,141.7400,141.7400,0.0400,142.1565,34.6686,141.7457,141.7906,141.7384,0.0720,0.00,0.00,0.00,0.00,0.00,0.00,0.00,0.00
NVDA,1749245776345,141.7300,141.6900,141.7300,100,300,174484,141.7400,141.7400,141.7400,141.7400,0.0400,142.1565,34.6686,141.7457,141.7906,141.7384,0.0720,0.00,0.00,0.00,0.00,0.00,0.00,0.00,0.00
NVDA,1749245776345,141.7100,141.6900,141.7300,100,300,174542,141.7400,141.7400,141.7400,141.7400,0.0400,142.1565,34.6686,141.7457,141.7906,141.7384,0.0720,0.00,0.00,0.00,0.00,0.00,0.00,0.00,0.00
NVDA,1749245776345,141.7000,141.6900,141.7300,100,300,174552,141.7400,141.7400,141.7400,141.7400,0.0400,142.1565,34.6686,141.7457,141.7906,141.7384,0.0720,0.00,0.00,0.00,0.00,0.00,0.00,0.00,0.00
NVDA,1749245776939,141.7000,141.6900,141.7300,100,100,174552,141.7400,141.7400,141.7400,141.7400,0.0400,142.1565,34.6686,141.7457,141.7906,141.7384,0.0720,0.00,0.00,0.00,0.00,0.00,0.00,0.00,0.00
NVDA,1749245777761,141.7000,141.6900,141.7300,100,100,174552,141.7400,141.7400,141.7400,141.7400,0.0400,142.1565,34.6686,141.7457,141.7906,141.7384,0.0720,0.00,0.00,0.00,0.00,0.00,0.00,0.00,0.00
NVDA,1749245778481,141.7100,141.6900,141.7300,100,100,174554,141.7400,141.7400,141.7400,141.7400,0.0400,142.1565,34.6686,141.7457,141.7906,141.7384,0.0720,0.00,0.00,0.00,0.00,0.00,0.00,0.00,0.00
NVDA,1749245780020,141.7100,141.6900,141.7300,100,100,174554,141.7400,141.7400,141.7400,141.7400,0.0400,142.1565,34.6686,141.7457,141.7906,141.7384,0.0720,0.00,0.00,0.00,0.00,0.00,0.00,0.00,0.00
NVDA,1749245780516,141.7100,141.6900,141.7300,100,100,174554,141.7400,141.7400,141.7400,141.7400,0.0400,142.1565,34.6686,141.7457,141.7906,141.7384,0.0720,0.00,0.00,0.00,0.00,0.00,0.00,0.00,0.00
NVDA,1749245780751,141.7100,141.6900,141.7200,100,1000,174554,141.7400,141.7400,141.7400,141.7400,0.0300,142.1565,34.6686,141.7457,141.7906,141.7384,0.0720,0.00,0.00,0.00,0.00,0.00,0.00,0.00,0.00
NVDA,1749245780751,141.7100,141.6800,141.7200,400,1000,174554,141.7400,141.7400,141.7400,141.7400,0.0400,142.1565,34.6686,141.7457,141.7906,141.7384,0.0720,0.00,0.00,0.00,0.00,0.00,0.00,0.00,0.00
NVDA,1749245780751,141.7000,141.6800,141.7200,400,1000,174571,141.7400,141.7400,141.7400,141.7400,0.0400,142.1565,34.6686,141.7457,141.7906,141.7384,0.0720,0.00,0.00,0.00,0.00,0.00,0.00,0.00,0.00
NVDA,1749245780751,141.6900,141.6800,141.7200,400,1000,174666,141.7400,141.7400,141.7400,141.7400,0.0400,142.1565,34.6686,141.7457,141.7906,141.7384,0.0720,0.00,0.00,0.00,0.00,0.00,0.00,0.00,0.00
NVDA,1749245780751,141.6900,141.6800,141.7200,400,1100,174666,141.7400,141.7400,141.7400,141.7400,0.0400,142.1565,34.6686,141.7457,141.7906,141.7384,0.0720,0.00,0.00,0.00,0.00,0.00,0.00,0.00,0.00
NVDA,1749245780751,141.6900,141.6800,141.7200,400,1000,174666,141.7400,141.7400,141.7400,141.7400,0.0400,142.1565,34.6686,141.7457,141.7906,141.7384,0.0720,0.00,0.00,0.00,0.00,0.00,0.00,0.00,0.00
NVDA,1749245780751,141.6900,141.6900,141.7200,100,1000,174666,141.7400,141.7400,141.7400,141.7400,0.0300,142.1565,34.6686,141.7457,141.7906,141.7384,0.0720,0.00,0.00,0.00,0.00,0.00,0.00,0.00,0.00
NVDA,1749245780751,141.6900,141.6800,141.7200,400,1000,174666,141.7400,141.7400,141.7400,141.7400,0.0400,142.1565,34.6686,141.7457,141.7906,141.7384,0.0720,0.00,0.00,0.00,0.00,0.00,0.00,0.00,0.00
NVDA,1749245780751,141.6700,141.6800,141.7200,400,1000,174683,141.7400,141.7400,141.7400,141.7400,0.0400,142.1565,34.6686,141.7457,141.7906,141.7384,0.0720,0.00,0.00,0.00,0.00,0.00,0.00,0.00,0.00
NVDA,1749245780751,141.6600,141.6800,141.7200,400,1000,174971,141.7400,141.7400,141.7400,141.7400,0.0400,142.1565,34.6686,141.7457,141.7906,141.7384,0.0720,0.00,0.00,0.00,0.00,0.00,0.00,0.00,0.00
NVDA,1749245780751,141.7100,141.6800,141.7200,400,1000,175016,141.7400,141.7400,141.7400,141.7400,0.0400,142.1565,34.6686,141.7457,141.7906,141.7384,0.0720,0.00,0.00,0.00,0.00,0.00,0.00,0.00,0.00
NVDA,1749245780751,141.7200,141.6800,141.7200,400,1000,175071,141.7400,141.7400,141.7400,141.7400,0.0400,142.1565,34.6686,141.7457,141.7906,141.7384,0.0720,0.00,0.00,0.00,0.00,0.00,0.00,0.00,0.00
NVDA,1749245781013,141.7200,141.6800,141.7200,400,1000,175071,141.7400,141.7400,141.7400,141.7400,0.0400,142.1565,34.6686,141.7457,141.7906,141.7384,0.0720,0.00,0.00,0.00,0.00,0.00,0.00,0.00,0.00
NVDA,1749245782778,141.7200,141.6800,141.7200,400,1000,175071,141.7400,141.7400,141.7400,141.7400,0.0400,142.1565,34.6686,141.7457,141.7906,141.7384,0.0720,0.00,0.00,0.00,0.00,0.00,0.00,0.00,0.00
NVDA,1749245783278,141.7200,141.6800,141.7200,400,1000,175071,141.7400,141.7400,141.7400,141.7400,0.0400,142.1565,34.6686,141.7457,141.7906,141.7384,0.0720,0.00,0.00,0.00,0.00,0.00,0.00,0.00,0.00
NVDA,1749245783278,141.7000,141.6800,141.7200,400,1000,175072,141.7400,141.7400,141.7400,141.7400,0.0400,142.1565,34.6686,141.7457,141.7906,141.7384,0.0720,0.00,0.00,0.00,0.00,0.00,0.00,0.00,0.00
NVDA,1749245783278,141.6800,141.6800,141.7200,400,1000,175140,141.7400,141.7400,141.7400,141.7400,0.0400,142.1565,34.6686,141.7457,141.7906,141.7384,0.0720,0.00,0.00,0.00,0.00,0.00,0.00,0.00,0.00
NVDA,1749245783986,141.7000,141.6800,141.7200,400,1000,175141,141.7400,141.7400,141.7400,141.7400,0.0400,142.1565,34.6686,141.7457,141.7906,141.7384,0.0720,0.00,0.00,0.00,0.00,0.00,0.00,0.00,0.00
NVDA,1749245785278,141.7000,141.6800,141.7200,400,1000,175141,141.7400,141.7400,141.7400,141.7400,0.0400,142.1565,34.6686,141.7457,141.7906,141.7384,0.0720,0.00,0.00,0.00,0.00,0.00,0.00,0.00,0.00
NVDA,1749245785664,141.7000,141.6800,141.7200,400,1000,175141,141.6600,141.6600,141.6600,141.6600,0.0400,142.1565,34.6686,141.7457,141.7906,141.7384,0.0720,0.00,0.00,0.00,0.00,0.00,0.00,0.00,0.00
NVDA,1749245785779,141.7000,141.6800,141.7200,400,1000,175141,141.6600,141.6600,141.6600,141.6600,0.0400,142.1565,34.6686,141.7457,141.7906,141.7384,0.0720,0.00,0.00,0.00,0.00,0.00,0.00,0.00,0.00
NVDA,1749245785912,141.7000,141.6800,141.7100,400,300,175141,141.6600,141.6600,141.6600,141.6600,0.0300,142.1565,34.6686,141.7457,141.7906,141.7384,0.0720,0.00,0.00,0.00,0.00,0.00,0.00,0.00,0.00
NVDA,1749245785912,141.7000,141.6800,141.7000,400,100,175141,141.6600,141.6600,141.6600,141.6600,0.0200,142.1565,34.6686,141.7457,141.7906,141.7384,0.0720,0.00,0.00,0.00,0.00,0.00,0.00,0.00,0.00
NVDA,1749245785912,141.7000,141.6500,141.7000,900,200,175141,141.6600,141.6600,141.6600,141.6600,0.0500,142.1565,34.6686,141.7457,141.7906,141.7384,0.0720,0.00,0.00,0.00,0.00,0.00,0.00,0.00,0.00
NVDA,1749245785912,141.7000,141.6500,141.7000,900,100,175141,141.6600,141.6600,141.6600,141.6600,0.0500,142.1565,34.6686,141.7457,141.7906,141.7384,0.0720,0.00,0.00,0.00,0.00,0.00,0.00,0.00,0.00
NVDA,1749245785912,141.6700,141.6500,141.7000,900,100,175153,141.6600,141.6600,141.6600,141.6600,0.0500,142.1565,34.6686,141.7457,141.7906,141.7384,0.0720,0.00,0.00,0.00,0.00,0.00,0.00,0.00,0.00
NVDA,1749245785912,141.6800,141.6500,141.7000,900,100,175553,141.6600,141.6600,141.6600,141.6600,0.0500,142.1565,34.6686,141.7457,141.7906,141.7384,0.0720,0.00,0.00,0.00,0.00,0.00,0.00,0.00,0.00
NVDA,1749245785912,141.6700,141.6500,141.7000,900,100,175645,141.6600,141.6600,141.6600,141.6600,0.0500,142.1565,34.6686,141.7457,141.7906,141.7384,0.0720,0.00,0.00,0.00,0.00,0.00,0.00,0.00,0.00
NVDA,1749245785912,141.6700,141.6500,141.7000,1000,100,175647,141.6600,141.6600,141.6600,141.6600,0.0500,142.1565,34.6686,141.7457,141.7906,141.7384,0.0720,0.00,0.00,0.00,0.00,0.00,0.00,0.00,0.00
NVDA,1749245786317,141.6700,141.6500,141.7000,1000,100,175647,141.6600,141.6600,141.6600,141.6600,0.0500,142.1565,34.6686,141.7457,141.7906,141.7384,0.0720,0.00,0.00,0.00,0.00,0.00,0.00,0.00,0.00
NVDA,1749245786436,141.6800,141.6500,141.7000,1000,100,175648,141.6600,141.6600,141.6600,141.6600,0.0500,142.1565,34.6686,141.7457,141.7906,141.7384,0.0720,0.00,0.00,0.00,0.00,0.00,0.00,0.00,0.00
NVDA,1749245786776,141.6800,141.6500,141.7000,1000,100,175648,141.6600,141.6600,141.6600,141.6600,0.0500,142.1565,34.6686,141.7457,141.7906,141.7384,0.0720,0.00,0.00,0.00,0.00,0.00,0.00,0.00,0.00
NVDA,1749245786975,141.6500,141.6500,141.7000,1000,100,175649,141.6600,141.6600,141.6600,141.6600,0.0500,142.1565,34.6686,141.7457,141.7906,141.7384,0.0720,0.00,0.00,0.00,0.00,0.00,0.00,0.00,0.00
NVDA,1749245786975,141.6500,141.6500,141.6900,1000,100,175649,141.6600,141.6600,141.6600,141.6600,0.0400,142.1565,34.6686,141.7457,141.7906,141.7384,0.0720,0.00,0.00,0.00,0.00,0.00,0.00,0.00,0.00
NVDA,1749245786975,141.6700,141.6500,141.6900,1000,100,175691,141.6600,141.6600,141.6600,141.6600,0.0400,142.1565,34.6686,141.7457,141.7906,141.7384,0.0720,0.00,0.00,0.00,0.00,0.00,0.00,0.00,0.00
NVDA,1749245786975,141.6600,141.6500,141.6900,1000,100,175692,141.6600,141.6600,141.6600,141.6600,0.0400,142.1565,34.6686,141.7457,141.7906,141.7384,0.0720,0.00,0.00,0.00,0.00,0.00,0.00,0.00,0.00
NVDA,1749245787522,141.6600,141.6500,141.6900,1000,100,175696,141.6600,141.6600,141.6600,141.6600,0.0400,142.1565,34.6686,141.7457,141.7906,141.7384,0.0720,0.00,0.00,0.00,0.00,0.00,0.00,0.00,0.00
NVDA,1749245788029,141.6600,141.6500,141.6900,1000,100,175696,141.6600,141.6600,141.6600,141.6600,0.0400,142.1565,34.6686,141.7457,141.7906,141.7384,0.0720,0.00,0.00,0.00,0.00,0.00,0.00,0.00,0.00
NVDA,1749245788197,141.6600,141.6500,141.6700,900,200,175696,141.6600,141.6600,141.6600,141.6600,0.0200,142.1565,34.6686,141.7457,141.7906,141.7384,0.0720,0.00,0.00,0.00,0.00,0.00,0.00,0.00,0.00
NVDA,1749245788197,141.6600,141.6500,141.6700,900,100,177088,141.6600,141.6600,141.6600,141.6600,0.0200,142.1565,34.6686,141.7457,141.7906,141.7384,0.0720,0.00,0.00,0.00,0.00,0.00,0.00,0.00,0.00
NVDA,1749245788278,141.6600,141.6500,141.6700,900,100,177088,141.6600,141.6600,141.6600,141.6600,0.0200,142.1565,34.6686,141.7457,141.7906,141.7384,0.0720,0.00,0.00,0.00,0.00,0.00,0.00,0.00,0.00
NVDA,1749245788835,141.6700,141.6500,141.6700,900,100,177094,141.6600,141.6600,141.6600,141.6600,0.0200,142.1565,34.6686,141.7457,141.7906,141.7384,0.0720,0.00,0.00,0.00,0.00,0.00,0.00,0.00,0.00
NVDA,1749245788835,141.6600,141.6500,141.6700,900,100,177234,141.6600,141.6600,141.6600,141.6600,0.0200,142.1565,34.6686,141.7457,141.7906,141.7384,0.0720,0.00,0.00,0.00,0.00,0.00,0.00,0.00,0.00
NVDA,1749245788835,141.6700,141.6500,141.6700,900,100,177235,141.6600,141.6600,141.6600,141.6600,0.0200,142.1565,34.6686,141.7457,141.7906,141.7384,0.0720,0.00,0.00,0.00,0.00,0.00,0.00,0.00,0.00
NVDA,1749245788835,141.6600,141.6500,141.6700,900,100,177283,141.6600,141.6600,141.6600,141.6600,0.0200,142.1565,34.6686,141.7457,141.7906,141.7384,0.0720,0.00,0.00,0.00,0.00,0.00,0.00,0.00,0.00
NVDA,1749245788835,141.6500,141.6500,141.6700,900,100,177439,141.6600,141.6600,141.6600,141.6600,0.0200,142.1565,34.6686,141.7457,141.7906,141.7384,0.0720,0.00,0.00,0.00,0.00,0.00,0.00,0.00,0.00
NVDA,1749245788835,141.6500,141.6500,141.6800,900,100,177439,141.6600,141.6600,141.6600,141.6600,0.0300,142.1565,34.6686,141.7457,141.7906,141.7384,0.0720,0.00,0.00,0.00,0.00,0.00,0.00,0.00,0.00
NVDA,1749245788835,141.6500,141.6500,141.6700,900,100,177439,141.6600,141.6600,141.6600,141.6600,0.0200,142.1565,34.6686,141.7457,141.7906,141.7384,0.0720,0.00,0.00,0.00,0.00,0.00,0.00,0.00,0.00
NVDA,1749245788835,141.6500,141.6500,141.6700,800,100,177439,141.6600,141.6600,141.6600,141.6600,0.0200,142.1565,34.6686,141.7457,141.7906,141.7384,0.0720,0.00,0.00,0.00,0.00,0.00,0.00,0.00,0.00
NVDA,1749245789028,141.6500,141.6500,141.6700,800,100,177439,141.6600,141.6600,141.6600,141.6600,0.0200,142.1565,34.6686,141.7457,141.7906,141.7384,0.0720,0.00,0.00,0.00,0.00,0.00,0.00,0.00,0.00
NVDA,1749245789282,141.6500,141.6500,141.6700,800,100,177439,141.6600,141.6600,141.6600,141.6600,0.0200,142.1565,34.6686,141.7457,141.7906,141.7384,0.0720,0.00,0.00,0.00,0.00,0.00,0.00,0.00,0.00
NVDA,1749245789753,141.6700,141.6500,141.6700,800,100,177441,141.6600,141.6600,141.6600,141.6600,0.0200,142.1565,34.6686,141.7457,141.7906,141.7384,0.0720,0.00,0.00,0.00,0.00,0.00,0.00,0.00,0.00
NVDA,1749245789753,141.6600,141.6500,141.6700,800,100,177465,141.6600,141.6600,141.6600,141.6600,0.0200,142.1565,34.6686,141.7457,141.7906,141.7384,0.0720,0.00,0.00,0.00,0.00,0.00,0.00,0.00,0.00
NVDA,1749245789753,141.6600,141.6500,141.6700,500,100,177465,141.6600,141.6600,141.6600,141.6600,0.0200,142.1565,34.6686,141.7457,141.7906,141.7384,0.0720,0.00,0.00,0.00,0.00,0.00,0.00,0.00,0.00
NVDA,1749245790032,141.6600,141.6500,141.6700,500,100,177465,141.6600,141.6600,141.6600,141.6600,0.0200,142.1565,34.6686,141.7457,141.7906,141.7384,0.0720,0.00,0.00,0.00,0.00,0.00,0.00,0.00,0.00
NVDA,1749245790281,141.6600,141.6500,141.6700,500,100,177465,141.6600,141.6600,141.6600,141.6600,0.0200,142.1565,34.6686,141.7457,141.7906,141.7384,0.0720,0.00,0.00,0.00,0.00,0.00,0.00,0.00,0.00
NVDA,1749245790531,141.6600,141.6500,141.6700,500,100,177513,141.6600,141.6600,141.6600,141.6600,0.0200,142.1565,34.6686,141.7457,141.7906,141.7384,0.0720,0.00,0.00,0.00,0.00,0.00,0.00,0.00,0.00
NVDA,1749245791020,141.6600,141.6500,141.6700,500,100,177513,141.6800,141.6800,141.6500,141.6500,0.0200,142.1565,34.6686,141.7457,141.7906,141.7384,0.0720,0.00,0.00,0.00,0.00,0.00,0.00,0.00,0.00
NVDA,1749245791020,141.6700,141.6500,141.6700,500,100,177533,141.6800,141.6800,141.6500,141.6500,0.0200,142.1565,34.6686,141.7457,141.7906,141.7384,0.0720,0.00,0.00,0.00,0.00,0.00,0.00,0.00,0.00
NVDA,1749245791096,141.6600,141.6500,141.6700,500,100,177557,141.6800,141.6800,141.6500,141.6500,0.0200,142.1565,34.6686,141.7457,141.7906,141.7384,0.0720,0.00,0.00,0.00,0.00,0.00,0.00,0.00,0.00
NVDA,1749245791278,141.6600,141.6500,141.6700,500,100,177557,141.6800,141.6800,141.6500,141.6500,0.0200,142.1565,34.6686,141.7457,141.7906,141.7384,0.0720,0.00,0.00,0.00,0.00,0.00,0.00,0.00,0.00
NVDA,1749245791786,141.6600,141.6500,141.6700,500,100,177557,141.6800,141.6800,141.6500,141.6500,0.0200,142.1565,34.6686,141.7457,141.7906,141.7384,0.0720,0.00,0.00,0.00,0.00,0.00,0.00,0.00,0.00
NVDA,1749245791952,141.6600,141.6500,141.6700,500,100,177581,141.6800,141.6800,141.6500,141.6500,0.0200,142.1565,34.6686,141.7457,141.7906,141.7384,0.0720,0.00,0.00,0.00,0.00,0.00,0.00,0.00,0.00
NVDA,1749245791952,141.6600,141.6500,141.6900,500,100,177581,141.6800,141.6800,141.6500,141.6500,0.0400,142.1565,34.6686,141.7457,141.7906,141.7384,0.0720,0.00,0.00,0.00,0.00,0.00,0.00,0.00,0.00
NVDA,1749245792037,141.6600,141.6500,141.6900,500,100,177652,141.6800,141.6800,141.6500,141.6500,0.0400,142.1565,34.6686,141.7457,141.7906,141.7384,0.0720,0.00,0.00,0.00,0.00,0.00,0.00,0.00,0.00
NVDA,1749245792538,141.6600,141.6500,141.6900,500,100,177652,141.6800,141.6800,141.6500,141.6500,0.0400,142.1565,34.6686,141.7457,141.7906,141.7384,0.0720,0.00,0.00,0.00,0.00,0.00,0.00,0.00,0.00
NVDA,1749245792655,141.6600,141.6500,141.6900,500,100,177654,141.6800,141.6800,141.6500,141.6500,0.0400,142.1565,34.6686,141.7457,141.7906,141.7384,0.0720,0.00,0.00,0.00,0.00,0.00,0.00,0.00,0.00
NVDA,1749245792655,141.6900,141.6500,141.6900,500,100,177660,141.6800,141.6800,141.6500,141.6500,0.0400,142.1565,34.6686,141.7457,141.7906,141.7384,0.0720,0.00,0.00,0.00,0.00,0.00,0.00,0.00,0.00
NVDA,1749245793794,141.6900,141.6500,141.6900,500,100,177660,141.6800,141.6800,141.6500,141.6500,0.0400,142.1565,34.6686,141.7457,141.7906,141.7384,0.0720,0.00,0.00,0.00,0.00,0.00,0.00,0.00,0.00
NVDA,1749245794184,141.6900,141.6500,141.6900,500,100,177667,141.6800,141.6800,141.6500,141.6500,0.0400,142.1565,34.6686,141.7457,141.7906,141.7384,0.0720,0.00,0.00,0.00,0.00,0.00,0.00,0.00,0.00
NVDA,1749245794184,141.6900,141.6500,141.7000,500,200,177674,141.6800,141.6800,141.6500,141.6500,0.0500,142.1565,34.6686,141.7457,141.7906,141.7384,0.0720,0.00,0.00,0.00,0.00,0.00,0.00,0.00,0.00
NVDA,1749245796025,141.6900,141.6500,141.7000,500,200,177674,141.6500,141.6500,141.6500,141.6500,0.0500,142.1565,34.6686,141.7457,141.7906,141.7384,0.0720,0.00,0.00,0.00,0.00,0.00,0.00,0.00,0.00
NVDA,1749245796292,141.6900,141.6500,141.7000,500,200,177674,141.6500,141.6500,141.6500,141.6500,0.0500,142.1565,34.6686,141.7457,141.7906,141.7384,0.0720,0.00,0.00,0.00,0.00,0.00,0.00,0.00,0.00
NVDA,1749245796885,141.6900,141.6500,141.7000,500,200,177676,141.6500,141.6500,141.6500,141.6500,0.0500,142.1565,34.6686,141.7457,141.7906,141.7384,0.0720,0.00,0.00,0.00,0.00,0.00,0.00,0.00,0.00
NVDA,1749245798598,141.6900,141.6500,141.7000,600,200,177676,141.6500,141.6500,141.6500,141.6500,0.0500,142.1565,34.6686,141.7457,141.7906,141.7384,0.0720,0.00,0.00,0.00,0.00,0.00,0.00,0.00,0.00
NVDA,1749245800049,141.6900,141.6500,141.7000,600,200,177676,141.6500,141.6500,141.6500,141.6500,0.0500,142.1565,34.6686,141.7457,141.7906,141.7384,0.0720,0.00,0.00,0.00,0.00,0.00,0.00,0.00,0.00
NVDA,1749245800472,141.6900,141.6500,141.7000,600,200,177676,141.6500,141.6500,141.6500,141.6500,0.0500,142.1565,34.6686,141.7457,141.7906,141.7384,0.0720,0.00,0.00,0.00,0.00,0.00,0.00,0.00,0.00
NVDA,1749245800695,141.6900,141.6700,141.7000,100,200,177676,141.6500,141.6500,141.6500,141.6500,0.0300,142.1565,34.6686,141.7457,141.7906,141.7384,0.0720,0.00,0.00,0.00,0.00,0.00,0.00,0.00,0.00
NVDA,1749245800695,141.6900,141.6800,141.7000,100,100,177676,141.6500,141.6500,141.6500,141.6500,0.0200,142.1565,34.6686,141.7457,141.7906,141.7384,0.0720,0.00,0.00,0.00,0.00,0.00,0.00,0.00,0.00
NVDA,1749245800695,141.6900,141.6900,141.7100,100,300,177676,141.6500,141.6500,141.6500,141.6500,0.0200,142.1565,34.6686,141.7457,141.7906,141.7384,0.0720,0.00,0.00,0.00,0.00,0.00,0.00,0.00,0.00
NVDA,1749245800695,141.6900,141.7000,141.7100,100,300,177676,141.6500,141.6500,141.6500,141.6500,0.0100,142.1565,34.6686,141.7457,141.7906,141.7384,0.0720,0.00,0.00,0.00,0.00,0.00,0.00,0.00,0.00
NVDA,1749245800695,141.6900,141.6500,141.7100,600,300,177676,141.6500,141.6500,141.6500,141.6500,0.0600,142.1565,34.6686,141.7457,141.7906,141.7384,0.0720,0.00,0.00,0.00,0.00,0.00,0.00,0.00,0.00
NVDA,1749245800695,141.7000,141.6500,141.7100,600,300,178019,141.6500,141.6500,141.6500,141.6500,0.0600,142.1565,34.6686,141.7457,141.7906,141.7384,0.0720,0.00,0.00,0.00,0.00,0.00,0.00,0.00,0.00
NVDA,1749245800695,141.7100,141.6500,141.7100,600,300,178037,141.6500,141.6500,141.6500,141.6500,0.0600,142.1565,34.6686,141.7457,141.7906,141.7384,0.0720,0.00,0.00,0.00,0.00,0.00,0.00,0.00,0.00
NVDA,1749245800695,141.7100,141.6700,141.7100,200,300,178125,141.6500,141.6500,141.6500,141.6500,0.0400,142.1565,34.6686,141.7457,141.7906,141.7384,0.0720,0.00,0.00,0.00,0.00,0.00,0.00,0.00,0.00
NVDA,1749245802041,141.7100,141.6700,141.7100,200,300,178125,141.6500,141.6500,141.6500,141.6500,0.0400,142.1565,34.6686,141.7457,141.7906,141.7384,0.0720,0.00,0.00,0.00,0.00,0.00,0.00,0.00,0.00
NVDA,1749245802725,141.6900,141.6700,141.7100,200,300,178126,141.6500,141.6500,141.6500,141.6500,0.0400,142.1565,34.6686,141.7457,141.7906,141.7384,0.0720,0.00,0.00,0.00,0.00,0.00,0.00,0.00,0.00
NVDA,1749245803038,141.6900,141.6700,141.7100,200,300,178126,141.6500,141.6500,141.6500,141.6500,0.0400,142.1565,34.6686,141.7457,141.7906,141.7384,0.0720,0.00,0.00,0.00,0.00,0.00,0.00,0.00,0.00
NVDA,1749245803548,141.6900,141.6700,141.7100,200,300,178126,141.6500,141.6500,141.6500,141.6500,0.0400,142.1565,34.6686,141.7457,141.7906,141.7384,0.0720,0.00,0.00,0.00,0.00,0.00,0.00,0.00,0.00
NVDA,1749245803637,141.6900,141.6700,141.7200,200,1000,178126,141.6500,141.6500,141.6500,141.6500,0.0500,142.1565,34.6686,141.7457,141.7906,141.7384,0.0720,0.00,0.00,0.00,0.00,0.00,0.00,0.00,0.00
NVDA,1749245803637,141.6900,141.6900,141.7200,100,1000,178126,141.6500,141.6500,141.6500,141.6500,0.0300,142.1565,34.6686,141.7457,141.7906,141.7384,0.0720,0.00,0.00,0.00,0.00,0.00,0.00,0.00,0.00
NVDA,1749245803637,141.6900,141.6900,141.7200,100,900,178126,141.6500,141.6500,141.6500,141.6500,0.0300,142.1565,34.6686,141.7457,141.7906,141.7384,0.0720,0.00,0.00,0.00,0.00,0.00,0.00,0.00,0.00
NVDA,1749245803637,141.6900,141.7000,141.7200,100,900,178126,141.6500,141.6500,141.6500,141.6500,0.0200,142.1565,34.6686,141.7457,141.7906,141.7384,0.0720,0.00,0.00,0.00,0.00,0.00,0.00,0.00,0.00
NVDA,1749245803637,141.6900,141.6700,141.7200,200,900,178126,141.6500,141.6500,141.6500,141.6500,0.0500,142.1565,34.6686,141.7457,141.7906,141.7384,0.0720,0.00,0.00,0.00,0.00,0.00,0.00,0.00,0.00
NVDA,1749245803637,141.7100,141.6700,141.7200,200,900,178414,141.6500,141.6500,141.6500,141.6500,0.0500,142.1565,34.6686,141.7457,141.7906,141.7384,0.0720,0.00,0.00,0.00,0.00,0.00,0.00,0.00,0.00
NVDA,1749245803637,141.7200,141.6700,141.7200,200,900,178556,141.6500,141.6500,141.6500,141.6500,0.0500,142.1565,34.6686,141.7457,141.7906,141.7384,0.0720,0.00,0.00,0.00,0.00,0.00,0.00,0.00,0.00
NVDA,1749245803637,141.7200,141.6700,141.7200,200,400,178556,141.6500,141.6500,141.6500,141.6500,0.0500,142.1565,34.6686,141.7457,141.7906,141.7384,0.0720,0.00,0.00,0.00,0.00,0.00,0.00,0.00,0.00
NVDA,1749245805795,141.7200,141.6700,141.7200,200,400,179056,141.6500,141.6500,141.6500,141.6500,0.0500,142.1565,34.6686,141.7457,141.7906,141.7384,0.0720,0.00,0.00,0.00,0.00,0.00,0.00,0.00,0.00
NVDA,1749245806015,141.7200,141.6700,141.7200,200,400,179056,141.7000,141.7200,141.7000,141.7200,0.0500,142.1565,34.6686,141.7457,141.7906,141.7384,0.0720,0.00,0.00,0.00,0.00,0.00,0.00,0.00,0.00
NVDA,1749245806179,141.7200,141.6800,141.7200,100,400,179056,141.7000,141.7200,141.7000,141.7200,0.0400,142.1565,34.6686,141.7457,141.7906,141.7384,0.0720,0.00,0.00,0.00,0.00,0.00,0.00,0.00,0.00
NVDA,1749245806179,141.6900,141.6800,141.7200,100,400,179057,141.7000,141.7200,141.7000,141.7200,0.0400,142.1565,34.6686,141.7457,141.7906,141.7384,0.0720,0.00,0.00,0.00,0.00,0.00,0.00,0.00,0.00
NVDA,1749245808805,141.6900,141.6800,141.7200,100,400,179057,141.7000,141.7200,141.7000,141.7200,0.0400,142.1565,34.6686,141.7457,141.7906,141.7384,0.0720,0.00,0.00,0.00,0.00,0.00,0.00,0.00,0.00
NVDA,1749245809351,141.6900,141.6800,141.7200,100,500,179057,141.7000,141.7200,141.7000,141.7200,0.0400,142.1565,34.6686,141.7457,141.7906,141.7384,0.0720,0.00,0.00,0.00,0.00,0.00,0.00,0.00,0.00
NVDA,1749245809351,141.6900,141.7000,141.7200,100,400,179057,141.7000,141.7200,141.7000,141.7200,0.0200,142.1565,34.6686,141.7457,141.7906,141.7384,0.0720,0.00,0.00,0.00,0.00,0.00,0.00,0.00,0.00
NVDA,1749245809351,141.7200,141.7000,141.7200,100,400,179157,141.7000,141.7200,141.7000,141.7200,0.0200,142.1565,34.6686,141.7457,141.7906,141.7384,0.0720,0.00,0.00,0.00,0.00,0.00,0.00,0.00,0.00
NVDA,1749245809856,141.7200,141.6800,141.7200,100,400,179157,141.7000,141.7200,141.7000,141.7200,0.0400,142.1565,34.6686,141.7457,141.7906,141.7384,0.0720,0.00,0.00,0.00,0.00,0.00,0.00,0.00,0.00
NVDA,1749245810550,141.7200,141.6800,141.7200,100,400,179157,141.7000,141.7200,141.7000,141.7200,0.0400,142.1565,34.6686,141.7457,141.7906,141.7384,0.0720,0.00,0.00,0.00,0.00,0.00,0.00,0.00,0.00
NVDA,1749245811011,141.7200,141.6800,141.7200,100,400,179157,141.7200,141.7200,141.7200,141.7200,0.0400,142.1565,34.6686,141.7457,141.7906,141.7384,0.0720,0.00,0.00,0.00,0.00,0.00,0.00,0.00,0.00
NVDA,1749245811248,141.6800,141.6800,141.7200,100,400,179172,141.7200,141.7200,141.7200,141.7200,0.0400,142.1565,34.6686,141.7457,141.7906,141.7384,0.0720,0.00,0.00,0.00,0.00,0.00,0.00,0.00,0.00
NVDA,1749245811809,141.6800,141.6800,141.7200,100,400,179172,141.7200,141.7200,141.7200,141.7200,0.0400,142.1565,34.6686,141.7457,141.7906,141.7384,0.0720,0.00,0.00,0.00,0.00,0.00,0.00,0.00,0.00
NVDA,1749245812049,141.6800,141.6800,141.7200,100,400,179172,141.7200,141.7200,141.7200,141.7200,0.0400,142.1565,34.6686,141.7457,141.7906,141.7384,0.0720,0.00,0.00,0.00,0.00,0.00,0.00,0.00,0.00
NVDA,1749245812556,141.6800,141.6800,141.7200,100,400,179172,141.7200,141.7200,141.7200,141.7200,0.0400,142.1565,34.6686,141.7457,141.7906,141.7384,0.0720,0.00,0.00,0.00,0.00,0.00,0.00,0.00,0.00
NVDA,1749245812556,141.7200,141.6800,141.7200,100,400,179173,141.7200,141.7200,141.7200,141.7200,0.0400,142.1565,34.6686,141.7457,141.7906,141.7384,0.0720,0.00,0.00,0.00,0.00,0.00,0.00,0.00,0.00
NVDA,1749245812556,141.7000,141.6800,141.7200,100,400,179174,141.7200,141.7200,141.7200,141.7200,0.0400,142.1565,34.6686,141.7457,141.7906,141.7384,0.0720,0.00,0.00,0.00,0.00,0.00,0.00,0.00,0.00
NVDA,1749245813098,141.7000,141.6800,141.7200,100,400,179175,141.7200,141.7200,141.7200,141.7200,0.0400,142.1565,34.6686,141.7457,141.7906,141.7384,0.0720,0.00,0.00,0.00,0.00,0.00,0.00,0.00,0.00
NVDA,1749245813567,141.7000,141.6800,141.7200,100,400,179175,141.7200,141.7200,141.7200,141.7200,0.0400,142.1565,34.6686,141.7457,141.7906,141.7384,0.0720,0.00,0.00,0.00,0.00,0.00,0.00,0.00,0.00
NVDA,1749245814170,141.6800,141.6800,141.7200,100,400,179199,141.7200,141.7200,141.7200,141.7200,0.0400,142.1565,34.6686,141.7457,141.7906,141.7384,0.0720,0.00,0.00,0.00,0.00,0.00,0.00,0.00,0.00
NVDA,1749245815060,141.6800,141.6800,141.7200,100,400,179199,141.7200,141.7200,141.7200,141.7200,0.0400,142.1565,34.6686,141.7457,141.7906,141.7384,0.0720,0.00,0.00,0.00,0.00,0.00,0.00,0.00,0.00
NVDA,1749245815772,141.7000,141.6800,141.7200,100,400,179201,141.7200,141.7200,141.7200,141.7200,0.0400,142.1565,34.6686,141.7457,141.7906,141.7384,0.0720,0.00,0.00,0.00,0.00,0.00,0.00,0.00,0.00
NVDA,1749245815874,141.7000,141.6800,141.7200,100,400,179201,141.7200,141.7200,141.7200,141.7200,0.0400,142.1565,34.6686,141.7457,141.7906,141.7384,0.0720,0.00,0.00,0.00,0.00,0.00,0.00,0.00,0.00
NVDA,1749245816009,141.7000,141.6800,141.7200,100,400,179201,141.7200,141.7200,141.7200,141.7200,0.0400,142.1565,34.6686,141.7457,141.7906,141.7384,0.0720,0.00,0.00,0.00,0.00,0.00,0.00,0.00,0.00
NVDA,1749245816355,141.7100,141.6800,141.7200,100,400,179301,141.7200,141.7200,141.7200,141.7200,0.0400,142.1565,34.6686,141.7457,141.7906,141.7384,0.0720,0.00,0.00,0.00,0.00,0.00,0.00,0.00,0.00
NVDA,1749245816355,141.7100,141.6800,141.7100,100,100,179301,141.7200,141.7200,141.7200,141.7200,0.0300,142.1565,34.6686,141.7457,141.7906,141.7384,0.0720,0.00,0.00,0.00,0.00,0.00,0.00,0.00,0.00
NVDA,1749245816355,141.7100,141.7000,141.7200,100,400,179301,141.7200,141.7200,141.7200,141.7200,0.0200,142.1565,34.6686,141.7457,141.7906,141.7384,0.0720,0.00,0.00,0.00,0.00,0.00,0.00,0.00,0.00
NVDA,1749245816986,141.7100,141.6800,141.7200,100,400,179301,141.7200,141.7200,141.7200,141.7200,0.0400,142.1565,34.6686,141.7457,141.7906,141.7384,0.0720,0.00,0.00,0.00,0.00,0.00,0.00,0.00,0.00
NVDA,1749245817564,141.7100,141.6800,141.7200,100,400,179301,141.7200,141.7200,141.7200,141.7200,0.0400,142.1565,34.6686,141.7457,141.7906,141.7384,0.0720,0.00,0.00,0.00,0.00,0.00,0.00,0.00,0.00
NVDA,1749245818058,141.7100,141.6800,141.7200,100,400,179301,141.7200,141.7200,141.7200,141.7200,0.0400,142.1565,34.6686,141.7457,141.7906,141.7384,0.0720,0.00,0.00,0.00,0.00,0.00,0.00,0.00,0.00
NVDA,1749245818190,141.7000,141.6800,141.7200,100,400,179333,141.7200,141.7200,141.7200,141.7200,0.0400,142.1565,34.6686,141.7457,141.7906,141.7384,0.0720,0.00,0.00,0.00,0.00,0.00,0.00,0.00,0.00
NVDA,1749245818190,141.7200,141.6800,141.7200,100,400,179337,141.7200,141.7200,141.7200,141.7200,0.0400,142.1565,34.6686,141.7457,141.7906,141.7384,0.0720,0.00,0.00,0.00,0.00,0.00,0.00,0.00,0.00
NVDA,1749245819310,141.7200,141.6800,141.7200,100,400,179337,141.7200,141.7200,141.7200,141.7200,0.0400,142.1565,34.6686,141.7457,141.7906,141.7384,0.0720,0.00,0.00,0.00,0.00,0.00,0.00,0.00,0.00
NVDA,1749245819797,141.7200,141.7000,141.7200,400,400,179337,141.7200,141.7200,141.7200,141.7200,0.0200,142.1565,34.6686,141.7457,141.7906,141.7384,0.0720,0.00,0.00,0.00,0.00,0.00,0.00,0.00,0.00
NVDA,1749245821010,141.7200,141.7000,141.7200,400,400,179361,141.7100,141.7100,141.7100,141.7100,0.0200,142.1565,33.5874,141.7406,141.7854,141.7324,0.0733,0.00,0.00,0.00,0.00,0.00,0.00,0.00,0.00
NVDA,1749245823074,141.7200,141.7000,141.7200,400,400,179361,141.7100,141.7100,141.7100,141.7100,0.0200,142.1565,33.5874,141.7406,141.7854,141.7324,0.0733,0.00,0.00,0.00,0.00,0.00,0.00,0.00,0.00
NVDA,1749245823540,141.7000,141.7000,141.7200,400,400,179393,141.7100,141.7100,141.7100,141.7100,0.0200,142.1565,33.5874,141.7406,141.7854,141.7324,0.0733,0.00,0.00,0.00,0.00,0.00,0.00,0.00,0.00
NVDA,1749245824318,141.7000,141.7000,141.7200,400,400,179393,141.7100,141.7100,141.7100,141.7100,0.0200,142.1565,33.5874,141.7406,141.7854,141.7324,0.0733,0.00,0.00,0.00,0.00,0.00,0.00,0.00,0.00
NVDA,1749245824841,141.7200,141.7000,141.7200,400,400,179394,141.7100,141.7100,141.7100,141.7100,0.0200,142.1565,33.5874,141.7406,141.7854,141.7324,0.0733,0.00,0.00,0.00,0.00,0.00,0.00,0.00,0.00
NVDA,1749245826012,141.7200,141.7000,141.7200,400,400,179394,141.7100,141.7100,141.7100,141.7100,0.0200,142.1565,33.5874,141.7406,141.7854,141.7324,0.0733,0.00,0.00,0.00,0.00,0.00,0.00,0.00,0.00
NVDA,1749245826821,141.7200,141.7000,141.7200,400,400,179394,141.7100,141.7100,141.7100,141.7100,0.0200,142.1565,33.5874,141.7406,141.7854,141.7324,0.0733,0.00,0.00,0.00,0.00,0.00,0.00,0.00,0.00
NVDA,1749245826956,141.7200,141.7000,141.7200,400,500,179394,141.7100,141.7100,141.7100,141.7100,0.0200,142.1565,33.5874,141.7406,141.7854,141.7324,0.0733,0.00,0.00,0.00,0.00,0.00,0.00,0.00,0.00
NVDA,1749245827532,141.7100,141.7000,141.7200,400,500,179395,141.7100,141.7100,141.7100,141.7100,0.0200,142.1565,33.5874,141.7406,141.7854,141.7324,0.0733,0.00,0.00,0.00,0.00,0.00,0.00,0.00,0.00
NVDA,1749245828826,141.7100,141.7000,141.7200,400,500,179395,141.7100,141.7100,141.7100,141.7100,0.0200,142.1565,33.5874,141.7406,141.7854,141.7324,0.0733,0.00,0.00,0.00,0.00,0.00,0.00,0.00,0.00
NVDA,1749245829070,141.7100,141.7000,141.7200,400,500,179395,141.7100,141.7100,141.7100,141.7100,0.0200,142.1565,33.5874,141.7406,141.7854,141.7324,0.0733,0.00,0.00,0.00,0.00,0.00,0.00,0.00,0.00
NVDA,1749245829354,141.7200,141.7000,141.7200,400,500,179396,141.7100,141.7100,141.7100,141.7100,0.0200,142.1565,33.5874,141.7406,141.7854,141.7324,0.0733,0.00,0.00,0.00,0.00,0.00,0.00,0.00,0.00
NVDA,1749245829354,141.7100,141.7000,141.7200,400,500,179397,141.7100,141.7100,141.7100,141.7100,0.0200,142.1565,33.5874,141.7406,141.7854,141.7324,0.0733,0.00,0.00,0.00,0.00,0.00,0.00,0.00,0.00
NVDA,1749245829354,141.7100,141.7000,141.7200,400,400,179397,141.7100,141.7100,141.7100,141.7100,0.0200,142.1565,33.5874,141.7406,141.7854,141.7324,0.0733,0.00,0.00,0.00,0.00,0.00,0.00,0.00,0.00
NVDA,1749245829354,141.7100,141.7000,141.7100,400,100,179397,141.7100,141.7100,141.7100,141.7100,0.0100,142.1565,33.5874,141.7406,141.7854,141.7324,0.0733,0.00,0.00,0.00,0.00,0.00,0.00,0.00,0.00
NVDA,1749245830073,141.7100,141.7000,141.7100,400,100,179397,141.7100,141.7100,141.7100,141.7100,0.0100,142.1565,33.5874,141.7406,141.7854,141.7324,0.0733,0.00,0.00,0.00,0.00,0.00,0.00,0.00,0.00
NVDA,1749245830680,141.7000,141.7000,141.7100,400,100,179398,141.7100,141.7100,141.7100,141.7100,0.0100,142.1565,33.5874,141.7406,141.7854,141.7324,0.0733,0.00,0.00,0.00,0.00,0.00,0.00,0.00,0.00
NVDA,1749245830830,141.7000,141.7000,141.7100,400,100,179398,141.7100,141.7100,141.7100,141.7100,0.0100,142.1565,33.5874,141.7406,141.7854,141.7324,0.0733,0.00,0.00,0.00,0.00,0.00,0.00,0.00,0.00
NVDA,1749245831011,141.7000,141.7000,141.7100,400,100,179398,141.7100,141.7100,141.7100,141.7100,0.0100,142.1565,33.5874,141.7406,141.7854,141.7324,0.0733,0.00,0.00,0.00,0.00,0.00,0.00,0.00,0.00
NVDA,1749245831420,141.7000,141.7000,141.7100,500,100,179398,141.7100,141.7100,141.7100,141.7100,0.0100,142.1565,33.5874,141.7406,141.7854,141.7324,0.0733,0.00,0.00,0.00,0.00,0.00,0.00,0.00,0.00
NVDA,1749245831420,141.7100,141.7000,141.7100,500,100,179498,141.7100,141.7100,141.7100,141.7100,0.0100,142.1565,33.5874,141.7406,141.7854,141.7324,0.0733,0.00,0.00,0.00,0.00,0.00,0.00,0.00,0.00
NVDA,1749245831420,141.7100,141.7000,141.7100,400,100,179498,141.7100,141.7100,141.7100,141.7100,0.0100,142.1565,33.5874,141.7406,141.7854,141.7324,0.0733,0.00,0.00,0.00,0.00,0.00,0.00,0.00,0.00
NVDA,1749245832830,141.7100,141.7000,141.7100,400,100,179498,141.7100,141.7100,141.7100,141.7100,0.0100,142.1565,33.5874,141.7406,141.7854,141.7324,0.0733,0.00,0.00,0.00,0.00,0.00,0.00,0.00,0.00
NVDA,1749245833365,141.7100,141.7000,141.7100,400,100,179528,141.7100,141.7100,141.7100,141.7100,0.0100,142.1565,33.5874,141.7406,141.7854,141.7324,0.0733,0.00,0.00,0.00,0.00,0.00,0.00,0.00,0.00
NVDA,1749245834332,141.7100,141.7000,141.7100,400,100,179528,141.7100,141.7100,141.7100,141.7100,0.0100,142.1565,33.5874,141.7406,141.7854,141.7324,0.0733,0.00,0.00,0.00,0.00,0.00,0.00,0.00,0.00
NVDA,1749245834765,141.7100,141.7000,141.7100,400,100,179529,141.7100,141.7100,141.7100,141.7100,0.0100,142.1565,33.5874,141.7406,141.7854,141.7324,0.0733,0.00,0.00,0.00,0.00,0.00,0.00,0.00,0.00
NVDA,1749245836017,141.7100,141.7000,141.7100,400,100,179529,141.7100,141.7100,141.7100,141.7100,0.0100,142.1565,33.5874,141.7406,141.7854,141.7324,0.0733,0.00,0.00,0.00,0.00,0.00,0.00,0.00,0.00
NVDA,1749245836337,141.7100,141.7000,141.7100,400,100,179529,141.7100,141.7100,141.7100,141.7100,0.0100,142.1564,33.5874,141.7406,141.7854,141.7324,0.0733,0.00,0.00,0.00,0.00,0.00,0.00,0.00,0.00
NVDA,1749245836582,141.7100,141.7000,141.7100,400,100,179529,141.7100,141.7100,141.7100,141.7100,0.0100,142.1564,33.5874,141.7406,141.7854,141.7324,0.0733,0.00,0.00,0.00,0.00,0.00,0.00,0.00,0.00
NVDA,1749245836919,141.7100,141.7000,141.7100,400,100,179531,141.7100,141.7100,141.7100,141.7100,0.0100,142.1564,33.5874,141.7406,141.7854,141.7324,0.0733,0.00,0.00,0.00,0.00,0.00,0.00,0.00,0.00
NVDA,1749245836919,141.7000,141.7000,141.7100,400,100,179711,141.7100,141.7100,141.7100,141.7100,0.0100,142.1564,33.5874,141.7406,141.7854,141.7324,0.0733,0.00,0.00,0.00,0.00,0.00,0.00,0.00,0.00
NVDA,1749245836919,141.7100,141.7000,141.7100,400,100,180013,141.7100,141.7100,141.7100,141.7100,0.0100,142.1564,33.5874,141.7406,141.7854,141.7324,0.0733,0.00,0.00,0.00,0.00,0.00,0.00,0.00,0.00
NVDA,1749245836919,141.7100,141.7000,141.7200,400,400,180013,141.7100,141.7100,141.7100,141.7100,0.0200,142.1564,33.5874,141.7406,141.7854,141.7324,0.0733,0.00,0.00,0.00,0.00,0.00,0.00,0.00,0.00
NVDA,1749245836919,141.7100,141.7000,141.7200,300,400,180013,141.7100,141.7100,141.7100,141.7100,0.0200,142.1564,33.5874,141.7406,141.7854,141.7324,0.0733,0.00,0.00,0.00,0.00,0.00,0.00,0.00,0.00
NVDA,1749245836919,141.7100,141.6800,141.7200,100,400,180013,141.7100,141.7100,141.7100,141.7100,0.0400,142.1564,33.5874,141.7406,141.7854,141.7324,0.0733,0.00,0.00,0.00,0.00,0.00,0.00,0.00,0.00
NVDA,1749245836919,141.7000,141.6800,141.7200,100,400,180025,141.7100,141.7100,141.7100,141.7100,0.0400,142.1564,33.5874,141.7406,141.7854,141.7324,0.0733,0.00,0.00,0.00,0.00,0.00,0.00,0.00,0.00
NVDA,1749245836919,141.7100,141.6800,141.7200,100,400,180031,141.7100,141.7100,141.7100,141.7100,0.0400,142.1564,33.5874,141.7406,141.7854,141.7324,0.0733,0.00,0.00,0.00,0.00,0.00,0.00,0.00,0.00
NVDA,1749245837340,141.7100,141.6800,141.7200,100,400,180031,141.7100,141.7100,141.7100,141.7100,0.0400,142.1564,33.5874,141.7406,141.7854,141.7324,0.0733,0.00,0.00,0.00,0.00,0.00,0.00,0.00,0.00
NVDA,1749245838061,141.7200,141.6800,141.7200,100,400,180033,141.7100,141.7100,141.7100,141.7100,0.0400,142.1564,33.5874,141.7406,141.7854,141.7324,0.0733,0.00,0.00,0.00,0.00,0.00,0.00,0.00,0.00
NVDA,1749245838590,141.7200,141.6800,141.7200,100,400,180033,141.7100,141.7100,141.7100,141.7100,0.0400,142.1564,33.5874,141.7406,141.7854,141.7324,0.0733,0.00,0.00,0.00,0.00,0.00,0.00,0.00,0.00
NVDA,1749245839288,141.6800,141.6800,141.7200,100,400,180038,141.7100,141.7100,141.7100,141.7100,0.0400,142.1564,33.5874,141.7406,141.7854,141.7324,0.0733,0.00,0.00,0.00,0.00,0.00,0.00,0.00,0.00
NVDA,1749245841015,141.6800,141.6800,141.7200,100,400,180038,141.7000,141.7000,141.7000,141.7000,0.0400,142.1564,33.5874,141.7406,141.7854,141.7324,0.0733,0.00,0.00,0.00,0.00,0.00,0.00,0.00,0.00
NVDA,1749245846015,141.6800,141.6800,141.7200,100,400,180038,141.7000,141.7000,141.7000,141.7000,0.0400,142.1564,33.5874,141.7406,141.7854,141.7324,0.0733,0.00,0.00,0.00,0.00,0.00,0.00,0.00,0.00
NVDA,1749245846593,141.6800,141.6800,141.7200,100,400,180038,141.7000,141.7000,141.7000,141.7000,0.0400,142.1564,33.5874,141.7406,141.7854,141.7324,0.0733,0.00,0.00,0.00,0.00,0.00,0.00,0.00,0.00
NVDA,1749245847217,141.7100,141.6800,141.7200,100,400,180043,141.7000,141.7000,141.7000,141.7000,0.0400,142.1564,33.5874,141.7406,141.7854,141.7324,0.0733,0.00,0.00,0.00,0.00,0.00,0.00,0.00,0.00
NVDA,1749245848518,141.7100,141.6800,141.7200,200,400,180043,141.7000,141.7000,141.7000,141.7000,0.0400,142.1564,33.5874,141.7406,141.7854,141.7324,0.0733,0.00,0.00,0.00,0.00,0.00,0.00,0.00,0.00
NVDA,1749245850101,141.7100,141.6800,141.7200,200,400,180043,141.7000,141.7000,141.7000,141.7000,0.0400,142.1564,33.5874,141.7406,141.7854,141.7324,0.0733,0.00,0.00,0.00,0.00,0.00,0.00,0.00,0.00
NVDA,1749245850179,141.7100,141.6800,141.7200,200,400,180043,141.7000,141.7000,141.7000,141.7000,0.0400,142.1564,33.5874,141.7406,141.7854,141.7324,0.0733,0.00,0.00,0.00,0.00,0.00,0.00,0.00,0.00
NVDA,1749245850528,141.7100,141.6800,141.7200,200,400,180043,141.7000,141.7000,141.7000,141.7000,0.0400,142.1564,33.5874,141.7406,141.7854,141.7324,0.0733,0.00,0.00,0.00,0.00,0.00,0.00,0.00,0.00
NVDA,1749245850787,141.7200,141.6800,141.7200,200,400,180143,141.7000,141.7000,141.7000,141.7000,0.0400,142.1564,33.5874,141.7406,141.7854,141.7324,0.0733,0.00,0.00,0.00,0.00,0.00,0.00,0.00,0.00
NVDA,1749245850787,141.7200,141.6800,141.7200,200,300,180143,141.7000,141.7000,141.7000,141.7000,0.0400,142.1564,33.5874,141.7406,141.7854,141.7324,0.0733,0.00,0.00,0.00,0.00,0.00,0.00,0.00,0.00
NVDA,1749245850787,141.7200,141.7000,141.7200,100,300,180143,141.7000,141.7000,141.7000,141.7000,0.0200,142.1564,33.5874,141.7406,141.7854,141.7324,0.0733,0.00,0.00,0.00,0.00,0.00,0.00,0.00,0.00
NVDA,1749245851861,141.7200,141.7000,141.7200,100,300,180143,141.7000,141.7000,141.7000,141.7000,0.0200,142.1564,33.5874,141.7406,141.7854,141.7324,0.0733,0.00,0.00,0.00,0.00,0.00,0.00,0.00,0.00
NVDA,1749245852406,141.7200,141.7000,141.7200,100,300,180144,141.7000,141.7000,141.7000,141.7000,0.0200,142.1564,33.5874,141.7406,141.7854,141.7324,0.0733,0.00,0.00,0.00,0.00,0.00,0.00,0.00,0.00
NVDA,1749245855612,141.7200,141.7000,141.7200,100,300,180144,141.7000,141.7000,141.7000,141.7000,0.0200,142.1564,33.5874,141.7406,141.7854,141.7324,0.0733,0.00,0.00,0.00,0.00,0.00,0.00,0.00,0.00
NVDA,1749245856017,141.7200,141.7000,141.7200,100,300,180144,141.7200,141.7200,141.7200,141.7200,0.0200,142.1564,33.5874,141.7406,141.7854,141.7324,0.0733,0.00,0.00,0.00,0.00,0.00,0.00,0.00,0.00
NVDA,1749245856141,141.7100,141.7000,141.7200,100,300,180145,141.7200,141.7200,141.7200,141.7200,0.0200,142.1564,33.5874,141.7406,141.7854,141.7324,0.0733,0.00,0.00,0.00,0.00,0.00,0.00,0.00,0.00
NVDA,1749245856855,141.7100,141.7000,141.7200,100,300,180145,141.7200,141.7200,141.7200,141.7200,0.0200,142.1564,33.5874,141.7406,141.7854,141.7324,0.0733,0.00,0.00,0.00,0.00,0.00,0.00,0.00,0.00
NVDA,1749245857324,141.7200,141.7000,141.7200,100,300,180146,141.7200,141.7200,141.7200,141.7200,0.0200,142.1564,33.5874,141.7406,141.7854,141.7324,0.0733,0.00,0.00,0.00,0.00,0.00,0.00,0.00,0.00
NVDA,1749245858120,141.7200,141.7000,141.7200,100,300,180146,141.7200,141.7200,141.7200,141.7200,0.0200,142.1564,33.5874,141.7406,141.7854,141.7324,0.0733,0.00,0.00,0.00,0.00,0.00,0.00,0.00,0.00
NVDA,1749245858363,141.7200,141.7000,141.7200,100,300,180146,141.7200,141.7200,141.7200,141.7200,0.0200,142.1564,33.5874,141.7406,141.7854,141.7324,0.0733,0.00,0.00,0.00,0.00,0.00,0.00,0.00,0.00
NVDA,1749245858484,141.7200,141.7000,141.7200,100,800,180146,141.7200,141.7200,141.7200,141.7200,0.0200,142.1564,33.5874,141.7406,141.7854,141.7324,0.0733,0.00,0.00,0.00,0.00,0.00,0.00,0.00,0.00
NVDA,1749245858484,141.7100,141.7000,141.7200,100,800,180147,141.7200,141.7200,141.7200,141.7200,0.0200,142.1564,33.5874,141.7406,141.7854,141.7324,0.0733,0.00,0.00,0.00,0.00,0.00,0.00,0.00,0.00
NVDA,1749245858484,141.7000,141.7000,141.7200,100,800,180167,141.7200,141.7200,141.7200,141.7200,0.0200,142.1564,33.5874,141.7406,141.7854,141.7324,0.0733,0.00,0.00,0.00,0.00,0.00,0.00,0.00,0.00
NVDA,1749245858484,141.7100,141.7000,141.7200,100,800,180168,141.7200,141.7200,141.7200,141.7200,0.0200,142.1564,33.5874,141.7406,141.7854,141.7324,0.0733,0.00,0.00,0.00,0.00,0.00,0.00,0.00,0.00
NVDA,1749245858619,141.7100,141.7000,141.7200,100,800,180168,141.7200,141.7200,141.7200,141.7200,0.0200,142.1564,33.5874,141.7406,141.7854,141.7324,0.0733,0.00,0.00,0.00,0.00,0.00,0.00,0.00,0.00
NVDA,1749245859319,141.7200,141.7000,141.7200,100,800,180169,141.7200,141.7200,141.7200,141.7200,0.0200,142.1564,33.5874,141.7406,141.7854,141.7324,0.0733,0.00,0.00,0.00,0.00,0.00,0.00,0.00,0.00
NVDA,1749245861008,141.7200,141.7000,141.7200,100,800,180169,141.7200,141.7200,141.7200,141.7200,0.0200,142.1564,33.5874,141.7406,141.7854,141.7324,0.0733,0.00,0.00,0.00,0.00,0.00,0.00,0.00,0.00
NVDA,1749245862116,141.7200,141.7000,141.7200,100,800,180169,141.7200,141.7200,141.7200,141.7200,0.0200,142.1564,33.5874,141.7406,141.7854,141.7324,0.0733,0.00,0.00,0.00,0.00,0.00,0.00,0.00,0.00
NVDA,1749245862513,141.7000,141.7000,141.7200,100,800,180170,141.7200,141.7200,141.7200,141.7200,0.0200,142.1564,33.5874,141.7406,141.7854,141.7324,0.0733,0.00,0.00,0.00,0.00,0.00,0.00,0.00,0.00
NVDA,1749245865620,141.7000,141.7000,141.7200,100,800,180170,141.7200,141.7200,141.7200,141.7200,0.0200,142.1564,33.5874,141.7406,141.7854,141.7324,0.0733,0.00,0.00,0.00,0.00,0.00,0.00,0.00,0.00
NVDA,1749245866011,141.7000,141.7000,141.7200,100,800,180170,141.7200,141.7200,141.7200,141.7200,0.0200,142.1564,33.5874,141.7406,141.7854,141.7324,0.0733,0.00,0.00,0.00,0.00,0.00,0.00,0.00,0.00
NVDA,1749245866289,141.7200,141.7000,141.7200,100,800,180175,141.7200,141.7200,141.7200,141.7200,0.0200,142.1564,33.5874,141.7406,141.7854,141.7324,0.0733,0.00,0.00,0.00,0.00,0.00,0.00,0.00,0.00
NVDA,1749245866867,141.7200,141.7000,141.7200,100,800,180175,141.7200,141.7200,141.7200,141.7200,0.0200,142.1564,33.5874,141.7406,141.7854,141.7324,0.0733,0.00,0.00,0.00,0.00,0.00,0.00,0.00,0.00
NVDA,1749245867127,141.7200,141.7000,141.7200,100,800,180175,141.7200,141.7200,141.7200,141.7200,0.0200,142.1564,33.5874,141.7406,141.7854,141.7324,0.0733,0.00,0.00,0.00,0.00,0.00,0.00,0.00,0.00
NVDA,1749245867367,141.7200,141.7000,141.7200,100,800,180175,141.7200,141.7200,141.7200,141.7200,0.0200,142.1564,33.5874,141.7406,141.7854,141.7324,0.0733,0.00,0.00,0.00,0.00,0.00,0.00,0.00,0.00
NVDA,1749245867505,141.7200,141.7000,141.7200,100,800,180275,141.7200,141.7200,141.7200,141.7200,0.0200,142.1564,33.5874,141.7406,141.7854,141.7324,0.0733,0.00,0.00,0.00,0.00,0.00,0.00,0.00,0.00
NVDA,1749245867505,141.7200,141.6800,141.7200,100,800,180275,141.7200,141.7200,141.7200,141.7200,0.0400,142.1564,33.5874,141.7406,141.7854,141.7324,0.0733,0.00,0.00,0.00,0.00,0.00,0.00,0.00,0.00
NVDA,1749245867505,141.7000,141.6800,141.7200,100,800,180283,141.7200,141.7200,141.7200,141.7200,0.0400,142.1564,33.5874,141.7406,141.7854,141.7324,0.0733,0.00,0.00,0.00,0.00,0.00,0.00,0.00,0.00
NVDA,1749245868622,141.7000,141.6800,141.7200,100,800,180284,141.7200,141.7200,141.7200,141.7200,0.0400,142.1564,33.5874,141.7406,141.7854,141.7324,0.0733,0.00,0.00,0.00,0.00,0.00,0.00,0.00,0.00
NVDA,1749245869122,141.7000,141.6800,141.7200,100,800,180284,141.7200,141.7200,141.7200,141.7200,0.0400,142.1564,33.5874,141.7406,141.7854,141.7324,0.0733,0.00,0.00,0.00,0.00,0.00,0.00,0.00,0.00
NVDA,1749245869304,141.7200,141.6800,141.7200,100,800,180484,141.7200,141.7200,141.7200,141.7200,0.0400,142.1564,33.5874,141.7406,141.7854,141.7324,0.0733,0.00,0.00,0.00,0.00,0.00,0.00,0.00,0.00
NVDA,1749245869304,141.6900,141.6800,141.7200,100,800,180493,141.7200,141.7200,141.7200,141.7200,0.0400,142.1564,33.5874,141.7406,141.7854,141.7324,0.0733,0.00,0.00,0.00,0.00,0.00,0.00,0.00,0.00
NVDA,1749245871016,141.6900,141.6800,141.7200,100,800,180493,141.7200,141.7200,141.7100,141.7200,0.0400,142.1564,33.5874,141.7406,141.7854,141.7324,0.0733,0.00,0.00,0.00,0.00,0.00,0.00,0.00,0.00
NVDA,1749245871631,141.6900,141.6800,141.7200,100,800,180493,141.7200,141.7200,141.7100,141.7200,0.0400,142.1564,33.5874,141.7406,141.7854,141.7324,0.0733,0.00,0.00,0.00,0.00,0.00,0.00,0.00,0.00
NVDA,1749245872303,141.7200,141.6800,141.7200,100,800,180507,141.7200,141.7200,141.7100,141.7200,0.0400,142.1564,33.5874,141.7406,141.7854,141.7324,0.0733,0.00,0.00,0.00,0.00,0.00,0.00,0.00,0.00
NVDA,1749245876010,141.7200,141.6800,141.7200,100,800,180507,141.7100,141.7100,141.7100,141.7100,0.0400,142.1564,33.5874,141.7406,141.7854,141.7324,0.0733,0.00,0.00,0.00,0.00,0.00,0.00,0.00,0.00
NVDA,1749245877130,141.7200,141.6800,141.7200,100,800,180507,141.7100,141.7100,141.7100,141.7100,0.0400,142.1564,33.5874,141.7406,141.7854,141.7324,0.0733,0.00,0.00,0.00,0.00,0.00,0.00,0.00,0.00
NVDA,1749245877880,141.7100,141.6800,141.7200,100,800,180508,141.7100,141.7100,141.7100,141.7100,0.0400,142.1564,33.5874,141.7406,141.7854,141.7324,0.0733,0.00,0.00,0.00,0.00,0.00,0.00,0.00,0.00
NVDA,1749245880392,141.7100,141.6800,141.7200,100,800,180508,141.7100,141.7100,141.7100,141.7100,0.0400,142.1564,32.4959,141.7345,141.7798,141.7250,0.0709,0.00,0.00,0.00,0.00,0.00,0.00,0.00,0.00
NVDA,1749245881014,141.7100,141.6800,141.7200,100,800,180508,141.7100,141.7100,141.7100,141.7100,0.0400,142.1564,32.4959,141.7345,141.7798,141.7250,0.0709,0.00,0.00,0.00,0.00,0.00,0.00,0.00,0.00
NVDA,1749245881117,141.7100,141.6800,141.7200,100,800,180513,141.7100,141.7100,141.7100,141.7100,0.0400,142.1564,32.4959,141.7345,141.7798,141.7250,0.0709,0.00,0.00,0.00,0.00,0.00,0.00,0.00,0.00
NVDA,1749245881743,141.7200,141.6800,141.7200,100,800,180514,141.7100,141.7100,141.7100,141.7100,0.0400,142.1564,32.4959,141.7345,141.7798,141.7250,0.0709,0.00,0.00,0.00,0.00,0.00,0.00,0.00,0.00
NVDA,1749245882890,141.7200,141.6800,141.7200,100,800,180514,141.7100,141.7100,141.7100,141.7100,0.0400,142.1564,32.4959,141.7345,141.7798,141.7250,0.0709,0.00,0.00,0.00,0.00,0.00,0.00,0.00,0.00
NVDA,1749245883492,141.7000,141.6800,141.7200,100,800,180515,141.7100,141.7100,141.7100,141.7100,0.0400,142.1564,32.4959,141.7345,141.7798,141.7250,0.0709,0.00,0.00,0.00,0.00,0.00,0.00,0.00,0.00
NVDA,1749245886018,141.7000,141.6800,141.7200,100,800,180515,141.7100,141.7100,141.7100,141.7100,0.0400,142.1564,32.4959,141.7345,141.7798,141.7250,0.0709,0.00,0.00,0.00,0.00,0.00,0.00,0.00,0.00
NVDA,1749245889648,141.7000,141.6800,141.7200,100,800,180515,141.7100,141.7100,141.7100,141.7100,0.0400,142.1564,32.4959,141.7345,141.7798,141.7250,0.0709,0.00,0.00,0.00,0.00,0.00,0.00,0.00,0.00
NVDA,1749245890211,141.6800,141.6800,141.7200,100,800,180516,141.7100,141.7100,141.7100,141.7100,0.0400,142.1564,32.4959,141.7345,141.7798,141.7250,0.0709,0.00,0.00,0.00,0.00,0.00,0.00,0.00,0.00
NVDA,1749245891016,141.6800,141.6800,141.7200,100,800,180516,141.7100,141.7100,141.7100,141.7100,0.0400,142.1564,32.4959,141.7345,141.7798,141.7250,0.0709,0.00,0.00,0.00,0.00,0.00,0.00,0.00,0.00
NVDA,1749245894659,141.6800,141.6800,141.7200,100,800,180516,141.7100,141.7100,141.7100,141.7100,0.0400,142.1564,32.4959,141.7345,141.7798,141.7250,0.0709,0.00,0.00,0.00,0.00,0.00,0.00,0.00,0.00
NVDA,1749245895225,141.7200,141.6800,141.7200,100,800,180517,141.7100,141.7100,141.7100,141.7100,0.0400,142.1564,32.4959,141.7345,141.7798,141.7250,0.0709,0.00,0.00,0.00,0.00,0.00,0.00,0.00,0.00
NVDA,1749245896005,141.7200,141.6800,141.7200,100,800,180517,141.7100,141.7100,141.7100,141.7100,0.0400,142.1564,32.4959,141.7345,141.7798,141.7250,0.0709,0.00,0.00,0.00,0.00,0.00,0.00,0.00,0.00
NVDA,1749245896910,141.7200,141.6800,141.7200,100,800,180517,141.7100,141.7100,141.7100,141.7100,0.0400,142.1564,32.4959,141.7345,141.7798,141.7250,0.0709,0.00,0.00,0.00,0.00,0.00,0.00,0.00,0.00
NVDA,1749245897592,141.7200,141.6800,141.7200,100,800,180527,141.7100,141.7100,141.7100,141.7100,0.0400,142.1564,32.4959,141.7345,141.7798,141.7250,0.0709,0.00,0.00,0.00,0.00,0.00,0.00,0.00,0.00
NVDA,1749245897908,141.7200,141.6800,141.7200,100,800,180527,141.7100,141.7100,141.7100,141.7100,0.0400,142.1564,32.4959,141.7345,141.7798,141.7250,0.0709,0.00,0.00,0.00,0.00,0.00,0.00,0.00,0.00
NVDA,1749245898344,141.7000,141.6800,141.7200,100,800,180528,141.7100,141.7100,141.7100,141.7100,0.0400,142.1564,32.4959,141.7345,141.7798,141.7250,0.0709,0.00,0.00,0.00,0.00,0.00,0.00,0.00,0.00
NVDA,1749245899408,141.7000,141.6800,141.7200,100,800,180528,141.7100,141.7100,141.7100,141.7100,0.0400,142.1564,32.4959,141.7345,141.7798,141.7250,0.0709,0.00,0.00,0.00,0.00,0.00,0.00,0.00,0.00
NVDA,1749245900009,141.7000,141.6800,141.7200,100,800,180560,141.7100,141.7100,141.7100,141.7100,0.0400,142.1564,32.4959,141.7345,141.7798,141.7250,0.0709,0.00,0.00,0.00,0.00,0.00,0.00,0.00,0.00
NVDA,1749245900919,141.7000,141.6800,141.7200,100,800,180560,141.7100,141.7100,141.7100,141.7100,0.0400,142.1564,32.4959,141.7345,141.7798,141.7250,0.0709,0.00,0.00,0.00,0.00,0.00,0.00,0.00,0.00
NVDA,1749245901016,141.7000,141.6800,141.7200,100,800,180560,141.7100,141.7100,141.7100,141.7100,0.0400,142.1564,32.4959,141.7345,141.7798,141.7250,0.0709,0.00,0.00,0.00,0.00,0.00,0.00,0.00,0.00
NVDA,1749245901431,141.6800,141.6800,141.7200,100,800,180577,141.7100,141.7100,141.7100,141.7100,0.0400,142.1564,32.4959,141.7345,141.7798,141.7250,0.0709,0.00,0.00,0.00,0.00,0.00,0.00,0.00,0.00
NVDA,1749245903919,141.6800,141.6800,141.7200,100,800,180577,141.7100,141.7100,141.7100,141.7100,0.0400,142.1564,32.4959,141.7345,141.7798,141.7250,0.0709,0.00,0.00,0.00,0.00,0.00,0.00,0.00,0.00
NVDA,1749245904175,141.6800,141.6800,141.7200,100,800,180577,141.7100,141.7100,141.7100,141.7100,0.0400,142.1564,32.4959,141.7345,141.7798,141.7250,0.0709,0.00,0.00,0.00,0.00,0.00,0.00,0.00,0.00
NVDA,1749245904465,141.7100,141.6800,141.7200,100,800,180581,141.7100,141.7100,141.7100,141.7100,0.0400,142.1564,32.4959,141.7345,141.7798,141.7250,0.0709,0.00,0.00,0.00,0.00,0.00,0.00,0.00,0.00
NVDA,1749245904465,141.7000,141.6800,141.7200,100,800,180582,141.7100,141.7100,141.7100,141.7100,0.0400,142.1564,32.4959,141.7345,141.7798,141.7250,0.0709,0.00,0.00,0.00,0.00,0.00,0.00,0.00,0.00
NVDA,1749245906014,141.7000,141.6800,141.7200,100,800,180582,141.7100,141.7100,141.7100,141.7100,0.0400,142.1564,32.4959,141.7345,141.7798,141.7250,0.0709,0.00,0.00,0.00,0.00,0.00,0.00,0.00,0.00
NVDA,1749245907684,141.7000,141.6800,141.7200,100,800,180582,141.7100,141.7100,141.7100,141.7100,0.0400,142.1564,32.4959,141.7345,141.7798,141.7250,0.0709,0.00,0.00,0.00,0.00,0.00,0.00,0.00,0.00
NVDA,1749245908348,141.7000,141.6800,141.7200,100,300,180582,141.7100,141.7100,141.7100,141.7100,0.0400,142.1564,32.4959,141.7345,141.7798,141.7250,0.0709,0.00,0.00,0.00,0.00,0.00,0.00,0.00,0.00
NVDA,1749245908348,141.7000,141.6800,141.7100,100,500,180582,141.7100,141.7100,141.7100,141.7100,0.0300,142.1564,32.4959,141.7345,141.7798,141.7250,0.0709,0.00,0.00,0.00,0.00,0.00,0.00,0.00,0.00
NVDA,1749245908348,141.7000,141.6800,141.7200,200,300,180582,141.7100,141.7100,141.7100,141.7100,0.0400,142.1564,32.4959,141.7345,141.7798,141.7250,0.0709,0.00,0.00,0.00,0.00,0.00,0.00,0.00,0.00
NVDA,1749245908348,141.7100,141.6800,141.7200,200,300,180592,141.7100,141.7100,141.7100,141.7100,0.0400,142.1564,32.4959,141.7345,141.7798,141.7250,0.0709,0.00,0.00,0.00,0.00,0.00,0.00,0.00,0.00
NVDA,1749245908673,141.7100,141.6800,141.7200,200,300,181146,141.7100,141.7100,141.7100,141.7100,0.0400,142.1564,32.4959,141.7345,141.7798,141.7250,0.0709,0.00,0.00,0.00,0.00,0.00,0.00,0.00,0.00
NVDA,1749245908851,141.7100,141.6800,141.7200,100,300,181146,141.7100,141.7100,141.7100,141.7100,0.0400,142.1564,32.4959,141.7345,141.7798,141.7250,0.0709,0.00,0.00,0.00,0.00,0.00,0.00,0.00,0.00
NVDA,1749245908851,141.7000,141.6800,141.7200,100,300,181147,141.7100,141.7100,141.7100,141.7100,0.0400,142.1564,32.4959,141.7345,141.7798,141.7250,0.0709,0.00,0.00,0.00,0.00,0.00,0.00,0.00,0.00
NVDA,1749245909552,141.7100,141.6800,141.7200,100,300,181159,141.7100,141.7100,141.7100,141.7100,0.0400,142.1564,32.4959,141.7345,141.7798,141.7250,0.0709,0.00,0.00,0.00,0.00,0.00,0.00,0.00,0.00
NVDA,1749245909930,141.7100,141.6800,141.7200,100,300,181159,141.7100,141.7100,141.7100,141.7100,0.0400,142.1564,32.4959,141.7345,141.7798,141.7250,0.0709,0.00,0.00,0.00,0.00,0.00,0.00,0.00,0.00
NVDA,1749245910176,141.7100,141.6800,141.7200,100,300,181159,141.7100,141.7100,141.7100,141.7100,0.0400,142.1564,32.4959,141.7345,141.7798,141.7250,0.0709,0.00,0.00,0.00,0.00,0.00,0.00,0.00,0.00
NVDA,1749245910458,141.7200,141.6800,141.7200,100,300,181259,141.7100,141.7100,141.7100,141.7100,0.0400,142.1564,32.4959,141.7345,141.7798,141.7250,0.0709,0.00,0.00,0.00,0.00,0.00,0.00,0.00,0.00
NVDA,1749245910458,141.6800,141.6800,141.7200,100,300,181260,141.7100,141.7100,141.7100,141.7100,0.0400,142.1564,32.4959,141.7345,141.7798,141.7250,0.0709,0.00,0.00,0.00,0.00,0.00,0.00,0.00,0.00
NVDA,1749245911016,141.6800,141.6800,141.7200,100,300,181260,141.7100,141.7200,141.7100,141.7200,0.0400,142.1564,32.4959,141.7345,141.7798,141.7250,0.0709,0.00,0.00,0.00,0.00,0.00,0.00,0.00,0.00
NVDA,1749245912423,141.6800,141.6800,141.7200,100,300,181260,141.7100,141.7200,141.7100,141.7200,0.0400,142.1564,32.4959,141.7345,141.7798,141.7250,0.0709,0.00,0.00,0.00,0.00,0.00,0.00,0.00,0.00
NVDA,1749245913099,141.6800,141.6800,141.7200,100,300,181265,141.7100,141.7200,141.7100,141.7200,0.0400,142.1564,32.4959,141.7345,141.7798,141.7250,0.0709,0.00,0.00,0.00,0.00,0.00,0.00,0.00,0.00
NVDA,1749245915182,141.6800,141.6800,141.7200,100,300,181265,141.7100,141.7200,141.7100,141.7200,0.0400,142.1564,32.4959,141.7345,141.7798,141.7250,0.0709,0.00,0.00,0.00,0.00,0.00,0.00,0.00,0.00
NVDA,1749245915764,141.7000,141.6800,141.7200,100,300,181266,141.7100,141.7200,141.7100,141.7200,0.0400,142.1564,32.4959,141.7345,141.7798,141.7250,0.0709,0.00,0.00,0.00,0.00,0.00,0.00,0.00,0.00
NVDA,1749245916007,141.7000,141.6800,141.7200,100,300,181266,141.7100,141.7100,141.7100,141.7100,0.0400,142.1564,32.4959,141.7345,141.7798,141.7250,0.0709,0.00,0.00,0.00,0.00,0.00,0.00,0.00,0.00
NVDA,1749245916248,141.7000,141.6800,141.7200,100,300,181266,141.7100,141.7100,141.7100,141.7100,0.0400,142.1564,32.4959,141.7345,141.7798,141.7250,0.0709,0.00,0.00,0.00,0.00,0.00,0.00,0.00,0.00
NVDA,1749245916650,141.7200,141.6800,141.7200,100,300,181269,141.7100,141.7100,141.7100,141.7100,0.0400,142.1564,32.4959,141.7345,141.7798,141.7250,0.0709,0.00,0.00,0.00,0.00,0.00,0.00,0.00,0.00
NVDA,1749245917941,141.7200,141.6800,141.7200,100,300,181269,141.7100,141.7100,141.7100,141.7100,0.0400,142.1564,32.4959,141.7345,141.7798,141.7250,0.0709,0.00,0.00,0.00,0.00,0.00,0.00,0.00,0.00
NVDA,1749245918431,141.6800,141.6800,141.7200,100,300,181270,141.7100,141.7100,141.7100,141.7100,0.0400,142.1564,32.4959,141.7345,141.7798,141.7250,0.0709,0.00,0.00,0.00,0.00,0.00,0.00,0.00,0.00
NVDA,1749245921010,141.6800,141.6800,141.7200,100,300,181270,141.7100,141.7100,141.7100,141.7100,0.0400,142.1564,32.4959,141.7345,141.7798,141.7250,0.0709,0.00,0.00,0.00,0.00,0.00,0.00,0.00,0.00
NVDA,1749245922196,141.6800,141.6800,141.7200,100,300,181270,141.7100,141.7100,141.7100,141.7100,0.0400,142.1564,32.4959,141.7345,141.7798,141.7250,0.0709,0.00,0.00,0.00,0.00,0.00,0.00,0.00,0.00
NVDA,1749245922802,141.6800,141.6800,141.7200,100,300,181271,141.7100,141.7100,141.7100,141.7100,0.0400,142.1564,32.4959,141.7345,141.7798,141.7250,0.0709,0.00,0.00,0.00,0.00,0.00,0.00,0.00,0.00
NVDA,1749245923438,141.6800,141.6800,141.7200,100,300,181271,141.7100,141.7100,141.7100,141.7100,0.0400,142.1564,32.4959,141.7345,141.7798,141.7250,0.0709,0.00,0.00,0.00,0.00,0.00,0.00,0.00,0.00
NVDA,1749245923969,141.7000,141.6800,141.7200,100,300,181272,141.7100,141.7100,141.7100,141.7100,0.0400,142.1564,32.4959,141.7345,141.7798,141.7250,0.0709,0.00,0.00,0.00,0.00,0.00,0.00,0.00,0.00
NVDA,1749245925951,141.7000,141.6800,141.7200,100,300,181272,141.7100,141.7100,141.7100,141.7100,0.0400,142.1564,32.4959,141.7345,141.7798,141.7250,0.0709,0.00,0.00,0.00,0.00,0.00,0.00,0.00,0.00
NVDA,1749245926477,141.7000,141.7100,141.7200,600,300,181272,141.7100,141.7100,141.7100,141.7100,0.0100,142.1564,32.4959,141.7345,141.7798,141.7250,0.0709,0.00,0.00,0.00,0.00,0.00,0.00,0.00,0.00
NVDA,1749245926477,141.7100,141.7100,141.7200,600,300,181276,141.7100,141.7100,141.7100,141.7100,0.0100,142.1564,32.4959,141.7345,141.7798,141.7250,0.0709,0.00,0.00,0.00,0.00,0.00,0.00,0.00,0.00
NVDA,1749245931007,141.7100,141.7100,141.7200,600,300,181291,141.7100,141.7100,141.7100,141.7100,0.0100,142.1564,32.4959,141.7345,141.7798,141.7250,0.0709,0.00,0.00,0.00,0.00,0.00,0.00,0.00,0.00
NVDA,1749245931197,141.7100,141.7100,141.7200,600,300,181291,141.7100,141.7100,141.7100,141.7100,0.0100,142.1564,32.4959,141.7345,141.7798,141.7250,0.0709,0.00,0.00,0.00,0.00,0.00,0.00,0.00,0.00
NVDA,1749245931893,141.7100,141.7100,141.7200,200,300,181291,141.7100,141.7100,141.7100,141.7100,0.0100,142.1564,32.4959,141.7345,141.7798,141.7250,0.0709,0.00,0.00,0.00,0.00,0.00,0.00,0.00,0.00
NVDA,1749245931893,141.7100,141.6800,141.7200,100,300,181291,141.7100,141.7100,141.7100,141.7100,0.0400,142.1564,32.4959,141.7345,141.7798,141.7250,0.0709,0.00,0.00,0.00,0.00,0.00,0.00,0.00,0.00
NVDA,1749245931893,141.7100,141.6800,141.7100,100,100,181291,141.7100,141.7100,141.7100,141.7100,0.0300,142.1564,32.4959,141.7345,141.7798,141.7250,0.0709,0.00,0.00,0.00,0.00,0.00,0.00,0.00,0.00
NVDA,1749245931893,141.7200,141.6800,141.7100,100,100,181527,141.7100,141.7100,141.7100,141.7100,0.0300,142.1564,32.4959,141.7345,141.7798,141.7250,0.0709,0.00,0.00,0.00,0.00,0.00,0.00,0.00,0.00
NVDA,1749245931893,141.7100,141.6800,141.7100,100,100,181978,141.7100,141.7100,141.7100,141.7100,0.0300,142.1564,32.4959,141.7345,141.7798,141.7250,0.0709,0.00,0.00,0.00,0.00,0.00,0.00,0.00,0.00
NVDA,1749245931893,141.7200,141.6800,141.7100,100,100,182219,141.7100,141.7100,141.7100,141.7100,0.0300,142.1564,32.4959,141.7345,141.7798,141.7250,0.0709,0.00,0.00,0.00,0.00,0.00,0.00,0.00,0.00
NVDA,1749245932956,141.7200,141.6800,141.7100,100,100,182219,141.7100,141.7100,141.7100,141.7100,0.0300,142.1564,32.4959,141.7345,141.7798,141.7250,0.0709,0.00,0.00,0.00,0.00,0.00,0.00,0.00,0.00
NVDA,1749245933261,141.6900,141.6800,141.7100,100,100,182220,141.7100,141.7100,141.7100,141.7100,0.0300,142.1564,32.4959,141.7345,141.7798,141.7250,0.0709,0.00,0.00,0.00,0.00,0.00,0.00,0.00,0.00
NVDA,1749245934213,141.6900,141.6800,141.7100,100,100,182220,141.7100,141.7100,141.7100,141.7100,0.0300,142.1564,32.4959,141.7345,141.7798,141.7250,0.0709,0.00,0.00,0.00,0.00,0.00,0.00,0.00,0.00
NVDA,1749245934942,141.7100,141.6800,141.7100,100,100,182221,141.7100,141.7100,141.7100,141.7100,0.0300,142.1564,32.4959,141.7345,141.7798,141.7250,0.0709,0.00,0.00,0.00,0.00,0.00,0.00,0.00,0.00
NVDA,1749245935710,141.7100,141.6800,141.7100,100,100,182221,141.7100,141.7100,141.7100,141.7100,0.0300,142.1564,32.4959,141.7345,141.7798,141.7250,0.0709,0.00,0.00,0.00,0.00,0.00,0.00,0.00,0.00
NVDA,1749245936014,141.7100,141.6800,141.7100,100,100,182221,141.7200,141.7200,141.7100,141.7100,0.0300,142.1564,32.4959,141.7345,141.7798,141.7250,0.0709,0.00,0.00,0.00,0.00,0.00,0.00,0.00,0.00
NVDA,1749245936223,141.7100,141.6800,141.7200,100,500,182221,141.7200,141.7200,141.7100,141.7100,0.0400,142.1564,32.4959,141.7345,141.7798,141.7250,0.0709,0.00,0.00,0.00,0.00,0.00,0.00,0.00,0.00
NVDA,1749245936223,141.7100,141.6800,141.7100,100,100,182224,141.7200,141.7200,141.7100,141.7100,0.0300,142.1564,32.4959,141.7345,141.7798,141.7250,0.0709,0.00,0.00,0.00,0.00,0.00,0.00,0.00,0.00
NVDA,1749245939971,141.7100,141.6800,141.7100,100,100,182224,141.7200,141.7200,141.7100,141.7100,0.0300,142.1564,32.4959,141.7345,141.7798,141.7250,0.0709,0.00,0.00,0.00,0.00,0.00,0.00,0.00,0.00
NVDA,1749245940510,141.7100,141.6800,141.7100,100,100,182227,141.7200,141.7200,141.7100,141.7100,0.0300,142.1564,32.4959,141.7296,141.7746,141.7197,0.0687,0.00,0.00,0.00,0.00,0.00,0.00,0.00,0.00
NVDA,1749245941019,141.7100,141.6800,141.7100,100,100,182228,141.7100,141.7100,141.7100,141.7100,0.0300,142.1564,32.4959,141.7296,141.7746,141.7197,0.0687,0.00,0.00,0.00,0.00,0.00,0.00,0.00,0.00
NVDA,1749245941298,141.7100,141.6700,141.7100,400,100,182228,141.7100,141.7100,141.7100,141.7100,0.0400,142.1564,32.4959,141.7296,141.7746,141.7197,0.0687,0.00,0.00,0.00,0.00,0.00,0.00,0.00,0.00
NVDA,1749245943213,141.7100,141.6700,141.7100,400,100,182228,141.7100,141.7100,141.7100,141.7100,0.0400,142.1564,32.4959,141.7296,141.7746,141.7197,0.0687,0.00,0.00,0.00,0.00,0.00,0.00,0.00,0.00
NVDA,1749245943838,141.6700,141.6700,141.7100,400,100,182428,141.7100,141.7100,141.7100,141.7100,0.0400,142.1564,32.4959,141.7296,141.7746,141.7197,0.0687,0.00,0.00,0.00,0.00,0.00,0.00,0.00,0.00
NVDA,1749245943838,141.6700,141.6700,141.7100,300,100,182428,141.7100,141.7100,141.7100,141.7100,0.0400,142.1564,32.4959,141.7296,141.7746,141.7197,0.0687,0.00,0.00,0.00,0.00,0.00,0.00,0.00,0.00
NVDA,1749245944473,141.6700,141.6700,141.7100,300,100,182428,141.7100,141.7100,141.7100,141.7100,0.0400,142.1564,32.4959,141.7296,141.7746,141.7197,0.0687,0.00,0.00,0.00,0.00,0.00,0.00,0.00,0.00
NVDA,1749245944721,141.6700,141.6700,141.7100,300,100,182428,141.7100,141.7100,141.7100,141.7100,0.0400,142.1564,32.4959,141.7296,141.7746,141.7197,0.0687,0.00,0.00,0.00,0.00,0.00,0.00,0.00,0.00
NVDA,1749245944970,141.6700,141.6700,141.7100,300,100,182428,141.7100,141.7100,141.7100,141.7100,0.0400,142.1564,32.4959,141.7296,141.7746,141.7197,0.0687,0.00,0.00,0.00,0.00,0.00,0.00,0.00,0.00
NVDA,1749245945085,141.6700,141.6900,141.7100,100,100,182428,141.7100,141.7100,141.7100,141.7100,0.0200,142.1564,32.4959,141.7296,141.7746,141.7197,0.0687,0.00,0.00,0.00,0.00,0.00,0.00,0.00,0.00
NVDA,1749245945085,141.7000,141.6900,141.7100,100,100,182460,141.7100,141.7100,141.7100,141.7100,0.0200,142.1564,32.4959,141.7296,141.7746,141.7197,0.0687,0.00,0.00,0.00,0.00,0.00,0.00,0.00,0.00
NVDA,1749245945085,141.7000,141.6700,141.7100,300,100,182460,141.7100,141.7100,141.7100,141.7100,0.0400,142.1564,32.4959,141.7296,141.7746,141.7197,0.0687,0.00,0.00,0.00,0.00,0.00,0.00,0.00,0.00
NVDA,1749245945085,141.6900,141.6700,141.7100,300,100,182465,141.7100,141.7100,141.7100,141.7100,0.0400,142.1564,32.4959,141.7296,141.7746,141.7197,0.0687,0.00,0.00,0.00,0.00,0.00,0.00,0.00,0.00
NVDA,1749245945085,141.7000,141.6700,141.7100,300,100,182466,141.7100,141.7100,141.7100,141.7100,0.0400,142.1564,32.4959,141.7296,141.7746,141.7197,0.0687,0.00,0.00,0.00,0.00,0.00,0.00,0.00,0.00
NVDA,1749245945473,141.7000,141.6700,141.7100,300,100,182466,141.7100,141.7100,141.7100,141.7100,0.0400,142.1564,32.4959,141.7296,141.7746,141.7197,0.0687,0.00,0.00,0.00,0.00,0.00,0.00,0.00,0.00
NVDA,1749245945596,141.7000,141.6800,141.7100,100,100,182466,141.7100,141.7100,141.7100,141.7100,0.0300,142.1564,32.4959,141.7296,141.7746,141.7197,0.0687,0.00,0.00,0.00,0.00,0.00,0.00,0.00,0.00
NVDA,1749245945596,141.6900,141.6800,141.7100,100,100,182467,141.7100,141.7100,141.7100,141.7100,0.0300,142.1564,32.4959,141.7296,141.7746,141.7197,0.0687,0.00,0.00,0.00,0.00,0.00,0.00,0.00,0.00
NVDA,1749245946010,141.6900,141.6800,141.7100,100,100,182467,141.6700,141.6700,141.6700,141.6700,0.0300,142.1564,32.4959,141.7296,141.7746,141.7197,0.0687,0.00,0.00,0.00,0.00,0.00,0.00,0.00,0.00
NVDA,1749245947480,141.6900,141.6800,141.7100,100,100,182467,141.6700,141.6700,141.6700,141.6700,0.0300,142.1564,32.4959,141.7296,141.7746,141.7197,0.0687,0.00,0.00,0.00,0.00,0.00,0.00,0.00,0.00
NVDA,1749245947847,141.7100,141.6800,141.7100,100,100,182477,141.6700,141.6700,141.6700,141.6700,0.0300,142.1564,32.4959,141.7296,141.7746,141.7197,0.0687,0.00,0.00,0.00,0.00,0.00,0.00,0.00,0.00
NVDA,1749245950232,141.7100,141.6800,141.7100,100,100,182477,141.6700,141.6700,141.6700,141.6700,0.0300,142.1564,32.4959,141.7296,141.7746,141.7197,0.0687,0.00,0.00,0.00,0.00,0.00,0.00,0.00,0.00
NVDA,1749245950552,141.7100,141.6800,141.7100,100,100,182479,141.6700,141.6700,141.6700,141.6700,0.0300,142.1564,32.4959,141.7296,141.7746,141.7197,0.0687,0.00,0.00,0.00,0.00,0.00,0.00,0.00,0.00
NVDA,1749245950552,141.7000,141.6800,141.7100,100,100,182480,141.6700,141.6700,141.6700,141.6700,0.0300,142.1564,32.4959,141.7296,141.7746,141.7197,0.0687,0.00,0.00,0.00,0.00,0.00,0.00,0.00,0.00
NVDA,1749245951013,141.7000,141.6800,141.7100,100,100,182480,141.6700,141.6700,141.6700,141.6700,0.0300,142.1564,32.4959,141.7296,141.7746,141.7197,0.0687,0.00,0.00,0.00,0.00,0.00,0.00,0.00,0.00
NVDA,1749245951484,141.7000,141.6800,141.7100,100,100,182480,141.6700,141.6700,141.6700,141.6700,0.0300,142.1564,32.4959,141.7296,141.7746,141.7197,0.0687,0.00,0.00,0.00,0.00,0.00,0.00,0.00,0.00
NVDA,1749245951884,141.7000,141.6800,141.7100,100,100,182485,141.6700,141.6700,141.6700,141.6700,0.0300,142.1564,32.4959,141.7296,141.7746,141.7197,0.0687,0.00,0.00,0.00,0.00,0.00,0.00,0.00,0.00
NVDA,1749245952975,141.7000,141.6800,141.7100,100,100,182485,141.6700,141.6700,141.6700,141.6700,0.0300,142.1564,32.4959,141.7296,141.7746,141.7197,0.0687,0.00,0.00,0.00,0.00,0.00,0.00,0.00,0.00
NVDA,1749245953634,141.7100,141.6800,141.7100,100,100,182520,141.6700,141.6700,141.6700,141.6700,0.0300,142.1564,32.4959,141.7296,141.7746,141.7197,0.0687,0.00,0.00,0.00,0.00,0.00,0.00,0.00,0.00
NVDA,1749245953634,141.7100,141.6800,141.7200,100,500,182520,141.6700,141.6700,141.6700,141.6700,0.0400,142.1564,32.4959,141.7296,141.7746,141.7197,0.0687,0.00,0.00,0.00,0.00,0.00,0.00,0.00,0.00
NVDA,1749245953634,141.7100,141.6800,141.7100,100,100,182520,141.6700,141.6700,141.6700,141.6700,0.0300,142.1564,32.4959,141.7296,141.7746,141.7197,0.0687,0.00,0.00,0.00,0.00,0.00,0.00,0.00,0.00
NVDA,1749245953726,141.7100,141.6800,141.7100,100,100,182520,141.6700,141.6700,141.6700,141.6700,0.0300,142.1564,32.4959,141.7296,141.7746,141.7197,0.0687,0.00,0.00,0.00,0.00,0.00,0.00,0.00,0.00
NVDA,1749245953979,141.7100,141.6800,141.7100,100,100,182520,141.6700,141.6700,141.6700,141.6700,0.0300,142.1564,32.4959,141.7296,141.7746,141.7197,0.0687,0.00,0.00,0.00,0.00,0.00,0.00,0.00,0.00
NVDA,1749245954351,141.6800,141.6800,141.7100,100,100,182525,141.6700,141.6700,141.6700,141.6700,0.0300,142.1564,32.4959,141.7296,141.7746,141.7197,0.0687,0.00,0.00,0.00,0.00,0.00,0.00,0.00,0.00
NVDA,1749245954351,141.7000,141.6800,141.7100,100,100,182526,141.6700,141.6700,141.6700,141.6700,0.0300,142.1564,32.4959,141.7296,141.7746,141.7197,0.0687,0.00,0.00,0.00,0.00,0.00,0.00,0.00,0.00
NVDA,1749245955979,141.7000,141.6800,141.7100,100,100,182526,141.6700,141.6700,141.6700,141.6700,0.0300,142.1564,32.4959,141.7296,141.7746,141.7197,0.0687,0.00,0.00,0.00,0.00,0.00,0.00,0.00,0.00
NVDA,1749245956732,141.7000,141.6800,141.7100,100,100,182527,141.6700,141.6700,141.6700,141.6700,0.0300,142.1564,32.4959,141.7296,141.7746,141.7197,0.0687,0.00,0.00,0.00,0.00,0.00,0.00,0.00,0.00
NVDA,1749245961025,141.7000,141.6800,141.7100,100,100,182554,141.6700,141.6700,141.6700,141.6700,0.0300,142.1564,32.4959,141.7296,141.7746,141.7197,0.0687,0.00,0.00,0.00,0.00,0.00,0.00,0.00,0.00
NVDA,1749245961743,141.7000,141.6800,141.7100,100,100,182554,141.6700,141.6700,141.6700,141.6700,0.0300,142.1564,32.4959,141.7296,141.7746,141.7197,0.0687,0.00,0.00,0.00,0.00,0.00,0.00,0.00,0.00
NVDA,1749245962329,141.7000,141.6800,141.7000,100,200,182554,141.6700,141.6700,141.6700,141.6700,0.0200,142.1564,32.4959,141.7296,141.7746,141.7197,0.0687,0.00,0.00,0.00,0.00,0.00,0.00,0.00,0.00
NVDA,1749245962329,141.7000,141.6900,141.7100,100,100,182554,141.6700,141.6700,141.6700,141.6700,0.0200,142.1564,32.4959,141.7296,141.7746,141.7197,0.0687,0.00,0.00,0.00,0.00,0.00,0.00,0.00,0.00
NVDA,1749245962832,141.7000,141.6800,141.7100,100,100,182754,141.6700,141.6700,141.6700,141.6700,0.0300,142.1564,32.4959,141.7296,141.7746,141.7197,0.0687,0.00,0.00,0.00,0.00,0.00,0.00,0.00,0.00
NVDA,1749245963245,141.7000,141.6800,141.7100,100,100,182754,141.6700,141.6700,141.6700,141.6700,0.0300,142.1564,32.4959,141.7296,141.7746,141.7197,0.0687,0.00,0.00,0.00,0.00,0.00,0.00,0.00,0.00
NVDA,1749245963491,141.7000,141.6800,141.7100,100,100,182754,141.6700,141.6700,141.6700,141.6700,0.0300,142.1564,32.4959,141.7296,141.7746,141.7197,0.0687,0.00,0.00,0.00,0.00,0.00,0.00,0.00,0.00
NVDA,1749245963747,141.7000,141.6800,141.7100,100,100,182754,141.6700,141.6700,141.6700,141.6700,0.0300,142.1564,32.4959,141.7296,141.7746,141.7197,0.0687,0.00,0.00,0.00,0.00,0.00,0.00,0.00,0.00
NVDA,1749245963825,141.6900,141.6800,141.7100,100,100,182755,141.6700,141.6700,141.6700,141.6700,0.0300,142.1564,32.4959,141.7296,141.7746,141.7197,0.0687,0.00,0.00,0.00,0.00,0.00,0.00,0.00,0.00
NVDA,1749245963825,141.7100,141.6800,141.7100,100,100,182787,141.6700,141.6700,141.6700,141.6700,0.0300,142.1564,32.4959,141.7296,141.7746,141.7197,0.0687,0.00,0.00,0.00,0.00,0.00,0.00,0.00,0.00
NVDA,1749245963825,141.6800,141.6800,141.7100,100,100,182967,141.6700,141.6700,141.6700,141.6700,0.0300,142.1564,32.4959,141.7296,141.7746,141.7197,0.0687,0.00,0.00,0.00,0.00,0.00,0.00,0.00,0.00
NVDA,1749245963825,141.6800,141.6800,141.7100,100,200,182967,141.6700,141.6700,141.6700,141.6700,0.0300,142.1564,32.4959,141.7296,141.7746,141.7197,0.0687,0.00,0.00,0.00,0.00,0.00,0.00,0.00,0.00
NVDA,1749245963825,141.7100,141.6800,141.7100,100,200,182968,141.6700,141.6700,141.6700,141.6700,0.0300,142.1564,32.4959,141.7296,141.7746,141.7197,0.0687,0.00,0.00,0.00,0.00,0.00,0.00,0.00,0.00
NVDA,1749245963825,141.7000,141.6800,141.7100,100,200,182969,141.6700,141.6700,141.6700,141.6700,0.0300,142.1564,32.4959,141.7296,141.7746,141.7197,0.0687,0.00,0.00,0.00,0.00,0.00,0.00,0.00,0.00
NVDA,1749245964786,141.7000,141.6800,141.7100,100,100,182969,141.6700,141.6700,141.6700,141.6700,0.0300,142.1564,32.4959,141.7296,141.7746,141.7197,0.0687,0.00,0.00,0.00,0.00,0.00,0.00,0.00,0.00
NVDA,1749245965745,141.7000,141.6800,141.7100,100,100,182969,141.6700,141.6700,141.6700,141.6700,0.0300,142.1564,32.4959,141.7296,141.7746,141.7197,0.0687,0.00,0.00,0.00,0.00,0.00,0.00,0.00,0.00
NVDA,1749245966017,141.7000,141.6800,141.7100,100,100,182969,141.7000,141.7000,141.6800,141.6800,0.0300,142.1564,32.4959,141.7296,141.7746,141.7197,0.0687,0.00,0.00,0.00,0.00,0.00,0.00,0.00,0.00
NVDA,1749245966302,141.7000,141.6800,141.7100,100,100,182969,141.7000,141.7000,141.6800,141.6800,0.0300,142.1564,32.4959,141.7296,141.7746,141.7197,0.0687,0.00,0.00,0.00,0.00,0.00,0.00,0.00,0.00
NVDA,1749245966378,141.6800,141.6800,141.7100,100,100,182970,141.7000,141.7000,141.6800,141.6800,0.0300,142.1564,32.4959,141.7296,141.7746,141.7197,0.0687,0.00,0.00,0.00,0.00,0.00,0.00,0.00,0.00
NVDA,1749245966897,141.6800,141.6800,141.7100,100,100,182971,141.7000,141.7000,141.6800,141.6800,0.0300,142.1564,32.4959,141.7296,141.7746,141.7197,0.0687,0.00,0.00,0.00,0.00,0.00,0.00,0.00,0.00
NVDA,1749245967502,141.6800,141.6800,141.7100,100,100,182971,141.7000,141.7000,141.6800,141.6800,0.0300,142.1564,32.4959,141.7296,141.7746,141.7197,0.0687,0.00,0.00,0.00,0.00,0.00,0.00,0.00,0.00
NVDA,1749245968151,141.6800,141.6900,141.7100,100,100,182971,141.7000,141.7000,141.6800,141.6800,0.0200,142.1564,32.4959,141.7296,141.7746,141.7197,0.0687,0.00,0.00,0.00,0.00,0.00,0.00,0.00,0.00
NVDA,1749245968151,141.6800,141.6800,141.7100,100,100,182971,141.7000,141.7000,141.6800,141.6800,0.0300,142.1564,32.4959,141.7296,141.7746,141.7197,0.0687,0.00,0.00,0.00,0.00,0.00,0.00,0.00,0.00
NVDA,1749245968151,141.6900,141.6800,141.7100,100,100,182984,141.7000,141.7000,141.6800,141.6800,0.0300,142.1564,32.4959,141.7296,141.7746,141.7197,0.0687,0.00,0.00,0.00,0.00,0.00,0.00,0.00,0.00
NVDA,1749245969251,141.6900,141.6800,141.7100,100,100,182991,141.7000,141.7000,141.6800,141.6800,0.0300,142.1564,32.4959,141.7296,141.7746,141.7197,0.0687,0.00,0.00,0.00,0.00,0.00,0.00,0.00,0.00
NVDA,1749245969755,141.7100,141.6800,141.7100,100,100,182992,141.7000,141.7000,141.6800,141.6800,0.0300,142.1564,32.4959,141.7296,141.7746,141.7197,0.0687,0.00,0.00,0.00,0.00,0.00,0.00,0.00,0.00
NVDA,1749245970702,141.7100,141.6700,141.7100,300,100,182992,141.7000,141.7000,141.6800,141.6800,0.0400,142.1564,32.4959,141.7296,141.7746,141.7197,0.0687,0.00,0.00,0.00,0.00,0.00,0.00,0.00,0.00
NVDA,1749245971027,141.7100,141.6700,141.7100,300,100,182992,141.6800,141.6800,141.6800,141.6800,0.0400,142.1564,32.4959,141.7296,141.7746,141.7197,0.0687,0.00,0.00,0.00,0.00,0.00,0.00,0.00,0.00
NVDA,1749245973506,141.7100,141.6700,141.7100,300,100,182992,141.6800,141.6800,141.6800,141.6800,0.0400,142.1564,32.4959,141.7296,141.7746,141.7197,0.0687,0.00,0.00,0.00,0.00,0.00,0.00,0.00,0.00
NVDA,1749245974086,141.6900,141.6700,141.7100,300,100,182994,141.6800,141.6800,141.6800,141.6800,0.0400,142.1564,32.4959,141.7296,141.7746,141.7197,0.0687,0.00,0.00,0.00,0.00,0.00,0.00,0.00,0.00
NVDA,1749245974506,141.6900,141.6700,141.7100,300,100,182994,141.6800,141.6800,141.6800,141.6800,0.0400,142.1564,32.4959,141.7296,141.7746,141.7197,0.0687,0.00,0.00,0.00,0.00,0.00,0.00,0.00,0.00
NVDA,1749245974617,141.6900,141.6800,141.7100,400,100,182994,141.6800,141.6800,141.6800,141.6800,0.0300,142.1564,32.4959,141.7296,141.7746,141.7197,0.0687,0.00,0.00,0.00,0.00,0.00,0.00,0.00,0.00
NVDA,1749245974617,141.7100,141.6800,141.7100,400,100,182997,141.6800,141.6800,141.6800,141.6800,0.0300,142.1564,32.4959,141.7296,141.7746,141.7197,0.0687,0.00,0.00,0.00,0.00,0.00,0.00,0.00,0.00
NVDA,1749245976020,141.7100,141.6800,141.7100,400,100,182997,141.6800,141.6800,141.6800,141.6800,0.0300,142.1564,32.4959,141.7296,141.7746,141.7197,0.0687,0.00,0.00,0.00,0.00,0.00,0.00,0.00,0.00
NVDA,1749245977010,141.7100,141.6800,141.7100,400,100,182997,141.6800,141.6800,141.6800,141.6800,0.0300,142.1564,32.4959,141.7296,141.7746,141.7197,0.0687,0.00,0.00,0.00,0.00,0.00,0.00,0.00,0.00
NVDA,1749245977607,141.6900,141.6800,141.7100,400,100,183000,141.6800,141.6800,141.6800,141.6800,0.0300,142.1564,32.4959,141.7296,141.7746,141.7197,0.0687,0.00,0.00,0.00,0.00,0.00,0.00,0.00,0.00
NVDA,1749245978652,141.6900,141.6800,141.7200,400,600,183000,141.6800,141.6800,141.6800,141.6800,0.0400,142.1564,32.4959,141.7296,141.7746,141.7197,0.0687,0.00,0.00,0.00,0.00,0.00,0.00,0.00,0.00
NVDA,1749245980267,141.6900,141.6800,141.7200,400,600,183000,141.6800,141.6800,141.6800,141.6800,0.0400,142.1564,32.4959,141.7296,141.7746,141.7197,0.0687,0.00,0.00,0.00,0.00,0.00,0.00,0.00,0.00
NVDA,1749245980485,141.6900,141.6800,141.7200,400,600,183000,141.6800,141.6800,141.6800,141.6800,0.0400,142.1564,32.4959,141.7296,141.7746,141.7197,0.0687,0.00,0.00,0.00,0.00,0.00,0.00,0.00,0.00
NVDA,1749245980725,141.7200,141.6800,141.7200,400,600,183100,141.6800,141.6800,141.6800,141.6800,0.0400,142.1564,32.4959,141.7296,141.7746,141.7197,0.0687,0.00,0.00,0.00,0.00,0.00,0.00,0.00,0.00
NVDA,1749245980725,141.7200,141.7000,141.7200,100,500,183100,141.6800,141.6800,141.6800,141.6800,0.0200,142.1564,32.4959,141.7296,141.7746,141.7197,0.0687,0.00,0.00,0.00,0.00,0.00,0.00,0.00,0.00
NVDA,1749245980725,141.7200,141.6800,141.7200,400,500,183100,141.6800,141.6800,141.6800,141.6800,0.0400,142.1564,32.4959,141.7296,141.7746,141.7197,0.0687,0.00,0.00,0.00,0.00,0.00,0.00,0.00,0.00
NVDA,1749245980725,141.7000,141.6800,141.7200,400,500,183102,141.6800,141.6800,141.6800,141.6800,0.0400,142.1564,32.4959,141.7296,141.7746,141.7197,0.0687,0.00,0.00,0.00,0.00,0.00,0.00,0.00,0.00
NVDA,1749245984010,141.7000,141.6800,141.7200,400,500,183102,141.6800,141.6800,141.6800,141.6800,0.0400,142.1564,32.4959,141.7296,141.7746,141.7197,0.0687,0.00,0.00,0.00,0.00,0.00,0.00,0.00,0.00
NVDA,1749245984398,141.7200,141.6800,141.7200,400,500,183202,141.6800,141.6800,141.6800,141.6800,0.0400,142.1564,32.4959,141.7296,141.7746,141.7197,0.0687,0.00,0.00,0.00,0.00,0.00,0.00,0.00,0.00
NVDA,1749245984398,141.7200,141.6900,141.7200,100,500,183202,141.6800,141.6800,141.6800,141.6800,0.0300,142.1564,32.4959,141.7296,141.7746,141.7197,0.0687,0.00,0.00,0.00,0.00,0.00,0.00,0.00,0.00
NVDA,1749245984398,141.7200,141.6900,141.7200,100,600,183202,141.6800,141.6800,141.6800,141.6800,0.0300,142.1564,32.4959,141.7296,141.7746,141.7197,0.0687,0.00,0.00,0.00,0.00,0.00,0.00,0.00,0.00
NVDA,1749245984398,141.7200,141.7000,141.7200,100,500,183202,141.6800,141.6800,141.6800,141.6800,0.0200,142.1564,32.4959,141.7296,141.7746,141.7197,0.0687,0.00,0.00,0.00,0.00,0.00,0.00,0.00,0.00
NVDA,1749245984398,141.7200,141.6900,141.7200,100,500,183202,141.6800,141.6800,141.6800,141.6800,0.0300,142.1564,32.4959,141.7296,141.7746,141.7197,0.0687,0.00,0.00,0.00,0.00,0.00,0.00,0.00,0.00
NVDA,1749245986018,141.7200,141.6900,141.7200,100,500,183202,141.7200,141.7200,141.7200,141.7200,0.0300,142.1564,32.4959,141.7296,141.7746,141.7197,0.0687,0.00,0.00,0.00,0.00,0.00,0.00,0.00,0.00
NVDA,1749245987036,141.7200,141.6900,141.7200,200,500,183202,141.7200,141.7200,141.7200,141.7200,0.0300,142.1564,32.4959,141.7296,141.7746,141.7197,0.0687,0.00,0.00,0.00,0.00,0.00,0.00,0.00,0.00
NVDA,1749245987264,141.7200,141.6900,141.7200,200,500,183202,141.7200,141.7200,141.7200,141.7200,0.0300,142.1564,32.4959,141.7296,141.7746,141.7197,0.0687,0.00,0.00,0.00,0.00,0.00,0.00,0.00,0.00
NVDA,1749245987770,141.7200,141.7000,141.7200,100,500,183202,141.7200,141.7200,141.7200,141.7200,0.0200,142.1564,32.4959,141.7296,141.7746,141.7197,0.0687,0.00,0.00,0.00,0.00,0.00,0.00,0.00,0.00
NVDA,1749245987770,141.7100,141.7000,141.7200,100,500,183203,141.7200,141.7200,141.7200,141.7200,0.0200,142.1564,32.4959,141.7296,141.7746,141.7197,0.0687,0.00,0.00,0.00,0.00,0.00,0.00,0.00,0.00
NVDA,1749245989273,141.7100,141.7000,141.7200,100,500,183204,141.7200,141.7200,141.7200,141.7200,0.0200,142.1564,32.4959,141.7296,141.7746,141.7197,0.0687,0.00,0.00,0.00,0.00,0.00,0.00,0.00,0.00
NVDA,1749245989889,141.7000,141.7000,141.7200,100,500,183220,141.7200,141.7200,141.7200,141.7200,0.0200,142.1564,32.4959,141.7296,141.7746,141.7197,0.0687,0.00,0.00,0.00,0.00,0.00,0.00,0.00,0.00
NVDA,1749245991019,141.7000,141.7000,141.7200,100,500,183220,141.7200,141.7200,141.7200,141.7200,0.0200,142.1564,32.4959,141.7296,141.7746,141.7197,0.0687,0.00,0.00,0.00,0.00,0.00,0.00,0.00,0.00
NVDA,1749245991777,141.7200,141.7000,141.7200,100,500,183221,141.7200,141.7200,141.7200,141.7200,0.0200,142.1564,32.4959,141.7296,141.7746,141.7197,0.0687,0.00,0.00,0.00,0.00,0.00,0.00,0.00,0.00
NVDA,1749245992020,141.7200,141.7000,141.7200,100,500,183221,141.7200,141.7200,141.7200,141.7200,0.0200,142.1564,32.4959,141.7296,141.7746,141.7197,0.0687,0.00,0.00,0.00,0.00,0.00,0.00,0.00,0.00
NVDA,1749245992458,141.7100,141.7000,141.7200,100,500,183223,141.7200,141.7200,141.7200,141.7200,0.0200,142.1564,32.4959,141.7296,141.7746,141.7197,0.0687,0.00,0.00,0.00,0.00,0.00,0.00,0.00,0.00
NVDA,1749245992458,141.7200,141.7000,141.7200,100,500,183462,141.7200,141.7200,141.7200,141.7200,0.0200,142.1564,32.4959,141.7296,141.7746,141.7197,0.0687,0.00,0.00,0.00,0.00,0.00,0.00,0.00,0.00
NVDA,1749245993022,141.7200,141.7000,141.7200,100,500,183462,141.7200,141.7200,141.7200,141.7200,0.0200,142.1564,32.4959,141.7296,141.7746,141.7197,0.0687,0.00,0.00,0.00,0.00,0.00,0.00,0.00,0.00
NVDA,1749245993174,141.7000,141.7000,141.7200,100,500,183467,141.7200,141.7200,141.7200,141.7200,0.0200,142.1564,32.4959,141.7296,141.7746,141.7197,0.0687,0.00,0.00,0.00,0.00,0.00,0.00,0.00,0.00
NVDA,1749245993174,141.7000,141.6900,141.7200,300,500,183467,141.7200,141.7200,141.7200,141.7200,0.0300,142.1564,32.4959,141.7296,141.7746,141.7197,0.0687,0.00,0.00,0.00,0.00,0.00,0.00,0.00,0.00
NVDA,1749245993843,141.7000,141.7000,141.7200,100,500,183468,141.7200,141.7200,141.7200,141.7200,0.0200,142.1564,32.4959,141.7296,141.7746,141.7197,0.0687,0.00,0.00,0.00,0.00,0.00,0.00,0.00,0.00
NVDA,1749245996009,141.7000,141.7000,141.7200,100,500,183468,141.7100,141.7100,141.7100,141.7100,0.0200,142.1564,32.4959,141.7296,141.7746,141.7197,0.0687,0.00,0.00,0.00,0.00,0.00,0.00,0.00,0.00
NVDA,1749245996530,141.7000,141.7000,141.7200,100,500,183468,141.7100,141.7100,141.7100,141.7100,0.0200,142.1564,32.4959,141.7296,141.7746,141.7197,0.0687,0.00,0.00,0.00,0.00,0.00,0.00,0.00,0.00
NVDA,1749245997209,141.7000,141.7000,141.7200,100,500,183606,141.7100,141.7100,141.7100,141.7100,0.0200,142.1564,32.4959,141.7296,141.7746,141.7197,0.0687,0.00,0.00,0.00,0.00,0.00,0.00,0.00,0.00
NVDA,1749245997209,141.7000,141.7000,141.7200,200,500,183606,141.7100,141.7100,141.7100,141.7100,0.0200,142.1564,32.4959,141.7296,141.7746,141.7197,0.0687,0.00,0.00,0.00,0.00,0.00,0.00,0.00,0.00
NVDA,1749245998035,141.7000,141.7000,141.7200,200,500,183606,141.7100,141.7100,141.7100,141.7100,0.0200,142.1564,32.4959,141.7296,141.7746,141.7197,0.0687,0.00,0.00,0.00,0.00,0.00,0.00,0.00,0.00
NVDA,1749245998323,141.7000,141.7000,141.7200,200,300,183606,141.7100,141.7100,141.7100,141.7100,0.0200,142.1564,32.4959,141.7296,141.7746,141.7197,0.0687,0.00,0.00,0.00,0.00,0.00,0.00,0.00,0.00
NVDA,1749245998323,141.7000,141.7000,141.7100,200,300,183606,141.7100,141.7100,141.7100,141.7100,0.0100,142.1564,32.4959,141.7296,141.7746,141.7197,0.0687,0.00,0.00,0.00,0.00,0.00,0.00,0.00,0.00
NVDA,1749246001024,141.7000,141.7000,141.7100,200,300,183607,141.7000,141.7000,141.7000,141.7000,0.0100,142.1564,31.3157,141.7237,141.7691,141.7130,0.0674,0.00,0.00,0.00,0.00,0.00,0.00,0.00,0.00
NVDA,1749246004540,141.7000,141.7000,141.7100,200,300,183607,141.7000,141.7000,141.7000,141.7000,0.0100,142.1564,31.3157,141.7237,141.7691,141.7130,0.0674,0.00,0.00,0.00,0.00,0.00,0.00,0.00,0.00
NVDA,1749246005205,141.7100,141.7000,141.7100,200,300,183608,141.7000,141.7000,141.7000,141.7000,0.0100,142.1564,31.3157,141.7237,141.7691,141.7130,0.0674,0.00,0.00,0.00,0.00,0.00,0.00,0.00,0.00
NVDA,1749246005543,141.7100,141.7000,141.7100,200,300,183608,141.7000,141.7000,141.7000,141.7000,0.0100,142.1564,31.3157,141.7237,141.7691,141.7130,0.0674,0.00,0.00,0.00,0.00,0.00,0.00,0.00,0.00
NVDA,1749246005943,141.7100,141.7000,141.7100,200,300,183609,141.7000,141.7000,141.7000,141.7000,0.0100,142.1564,31.3157,141.7237,141.7691,141.7130,0.0674,0.00,0.00,0.00,0.00,0.00,0.00,0.00,0.00
NVDA,1749246005943,141.7000,141.7000,141.7100,200,300,183617,141.7000,141.7000,141.7000,141.7000,0.0100,142.1564,31.3157,141.7237,141.7691,141.7130,0.0674,0.00,0.00,0.00,0.00,0.00,0.00,0.00,0.00
NVDA,1749246005943,141.7100,141.7000,141.7100,200,300,183618,141.7000,141.7000,141.7000,141.7000,0.0100,142.1564,31.3157,141.7237,141.7691,141.7130,0.0674,0.00,0.00,0.00,0.00,0.00,0.00,0.00,0.00
NVDA,1749246006019,141.7100,141.7000,141.7100,200,300,183618,141.7000,141.7000,141.7000,141.7000,0.0100,142.1564,31.3157,141.7237,141.7691,141.7130,0.0674,0.00,0.00,0.00,0.00,0.00,0.00,0.00,0.00
NVDA,1749246006546,141.7100,141.7000,141.7100,200,300,183618,141.7000,141.7000,141.7000,141.7000,0.0100,142.1564,31.3157,141.7237,141.7691,141.7130,0.0674,0.00,0.00,0.00,0.00,0.00,0.00,0.00,0.00
NVDA,1749246007123,141.7100,141.7000,141.7100,200,200,183618,141.7000,141.7000,141.7000,141.7000,0.0100,142.1564,31.3157,141.7237,141.7691,141.7130,0.0674,0.00,0.00,0.00,0.00,0.00,0.00,0.00,0.00
NVDA,1749246007123,141.7100,141.7000,141.7200,200,400,183618,141.7000,141.7000,141.7000,141.7000,0.0200,142.1564,31.3157,141.7237,141.7691,141.7130,0.0674,0.00,0.00,0.00,0.00,0.00,0.00,0.00,0.00
NVDA,1749246007123,141.7100,141.7000,141.7200,100,400,183938,141.7000,141.7000,141.7000,141.7000,0.0200,142.1564,31.3157,141.7237,141.7691,141.7130,0.0674,0.00,0.00,0.00,0.00,0.00,0.00,0.00,0.00
NVDA,1749246007539,141.7100,141.7000,141.7200,100,400,183938,141.7000,141.7000,141.7000,141.7000,0.0200,142.1564,31.3157,141.7237,141.7691,141.7130,0.0674,0.00,0.00,0.00,0.00,0.00,0.00,0.00,0.00
NVDA,1749246007793,141.7100,141.7000,141.7200,100,400,183938,141.7000,141.7000,141.7000,141.7000,0.0200,142.1564,31.3157,141.7237,141.7691,141.7130,0.0674,0.00,0.00,0.00,0.00,0.00,0.00,0.00,0.00
NVDA,1749246008139,141.7100,141.7100,141.7200,100,400,183938,141.7000,141.7000,141.7000,141.7000,0.0100,142.1564,31.3157,141.7237,141.7691,141.7130,0.0674,0.00,0.00,0.00,0.00,0.00,0.00,0.00,0.00
NVDA,1749246008139,141.7100,141.7100,141.7200,100,300,183938,141.7000,141.7000,141.7000,141.7000,0.0100,142.1564,31.3157,141.7237,141.7691,141.7130,0.0674,0.00,0.00,0.00,0.00,0.00,0.00,0.00,0.00
NVDA,1749246008139,141.7100,141.7100,141.7200,200,300,183938,141.7000,141.7000,141.7000,141.7000,0.0100,142.1564,31.3157,141.7237,141.7691,141.7130,0.0674,0.00,0.00,0.00,0.00,0.00,0.00,0.00,0.00
NVDA,1749246008139,141.7200,141.7100,141.7200,200,300,184038,141.7000,141.7000,141.7000,141.7000,0.0100,142.1564,31.3157,141.7237,141.7691,141.7130,0.0674,0.00,0.00,0.00,0.00,0.00,0.00,0.00,0.00
NVDA,1749246008139,141.7100,141.7100,141.7200,200,300,184063,141.7000,141.7000,141.7000,141.7000,0.0100,142.1564,31.3157,141.7237,141.7691,141.7130,0.0674,0.00,0.00,0.00,0.00,0.00,0.00,0.00,0.00
NVDA,1749246008139,141.7100,141.7100,141.7200,100,300,184063,141.7000,141.7000,141.7000,141.7000,0.0100,142.1564,31.3157,141.7237,141.7691,141.7130,0.0674,0.00,0.00,0.00,0.00,0.00,0.00,0.00,0.00
NVDA,1749246010794,141.7100,141.7100,141.7200,100,300,184063,141.7000,141.7000,141.7000,141.7000,0.0100,142.1564,31.3157,141.7237,141.7691,141.7130,0.0674,0.00,0.00,0.00,0.00,0.00,0.00,0.00,0.00
NVDA,1749246011013,141.7100,141.7100,141.7200,100,300,184063,141.7100,141.7200,141.7100,141.7200,0.0100,142.1564,31.3157,141.7237,141.7691,141.7130,0.0674,0.00,0.00,0.00,0.00,0.00,0.00,0.00,0.00
NVDA,1749246011365,141.7100,141.7100,141.7200,100,300,184163,141.7100,141.7200,141.7100,141.7200,0.0100,142.1564,31.3157,141.7237,141.7691,141.7130,0.0674,0.00,0.00,0.00,0.00,0.00,0.00,0.00,0.00
NVDA,1749246013798,141.7100,141.7100,141.7200,100,300,184163,141.7100,141.7200,141.7100,141.7200,0.0100,142.1564,31.3157,141.7237,141.7691,141.7130,0.0674,0.00,0.00,0.00,0.00,0.00,0.00,0.00,0.00
NVDA,1749246014341,141.7100,141.7100,141.7200,100,300,184164,141.7100,141.7200,141.7100,141.7200,0.0100,142.1564,31.3157,141.7237,141.7691,141.7130,0.0674,0.00,0.00,0.00,0.00,0.00,0.00,0.00,0.00
NVDA,1749246014551,141.7100,141.7100,141.7200,100,300,184164,141.7100,141.7200,141.7100,141.7200,0.0100,142.1564,31.3157,141.7237,141.7691,141.7130,0.0674,0.00,0.00,0.00,0.00,0.00,0.00,0.00,0.00
NVDA,1749246014978,141.7200,141.7100,141.7200,100,300,184166,141.7100,141.7200,141.7100,141.7200,0.0100,142.1564,31.3157,141.7237,141.7691,141.7130,0.0674,0.00,0.00,0.00,0.00,0.00,0.00,0.00,0.00
NVDA,1749246016023,141.7200,141.7100,141.7200,100,300,184166,141.7100,141.7100,141.7100,141.7100,0.0100,142.1564,31.3157,141.7237,141.7691,141.7130,0.0674,0.00,0.00,0.00,0.00,0.00,0.00,0.00,0.00
NVDA,1749246017553,141.7200,141.7100,141.7200,100,300,184166,141.7100,141.7100,141.7100,141.7100,0.0100,142.1564,31.3157,141.7237,141.7691,141.7130,0.0674,0.00,0.00,0.00,0.00,0.00,0.00,0.00,0.00
NVDA,1749246018190,141.7200,141.7100,141.7200,100,300,184175,141.7100,141.7100,141.7100,141.7100,0.0100,142.1564,31.3157,141.7237,141.7691,141.7130,0.0674,0.00,0.00,0.00,0.00,0.00,0.00,0.00,0.00
NVDA,1749246018560,141.7200,141.7100,141.7200,100,300,184175,141.7100,141.7100,141.7100,141.7100,0.0100,142.1564,31.3157,141.7237,141.7691,141.7130,0.0674,0.00,0.00,0.00,0.00,0.00,0.00,0.00,0.00
NVDA,1749246019276,141.7100,141.7100,141.7200,100,300,184215,141.7100,141.7100,141.7100,141.7100,0.0100,142.1564,31.3157,141.7237,141.7691,141.7130,0.0674,0.00,0.00,0.00,0.00,0.00,0.00,0.00,0.00
NVDA,1749246019922,141.7100,141.7100,141.7200,100,300,184223,141.7100,141.7100,141.7100,141.7100,0.0100,142.1564,31.3157,141.7237,141.7691,141.7130,0.0674,0.00,0.00,0.00,0.00,0.00,0.00,0.00,0.00
NVDA,1749246021027,141.7100,141.7100,141.7200,100,300,184223,141.7100,141.7100,141.7100,141.7100,0.0100,142.1564,31.3157,141.7237,141.7691,141.7130,0.0674,0.00,0.00,0.00,0.00,0.00,0.00,0.00,0.00
NVDA,1749246021271,141.7100,141.7000,141.7200,100,300,184223,141.7100,141.7100,141.7100,141.7100,0.0200,142.1564,31.3157,141.7237,141.7691,141.7130,0.0674,0.00,0.00,0.00,0.00,0.00,0.00,0.00,0.00
NVDA,1749246021271,141.7100,141.7000,141.7200,200,300,184223,141.7100,141.7100,141.7100,141.7100,0.0200,142.1564,31.3157,141.7237,141.7691,141.7130,0.0674,0.00,0.00,0.00,0.00,0.00,0.00,0.00,0.00
NVDA,1749246023320,141.7100,141.7000,141.7200,200,300,184223,141.7100,141.7100,141.7100,141.7100,0.0200,142.1564,31.3157,141.7237,141.7691,141.7130,0.0674,0.00,0.00,0.00,0.00,0.00,0.00,0.00,0.00
NVDA,1749246023944,141.7200,141.7000,141.7200,200,300,184523,141.7100,141.7100,141.7100,141.7100,0.0200,142.1564,31.3157,141.7237,141.7691,141.7130,0.0674,0.00,0.00,0.00,0.00,0.00,0.00,0.00,0.00
NVDA,1749246024324,141.7200,141.7000,141.7200,200,300,184523,141.7100,141.7100,141.7100,141.7100,0.0200,142.1564,31.3157,141.7237,141.7691,141.7130,0.0674,0.00,0.00,0.00,0.00,0.00,0.00,0.00,0.00
NVDA,1749246024828,141.7000,141.7000,141.7200,200,300,184745,141.7100,141.7100,141.7100,141.7100,0.0200,142.1564,31.3157,141.7237,141.7691,141.7130,0.0674,0.00,0.00,0.00,0.00,0.00,0.00,0.00,0.00
NVDA,1749246026027,141.7000,141.7000,141.7200,200,300,184745,141.7200,141.7200,141.7000,141.7000,0.0200,142.1564,31.3157,141.7237,141.7691,141.7130,0.0674,0.00,0.00,0.00,0.00,0.00,0.00,0.00,0.00
NVDA,1749246029316,141.7000,141.7000,141.7200,200,300,184745,141.7200,141.7200,141.7000,141.7000,0.0200,142.1564,31.3157,141.7237,141.7691,141.7130,0.0674,0.00,0.00,0.00,0.00,0.00,0.00,0.00,0.00
NVDA,1749246029876,141.7100,141.7000,141.7200,200,300,184746,141.7200,141.7200,141.7000,141.7000,0.0200,142.1564,31.3157,141.7237,141.7691,141.7130,0.0674,0.00,0.00,0.00,0.00,0.00,0.00,0.00,0.00
NVDA,1749246030569,141.7100,141.7000,141.7200,200,300,184746,141.7200,141.7200,141.7000,141.7000,0.0200,142.1564,31.3157,141.7237,141.7691,141.7130,0.0674,0.00,0.00,0.00,0.00,0.00,0.00,0.00,0.00
NVDA,1749246031022,141.7100,141.7000,141.7200,200,300,184746,141.7000,141.7000,141.7000,141.7000,0.0200,142.1564,31.3157,141.7237,141.7691,141.7130,0.0674,0.00,0.00,0.00,0.00,0.00,0.00,0.00,0.00
NVDA,1749246031277,141.7200,141.7000,141.7200,200,300,184748,141.7000,141.7000,141.7000,141.7000,0.0200,142.1564,31.3157,141.7237,141.7691,141.7130,0.0674,0.00,0.00,0.00,0.00,0.00,0.00,0.00,0.00
NVDA,1749246033825,141.7200,141.7000,141.7200,200,300,184748,141.7000,141.7000,141.7000,141.7000,0.0200,142.1564,31.3157,141.7237,141.7691,141.7130,0.0674,0.00,0.00,0.00,0.00,0.00,0.00,0.00,0.00
NVDA,1749246034515,141.7100,141.7000,141.7200,200,300,184749,141.7000,141.7000,141.7000,141.7000,0.0200,142.1564,31.3157,141.7237,141.7691,141.7130,0.0674,0.00,0.00,0.00,0.00,0.00,0.00,0.00,0.00
NVDA,1749246036013,141.7100,141.7000,141.7200,200,300,184749,141.7000,141.7000,141.7000,141.7000,0.0200,142.1564,31.3157,141.7237,141.7691,141.7130,0.0674,0.00,0.00,0.00,0.00,0.00,0.00,0.00,0.00
NVDA,1749246036583,141.7100,141.7000,141.7200,200,300,184749,141.7000,141.7000,141.7000,141.7000,0.0200,142.1564,31.3157,141.7237,141.7691,141.7130,0.0674,0.00,0.00,0.00,0.00,0.00,0.00,0.00,0.00
NVDA,1749246037069,141.7200,141.7000,141.7200,200,300,184750,141.7000,141.7000,141.7000,141.7000,0.0200,142.1564,31.3157,141.7237,141.7691,141.7130,0.0674,0.00,0.00,0.00,0.00,0.00,0.00,0.00,0.00
NVDA,1749246038336,141.7200,141.7000,141.7200,200,300,184750,141.7000,141.7000,141.7000,141.7000,0.0200,142.1564,31.3157,141.7237,141.7691,141.7130,0.0674,0.00,0.00,0.00,0.00,0.00,0.00,0.00,0.00
NVDA,1749246038911,141.7100,141.7000,141.7200,200,300,184752,141.7000,141.7000,141.7000,141.7000,0.0200,142.1564,31.3157,141.7237,141.7691,141.7130,0.0674,0.00,0.00,0.00,0.00,0.00,0.00,0.00,0.00
NVDA,1749246039834,141.7100,141.7000,141.7200,200,300,184752,141.7000,141.7000,141.7000,141.7000,0.0200,142.1564,31.3157,141.7237,141.7691,141.7130,0.0674,0.00,0.00,0.00,0.00,0.00,0.00,0.00,0.00
NVDA,1749246040084,141.7100,141.7000,141.7200,200,300,184752,141.7000,141.7000,141.7000,141.7000,0.0200,142.1564,31.3157,141.7237,141.7691,141.7130,0.0674,0.00,0.00,0.00,0.00,0.00,0.00,0.00,0.00
NVDA,1749246040212,141.7000,141.7000,141.7200,200,300,184762,141.7000,141.7000,141.7000,141.7000,0.0200,142.1564,31.3157,141.7237,141.7691,141.7130,0.0674,0.00,0.00,0.00,0.00,0.00,0.00,0.00,0.00
NVDA,1749246040212,141.7100,141.7000,141.7200,200,300,184772,141.7000,141.7000,141.7000,141.7000,0.0200,142.1564,31.3157,141.7237,141.7691,141.7130,0.0674,0.00,0.00,0.00,0.00,0.00,0.00,0.00,0.00
NVDA,1749246041009,141.7100,141.7000,141.7200,200,300,184798,141.7000,141.7000,141.7000,141.7000,0.0200,142.1564,31.3157,141.7237,141.7691,141.7130,0.0674,0.00,0.00,0.00,0.00,0.00,0.00,0.00,0.00
NVDA,1749246044340,141.7100,141.7000,141.7200,200,300,184798,141.7000,141.7000,141.7000,141.7000,0.0200,142.1564,31.3157,141.7237,141.7691,141.7130,0.0674,0.00,0.00,0.00,0.00,0.00,0.00,0.00,0.00
NVDA,1749246044997,141.7100,141.7000,141.7200,200,300,184799,141.7000,141.7000,141.7000,141.7000,0.0200,142.1564,31.3157,141.7237,141.7691,141.7130,0.0674,0.00,0.00,0.00,0.00,0.00,0.00,0.00,0.00
NVDA,1749246045086,141.7100,141.7000,141.7200,200,300,184799,141.7000,141.7000,141.7000,141.7000,0.0200,142.1564,31.3157,141.7237,141.7691,141.7130,0.0674,0.00,0.00,0.00,0.00,0.00,0.00,0.00,0.00
NVDA,1749246045623,141.7100,141.7000,141.7200,200,300,184800,141.7000,141.7000,141.7000,141.7000,0.0200,142.1564,31.3157,141.7237,141.7691,141.7130,0.0674,0.00,0.00,0.00,0.00,0.00,0.00,0.00,0.00
NVDA,1749246046015,141.7100,141.7000,141.7200,200,300,184800,141.7000,141.7000,141.7000,141.7000,0.0200,142.1564,31.3157,141.7237,141.7691,141.7130,0.0674,0.00,0.00,0.00,0.00,0.00,0.00,0.00,0.00
NVDA,1749246048350,141.7100,141.7000,141.7200,200,300,184800,141.7000,141.7000,141.7000,141.7000,0.0200,142.1564,31.3157,141.7237,141.7691,141.7130,0.0674,0.00,0.00,0.00,0.00,0.00,0.00,0.00,0.00
NVDA,1749246048596,141.7100,141.7000,141.7200,200,300,184800,141.7000,141.7000,141.7000,141.7000,0.0200,142.1564,31.3157,141.7237,141.7691,141.7130,0.0674,0.00,0.00,0.00,0.00,0.00,0.00,0.00,0.00
NVDA,1749246049051,141.7000,141.7000,141.7200,200,300,185000,141.7000,141.7000,141.7000,141.7000,0.0200,142.1564,31.3157,141.7237,141.7691,141.7130,0.0674,0.00,0.00,0.00,0.00,0.00,0.00,0.00,0.00
NVDA,1749246050289,141.7000,141.7000,141.7200,300,300,185030,141.7000,141.7000,141.7000,141.7000,0.0200,142.1564,31.3157,141.7237,141.7691,141.7130,0.0674,0.00,0.00,0.00,0.00,0.00,0.00,0.00,0.00
NVDA,1749246051019,141.7000,141.7000,141.7200,300,300,185030,141.7000,141.7000,141.7000,141.7000,0.0200,142.1564,31.3157,141.7237,141.7691,141.7130,0.0674,0.00,0.00,0.00,0.00,0.00,0.00,0.00,0.00
NVDA,1749246051102,141.7000,141.7000,141.7200,300,300,185030,141.7000,141.7000,141.7000,141.7000,0.0200,142.1564,31.3157,141.7237,141.7691,141.7130,0.0674,0.00,0.00,0.00,0.00,0.00,0.00,0.00,0.00
NVDA,1749246051640,141.7100,141.7000,141.7200,300,300,185040,141.7000,141.7000,141.7000,141.7000,0.0200,142.1564,31.3157,141.7237,141.7691,141.7130,0.0674,0.00,0.00,0.00,0.00,0.00,0.00,0.00,0.00
NVDA,1749246051640,141.7200,141.7000,141.7200,300,300,185041,141.7000,141.7000,141.7000,141.7000,0.0200,142.1564,31.3157,141.7237,141.7691,141.7130,0.0674,0.00,0.00,0.00,0.00,0.00,0.00,0.00,0.00
NVDA,1749246051640,141.7200,141.7100,141.7200,100,300,185042,141.7000,141.7000,141.7000,141.7000,0.0100,142.1564,31.3157,141.7237,141.7691,141.7130,0.0674,0.00,0.00,0.00,0.00,0.00,0.00,0.00,0.00
NVDA,1749246055601,141.7200,141.7100,141.7200,100,300,185042,141.7000,141.7000,141.7000,141.7000,0.0100,142.1564,31.3157,141.7237,141.7691,141.7130,0.0674,0.00,0.00,0.00,0.00,0.00,0.00,0.00,0.00
NVDA,1749246055767,141.7200,141.7100,141.7200,100,600,185042,141.7000,141.7000,141.7000,141.7000,0.0100,142.1564,31.3157,141.7237,141.7691,141.7130,0.0674,0.00,0.00,0.00,0.00,0.00,0.00,0.00,0.00
NVDA,1749246055767,141.7100,141.7100,141.7200,100,600,185047,141.7000,141.7000,141.7000,141.7000,0.0100,142.1564,31.3157,141.7237,141.7691,141.7130,0.0674,0.00,0.00,0.00,0.00,0.00,0.00,0.00,0.00
NVDA,1749246056020,141.7100,141.7100,141.7200,100,600,185047,141.7000,141.7000,141.7000,141.7000,0.0100,142.1564,31.3157,141.7237,141.7691,141.7130,0.0674,0.00,0.00,0.00,0.00,0.00,0.00,0.00,0.00
NVDA,1749246057107,141.7100,141.7100,141.7200,100,600,185047,141.7000,141.7000,141.7000,141.7000,0.0100,142.1564,31.3157,141.7237,141.7691,141.7130,0.0674,0.00,0.00,0.00,0.00,0.00,0.00,0.00,0.00
NVDA,1749246057847,141.7100,141.7100,141.7200,100,600,185048,141.7000,141.7000,141.7000,141.7000,0.0100,142.1564,31.3157,141.7237,141.7691,141.7130,0.0674,0.00,0.00,0.00,0.00,0.00,0.00,0.00,0.00
NVDA,1749246060360,141.7100,141.7100,141.7200,100,600,185048,141.7000,141.7000,141.7000,141.7000,0.0100,142.1564,33.9010,141.7209,141.7647,141.7115,0.0640,0.00,0.00,0.00,0.00,0.00,0.00,0.00,0.00
NVDA,1749246060902,141.7200,141.7100,141.7200,100,600,185049,141.7000,141.7000,141.7000,141.7000,0.0100,142.1564,33.9010,141.7209,141.7647,141.7115,0.0640,0.00,0.00,0.00,0.00,0.00,0.00,0.00,0.00
NVDA,1749246061019,141.7200,141.7100,141.7200,100,600,185049,141.7000,141.7000,141.7000,141.7000,0.0100,142.1564,33.9010,141.7209,141.7647,141.7115,0.0640,0.00,0.00,0.00,0.00,0.00,0.00,0.00,0.00
NVDA,1749246062116,141.7200,141.7100,141.7200,100,600,185049,141.7000,141.7000,141.7000,141.7000,0.0100,142.1564,33.9010,141.7209,141.7647,141.7115,0.0640,0.00,0.00,0.00,0.00,0.00,0.00,0.00,0.00
NVDA,1749246062850,141.7100,141.7100,141.7200,100,600,185069,141.7000,141.7000,141.7000,141.7000,0.0100,142.1564,33.9010,141.7209,141.7647,141.7115,0.0640,0.00,0.00,0.00,0.00,0.00,0.00,0.00,0.00
NVDA,1749246063862,141.7100,141.7100,141.7200,100,600,185069,141.7000,141.7000,141.7000,141.7000,0.0100,142.1564,33.9010,141.7209,141.7647,141.7115,0.0640,0.00,0.00,0.00,0.00,0.00,0.00,0.00,0.00
NVDA,1749246064332,141.7100,141.7100,141.7200,100,600,185073,141.7000,141.7000,141.7000,141.7000,0.0100,142.1564,33.9010,141.7209,141.7647,141.7115,0.0640,0.00,0.00,0.00,0.00,0.00,0.00,0.00,0.00
NVDA,1749246064332,141.7200,141.7100,141.7200,100,600,185079,141.7000,141.7000,141.7000,141.7000,0.0100,142.1564,33.9010,141.7209,141.7647,141.7115,0.0640,0.00,0.00,0.00,0.00,0.00,0.00,0.00,0.00
NVDA,1749246064332,141.7100,141.7100,141.7200,100,600,185083,141.7000,141.7000,141.7000,141.7000,0.0100,142.1564,33.9010,141.7209,141.7647,141.7115,0.0640,0.00,0.00,0.00,0.00,0.00,0.00,0.00,0.00
NVDA,1749246064614,141.7100,141.7100,141.7200,100,600,185083,141.7000,141.7000,141.7000,141.7000,0.0100,142.1564,33.9010,141.7209,141.7647,141.7115,0.0640,0.00,0.00,0.00,0.00,0.00,0.00,0.00,0.00
NVDA,1749246065263,141.7200,141.7100,141.7200,100,600,185112,141.7000,141.7000,141.7000,141.7000,0.0100,142.1564,33.9010,141.7209,141.7647,141.7115,0.0640,0.00,0.00,0.00,0.00,0.00,0.00,0.00,0.00
NVDA,1749246066020,141.7200,141.7100,141.7200,100,600,185112,141.7000,141.7000,141.7000,141.7000,0.0100,142.1564,33.9010,141.7209,141.7647,141.7115,0.0640,0.00,0.00,0.00,0.00,0.00,0.00,0.00,0.00
NVDA,1749246066865,141.7200,141.7100,141.7200,100,600,185112,141.7000,141.7000,141.7000,141.7000,0.0100,142.1564,33.9010,141.7209,141.7647,141.7115,0.0640,0.00,0.00,0.00,0.00,0.00,0.00,0.00,0.00
NVDA,1749246067374,141.7200,141.7000,141.7200,100,600,185112,141.7000,141.7000,141.7000,141.7000,0.0200,142.1564,33.9010,141.7209,141.7647,141.7115,0.0640,0.00,0.00,0.00,0.00,0.00,0.00,0.00,0.00
NVDA,1749246067374,141.7100,141.7000,141.7200,100,600,185132,141.7000,141.7000,141.7000,141.7000,0.0200,142.1564,33.9010,141.7209,141.7647,141.7115,0.0640,0.00,0.00,0.00,0.00,0.00,0.00,0.00,0.00
NVDA,1749246067869,141.7100,141.7000,141.7200,100,600,185306,141.7000,141.7000,141.7000,141.7000,0.0200,142.1564,33.9010,141.7209,141.7647,141.7115,0.0640,0.00,0.00,0.00,0.00,0.00,0.00,0.00,0.00
NVDA,1749246068406,141.7200,141.7000,141.7200,100,600,185323,141.7000,141.7000,141.7000,141.7000,0.0200,142.1564,33.9010,141.7209,141.7647,141.7115,0.0640,0.00,0.00,0.00,0.00,0.00,0.00,0.00,0.00
NVDA,1749246070374,141.7200,141.7000,141.7200,100,600,185323,141.7000,141.7000,141.7000,141.7000,0.0200,142.1564,33.9010,141.7209,141.7647,141.7115,0.0640,0.00,0.00,0.00,0.00,0.00,0.00,0.00,0.00
NVDA,1749246070951,141.7000,141.7000,141.7200,100,600,185329,141.7000,141.7000,141.7000,141.7000,0.0200,142.1564,33.9010,141.7209,141.7647,141.7115,0.0640,0.00,0.00,0.00,0.00,0.00,0.00,0.00,0.00
NVDA,1749246075372,141.7000,141.7000,141.7200,100,600,185329,141.7100,141.7100,141.7100,141.7100,0.0200,142.1564,33.9010,141.7209,141.7647,141.7115,0.0640,0.00,0.00,0.00,0.00,0.00,0.00,0.00,0.00
NVDA,1749246076008,141.7000,141.7000,141.7200,100,600,185329,141.7100,141.7100,141.7100,141.7100,0.0200,142.1564,33.9010,141.7209,141.7647,141.7115,0.0640,0.00,0.00,0.00,0.00,0.00,0.00,0.00,0.00
NVDA,1749246076106,141.7200,141.7000,141.7200,100,600,185379,141.7100,141.7100,141.7100,141.7100,0.0200,142.1564,33.9010,141.7209,141.7647,141.7115,0.0640,0.00,0.00,0.00,0.00,0.00,0.00,0.00,0.00
NVDA,1749246078374,141.7200,141.7000,141.7200,100,600,185379,141.7100,141.7100,141.7100,141.7100,0.0200,142.1564,33.9010,141.7209,141.7647,141.7115,0.0640,0.00,0.00,0.00,0.00,0.00,0.00,0.00,0.00
NVDA,1749246078898,141.7100,141.7000,141.7200,100,600,185670,141.7100,141.7100,141.7100,141.7100,0.0200,142.1564,33.9010,141.7209,141.7647,141.7115,0.0640,0.00,0.00,0.00,0.00,0.00,0.00,0.00,0.00
NVDA,1749246078898,141.7100,141.7000,141.7100,100,200,185670,141.7100,141.7100,141.7100,141.7100,0.0100,142.1564,33.9010,141.7209,141.7647,141.7115,0.0640,0.00,0.00,0.00,0.00,0.00,0.00,0.00,0.00
NVDA,1749246080634,141.7100,141.7000,141.7100,100,200,185670,141.7100,141.7100,141.7100,141.7100,0.0100,142.1564,33.9010,141.7209,141.7647,141.7115,0.0640,0.00,0.00,0.00,0.00,0.00,0.00,0.00,0.00
NVDA,1749246081019,141.7100,141.7000,141.7100,100,200,185670,141.7100,141.7100,141.7100,141.7100,0.0100,142.1564,33.9010,141.7209,141.7647,141.7115,0.0640,0.00,0.00,0.00,0.00,0.00,0.00,0.00,0.00
NVDA,1749246081633,141.7100,141.7000,141.7100,100,200,185671,141.7100,141.7100,141.7100,141.7100,0.0100,142.1564,33.9010,141.7209,141.7647,141.7115,0.0640,0.00,0.00,0.00,0.00,0.00,0.00,0.00,0.00
NVDA,1749246082133,141.7100,141.7000,141.7100,100,200,185671,141.7100,141.7100,141.7100,141.7100,0.0100,142.1564,33.9010,141.7209,141.7647,141.7115,0.0640,0.00,0.00,0.00,0.00,0.00,0.00,0.00,0.00
NVDA,1749246082367,141.7100,141.7000,141.7100,100,200,185771,141.7100,141.7100,141.7100,141.7100,0.0100,142.1564,33.9010,141.7209,141.7647,141.7115,0.0640,0.00,0.00,0.00,0.00,0.00,0.00,0.00,0.00
NVDA,1749246082885,141.7100,141.7000,141.7100,100,200,185773,141.7100,141.7100,141.7100,141.7100,0.0100,142.1564,33.9010,141.7209,141.7647,141.7115,0.0640,0.00,0.00,0.00,0.00,0.00,0.00,0.00,0.00
NVDA,1749246083412,141.7100,141.7000,141.7100,100,200,185774,141.7100,141.7100,141.7100,141.7100,0.0100,142.1564,33.9010,141.7209,141.7647,141.7115,0.0640,0.00,0.00,0.00,0.00,0.00,0.00,0.00,0.00
NVDA,1749246083412,141.7100,141.7000,141.7200,100,600,185924,141.7100,141.7100,141.7100,141.7100,0.0200,142.1564,33.9010,141.7209,141.7647,141.7115,0.0640,0.00,0.00,0.00,0.00,0.00,0.00,0.00,0.00
NVDA,1749246086009,141.7100,141.7000,141.7200,100,600,185924,141.7100,141.7100,141.7000,141.7100,0.0200,142.1564,33.9010,141.7209,141.7647,141.7115,0.0640,0.00,0.00,0.00,0.00,0.00,0.00,0.00,0.00
NVDA,1749246086886,141.7100,141.7000,141.7200,100,600,185924,141.7100,141.7100,141.7000,141.7100,0.0200,142.1564,33.9010,141.7209,141.7647,141.7115,0.0640,0.00,0.00,0.00,0.00,0.00,0.00,0.00,0.00
NVDA,1749246087433,141.7100,141.7000,141.7200,100,600,185925,141.7100,141.7100,141.7000,141.7100,0.0200,142.1564,33.9010,141.7209,141.7647,141.7115,0.0640,0.00,0.00,0.00,0.00,0.00,0.00,0.00,0.00
NVDA,1749246088141,141.7100,141.7000,141.7200,100,600,185925,141.7100,141.7100,141.7000,141.7100,0.0200,142.1564,33.9010,141.7209,141.7647,141.7115,0.0640,0.00,0.00,0.00,0.00,0.00,0.00,0.00,0.00
NVDA,1749246088479,141.7100,141.7000,141.7200,100,700,185925,141.7100,141.7100,141.7000,141.7100,0.0200,142.1564,33.9010,141.7209,141.7647,141.7115,0.0640,0.00,0.00,0.00,0.00,0.00,0.00,0.00,0.00
NVDA,1749246089389,141.7100,141.7000,141.7200,100,700,185935,141.7100,141.7100,141.7000,141.7100,0.0200,142.1564,33.9010,141.7209,141.7647,141.7115,0.0640,0.00,0.00,0.00,0.00,0.00,0.00,0.00,0.00
NVDA,1749246089702,141.7100,141.7000,141.7200,100,700,186005,141.7100,141.7100,141.7000,141.7100,0.0200,142.1564,33.9010,141.7209,141.7647,141.7115,0.0640,0.00,0.00,0.00,0.00,0.00,0.00,0.00,0.00
NVDA,1749246090387,141.7100,141.7000,141.7200,100,700,186005,141.7100,141.7100,141.7000,141.7100,0.0200,142.1564,33.9010,141.7209,141.7647,141.7115,0.0640,0.00,0.00,0.00,0.00,0.00,0.00,0.00,0.00
NVDA,1749246090640,141.7100,141.7000,141.7200,100,700,186005,141.7100,141.7100,141.7000,141.7100,0.0200,142.1564,33.9010,141.7209,141.7647,141.7115,0.0640,0.00,0.00,0.00,0.00,0.00,0.00,0.00,0.00
NVDA,1749246091017,141.7100,141.7000,141.7200,100,700,186005,141.7100,141.7100,141.7100,141.7100,0.0200,142.1564,33.9010,141.7209,141.7647,141.7115,0.0640,0.00,0.00,0.00,0.00,0.00,0.00,0.00,0.00
NVDA,1749246091108,141.7000,141.7000,141.7200,100,700,186008,141.7100,141.7100,141.7100,141.7100,0.0200,142.1564,33.9010,141.7209,141.7647,141.7115,0.0640,0.00,0.00,0.00,0.00,0.00,0.00,0.00,0.00
NVDA,1749246091108,141.7100,141.7000,141.7200,100,700,186009,141.7100,141.7100,141.7100,141.7100,0.0200,142.1564,33.9010,141.7209,141.7647,141.7115,0.0640,0.00,0.00,0.00,0.00,0.00,0.00,0.00,0.00
NVDA,1749246092142,141.7100,141.7000,141.7200,100,700,186009,141.7100,141.7100,141.7100,141.7100,0.0200,142.1564,33.9010,141.7209,141.7647,141.7115,0.0640,0.00,0.00,0.00,0.00,0.00,0.00,0.00,0.00
NVDA,1749246092709,141.7200,141.7000,141.7200,100,700,186010,141.7100,141.7100,141.7100,141.7100,0.0200,142.1564,33.9010,141.7209,141.7647,141.7115,0.0640,0.00,0.00,0.00,0.00,0.00,0.00,0.00,0.00
NVDA,1749246093140,141.7200,141.7000,141.7200,100,700,186010,141.7100,141.7100,141.7100,141.7100,0.0200,142.1564,33.9010,141.7209,141.7647,141.7115,0.0640,0.00,0.00,0.00,0.00,0.00,0.00,0.00,0.00
NVDA,1749246093819,141.7100,141.7000,141.7200,100,700,186012,141.7100,141.7100,141.7100,141.7100,0.0200,142.1564,33.9010,141.7209,141.7647,141.7115,0.0640,0.00,0.00,0.00,0.00,0.00,0.00,0.00,0.00
NVDA,1749246096015,141.7100,141.7000,141.7200,100,700,186012,141.7100,141.7100,141.7100,141.7100,0.0200,142.1564,33.9010,141.7209,141.7647,141.7115,0.0640,0.00,0.00,0.00,0.00,0.00,0.00,0.00,0.00
NVDA,1749246096656,141.7100,141.7000,141.7100,100,300,186012,141.7100,141.7100,141.7100,141.7100,0.0100,142.1564,33.9010,141.7209,141.7647,141.7115,0.0640,0.00,0.00,0.00,0.00,0.00,0.00,0.00,0.00
NVDA,1749246100901,141.7100,141.7000,141.7100,100,300,186012,141.7100,141.7100,141.7100,141.7100,0.0100,142.1564,33.9010,141.7209,141.7647,141.7115,0.0640,0.00,0.00,0.00,0.00,0.00,0.00,0.00,0.00
NVDA,1749246101006,141.7100,141.7000,141.7100,100,300,186012,141.7100,141.7100,141.7100,141.7100,0.0100,142.1564,33.9010,141.7209,141.7647,141.7115,0.0640,0.00,0.00,0.00,0.00,0.00,0.00,0.00,0.00
NVDA,1749246101538,141.7000,141.7000,141.7100,100,300,186013,141.7100,141.7100,141.7100,141.7100,0.0100,142.1564,33.9010,141.7209,141.7647,141.7115,0.0640,0.00,0.00,0.00,0.00,0.00,0.00,0.00,0.00
NVDA,1749246101656,141.7000,141.7000,141.7100,100,300,186013,141.7100,141.7100,141.7100,141.7100,0.0100,142.1564,33.9010,141.7209,141.7647,141.7115,0.0640,0.00,0.00,0.00,0.00,0.00,0.00,0.00,0.00
NVDA,1749246102261,141.7100,141.7000,141.7100,100,300,186112,141.7100,141.7100,141.7100,141.7100,0.0100,142.1564,33.9010,141.7209,141.7647,141.7115,0.0640,0.00,0.00,0.00,0.00,0.00,0.00,0.00,0.00
NVDA,1749246105658,141.7100,141.7000,141.7100,100,300,186112,141.7100,141.7100,141.7100,141.7100,0.0100,142.1564,33.9010,141.7209,141.7647,141.7115,0.0640,0.00,0.00,0.00,0.00,0.00,0.00,0.00,0.00
NVDA,1749246106016,141.7100,141.7000,141.7100,100,300,186112,141.7100,141.7100,141.7100,141.7100,0.0100,142.1564,33.9010,141.7209,141.7647,141.7115,0.0640,0.00,0.00,0.00,0.00,0.00,0.00,0.00,0.00
NVDA,1749246106116,141.7100,141.6900,141.7100,200,300,186112,141.7100,141.7100,141.7100,141.7100,0.0200,142.1564,33.9010,141.7209,141.7647,141.7115,0.0640,0.00,0.00,0.00,0.00,0.00,0.00,0.00,0.00
NVDA,1749246106116,141.7000,141.6900,141.7100,200,300,186143,141.7100,141.7100,141.7100,141.7100,0.0200,142.1564,33.9010,141.7209,141.7647,141.7115,0.0640,0.00,0.00,0.00,0.00,0.00,0.00,0.00,0.00
NVDA,1749246109076,141.7000,141.7000,141.7100,800,300,186143,141.7100,141.7100,141.7100,141.7100,0.0100,142.1564,33.9010,141.7209,141.7647,141.7115,0.0640,0.00,0.00,0.00,0.00,0.00,0.00,0.00,0.00
NVDA,1749246111017,141.7000,141.7000,141.7100,800,300,186143,141.7100,141.7100,141.7100,141.7100,0.0100,142.1564,33.9010,141.7209,141.7647,141.7115,0.0640,0.00,0.00,0.00,0.00,0.00,0.00,0.00,0.00
NVDA,1749246112167,141.7000,141.7000,141.7100,800,300,186143,141.7100,141.7100,141.7100,141.7100,0.0100,142.1564,33.9010,141.7209,141.7647,141.7115,0.0640,0.00,0.00,0.00,0.00,0.00,0.00,0.00,0.00
NVDA,1749246112167,141.7000,141.7000,141.7100,1000,300,186143,141.7100,141.7100,141.7100,141.7100,0.0100,142.1564,33.9010,141.7209,141.7647,141.7115,0.0640,0.00,0.00,0.00,0.00,0.00,0.00,0.00,0.00
NVDA,1749246112167,141.7000,141.7000,141.7200,1000,600,186143,141.7100,141.7100,141.7100,141.7100,0.0200,142.1564,33.9010,141.7209,141.7647,141.7115,0.0640,0.00,0.00,0.00,0.00,0.00,0.00,0.00,0.00
NVDA,1749246112167,141.7100,141.7000,141.7200,1000,600,186144,141.7100,141.7100,141.7100,141.7100,0.0200,142.1564,33.9010,141.7209,141.7647,141.7115,0.0640,0.00,0.00,0.00,0.00,0.00,0.00,0.00,0.00
NVDA,1749246113167,141.7100,141.7000,141.7200,1000,600,186513,141.7100,141.7100,141.7100,141.7100,0.0200,142.1564,33.9010,141.7209,141.7647,141.7115,0.0640,0.00,0.00,0.00,0.00,0.00,0.00,0.00,0.00
NVDA,1749246113743,141.7000,141.7000,141.7200,1000,600,186515,141.7100,141.7100,141.7100,141.7100,0.0200,142.1564,33.9010,141.7209,141.7647,141.7115,0.0640,0.00,0.00,0.00,0.00,0.00,0.00,0.00,0.00
NVDA,1749246113743,141.7000,141.7100,141.7200,500,600,186515,141.7100,141.7100,141.7100,141.7100,0.0100,142.1564,33.9010,141.7209,141.7647,141.7115,0.0640,0.00,0.00,0.00,0.00,0.00,0.00,0.00,0.00
NVDA,1749246113922,141.7000,141.7100,141.7200,500,600,186515,141.7100,141.7100,141.7100,141.7100,0.0100,142.1564,33.9010,141.7209,141.7647,141.7115,0.0640,0.00,0.00,0.00,0.00,0.00,0.00,0.00,0.00
NVDA,1749246114275,141.7100,141.7100,141.7200,500,600,186625,141.7100,141.7100,141.7100,141.7100,0.0100,142.1564,33.9010,141.7209,141.7647,141.7115,0.0640,0.00,0.00,0.00,0.00,0.00,0.00,0.00,0.00
NVDA,1749246114275,141.7100,141.7100,141.7200,300,600,186625,141.7100,141.7100,141.7100,141.7100,0.0100,142.1564,33.9010,141.7209,141.7647,141.7115,0.0640,0.00,0.00,0.00,0.00,0.00,0.00,0.00,0.00
NVDA,1749246116009,141.7100,141.7100,141.7200,300,600,186625,141.7100,141.7100,141.7100,141.7100,0.0100,142.1564,33.9010,141.7209,141.7647,141.7115,0.0640,0.00,0.00,0.00,0.00,0.00,0.00,0.00,0.00
NVDA,1749246119677,141.7100,141.7100,141.7200,300,600,186625,141.7100,141.7100,141.7100,141.7100,0.0100,142.1564,33.9010,141.7209,141.7647,141.7115,0.0640,0.00,0.00,0.00,0.00,0.00,0.00,0.00,0.00
NVDA,1749246120274,141.7100,141.7100,141.7200,300,600,186630,141.7100,141.7100,141.7100,141.7100,0.0100,142.1564,33.9010,141.7187,141.7607,141.7105,0.0609,0.00,0.00,0.00,0.00,0.00,0.00,0.00,0.00
NVDA,1749246120674,141.7100,141.7100,141.7200,300,600,186630,141.7100,141.7100,141.7100,141.7100,0.0100,142.1564,33.9010,141.7187,141.7607,141.7105,0.0609,0.00,0.00,0.00,0.00,0.00,0.00,0.00,0.00
NVDA,1749246120960,141.7100,141.7100,141.7200,300,600,186630,141.7100,141.7100,141.7100,141.7100,0.0100,142.1564,33.9010,141.7187,141.7607,141.7105,0.0609,0.00,0.00,0.00,0.00,0.00,0.00,0.00,0.00
NVDA,1749246121218,141.7100,141.7100,141.7200,300,600,186640,141.7100,141.7100,141.7100,141.7100,0.0100,142.1564,33.9010,141.7187,141.7607,141.7105,0.0609,0.00,0.00,0.00,0.00,0.00,0.00,0.00,0.00
NVDA,1749246122926,141.7100,141.7100,141.7200,300,600,186870,141.7100,141.7100,141.7100,141.7100,0.0100,142.1564,33.9010,141.7187,141.7607,141.7105,0.0609,0.00,0.00,0.00,0.00,0.00,0.00,0.00,0.00
NVDA,1749246123513,141.7200,141.7100,141.7200,300,600,186885,141.7100,141.7100,141.7100,141.7100,0.0100,142.1564,33.9010,141.7187,141.7607,141.7105,0.0609,0.00,0.00,0.00,0.00,0.00,0.00,0.00,0.00
NVDA,1749246124436,141.7200,141.7100,141.7200,300,600,186885,141.7100,141.7100,141.7100,141.7100,0.0100,142.1564,33.9010,141.7187,141.7607,141.7105,0.0609,0.00,0.00,0.00,0.00,0.00,0.00,0.00,0.00
NVDA,1749246125009,141.7100,141.7100,141.7200,300,600,186895,141.7100,141.7100,141.7100,141.7100,0.0100,142.1564,33.9010,141.7187,141.7607,141.7105,0.0609,0.00,0.00,0.00,0.00,0.00,0.00,0.00,0.00
NVDA,1749246125009,141.7100,141.7100,141.7200,300,1400,186995,141.7100,141.7100,141.7100,141.7100,0.0100,142.1564,33.9010,141.7187,141.7607,141.7105,0.0609,0.00,0.00,0.00,0.00,0.00,0.00,0.00,0.00
NVDA,1749246125438,141.7100,141.7100,141.7200,300,1400,186995,141.7100,141.7100,141.7100,141.7100,0.0100,142.1564,33.9010,141.7187,141.7607,141.7105,0.0609,0.00,0.00,0.00,0.00,0.00,0.00,0.00,0.00
NVDA,1749246126013,141.7100,141.7100,141.7200,300,1400,186995,141.7100,141.7100,141.7100,141.7100,0.0100,142.1564,33.9010,141.7187,141.7607,141.7105,0.0609,0.00,0.00,0.00,0.00,0.00,0.00,0.00,0.00
NVDA,1749246126165,141.7100,141.7100,141.7200,300,1400,186996,141.7100,141.7100,141.7100,141.7100,0.0100,142.1564,33.9010,141.7187,141.7607,141.7105,0.0609,0.00,0.00,0.00,0.00,0.00,0.00,0.00,0.00
NVDA,1749246128684,141.7100,141.7100,141.7200,300,1400,186996,141.7100,141.7100,141.7100,141.7100,0.0100,142.1564,33.9010,141.7187,141.7607,141.7105,0.0609,0.00,0.00,0.00,0.00,0.00,0.00,0.00,0.00
NVDA,1749246129335,141.7100,141.7100,141.7200,300,1400,186997,141.7100,141.7100,141.7100,141.7100,0.0100,142.1564,33.9010,141.7187,141.7607,141.7105,0.0609,0.00,0.00,0.00,0.00,0.00,0.00,0.00,0.00
NVDA,1749246131019,141.7100,141.7100,141.7200,300,1400,186997,141.7100,141.7100,141.7100,141.7100,0.0100,142.1564,33.9010,141.7187,141.7607,141.7105,0.0609,0.00,0.00,0.00,0.00,0.00,0.00,0.00,0.00
NVDA,1749246131192,141.7100,141.7100,141.7200,300,1400,186997,141.7100,141.7100,141.7100,141.7100,0.0100,142.1564,33.9010,141.7187,141.7607,141.7105,0.0609,0.00,0.00,0.00,0.00,0.00,0.00,0.00,0.00
NVDA,1749246131441,141.7100,141.7100,141.7200,300,1400,186997,141.7100,141.7100,141.7100,141.7100,0.0100,142.1564,33.9010,141.7187,141.7607,141.7105,0.0609,0.00,0.00,0.00,0.00,0.00,0.00,0.00,0.00
NVDA,1749246131947,141.7100,141.7100,141.7200,300,1400,186997,141.7100,141.7100,141.7100,141.7100,0.0100,142.1564,33.9010,141.7187,141.7607,141.7105,0.0609,0.00,0.00,0.00,0.00,0.00,0.00,0.00,0.00
NVDA,1749246131947,141.7200,141.7100,141.7200,300,1400,187039,141.7100,141.7100,141.7100,141.7100,0.0100,142.1564,33.9010,141.7187,141.7607,141.7105,0.0609,0.00,0.00,0.00,0.00,0.00,0.00,0.00,0.00
NVDA,1749246131947,141.7100,141.7100,141.7200,300,1400,187041,141.7100,141.7100,141.7100,141.7100,0.0100,142.1564,33.9010,141.7187,141.7607,141.7105,0.0609,0.00,0.00,0.00,0.00,0.00,0.00,0.00,0.00
NVDA,1749246133443,141.7100,141.7100,141.7200,300,1400,187041,141.7100,141.7100,141.7100,141.7100,0.0100,142.1564,33.9010,141.7187,141.7607,141.7105,0.0609,0.00,0.00,0.00,0.00,0.00,0.00,0.00,0.00
NVDA,1749246134076,141.7200,141.7100,141.7200,300,1400,187045,141.7100,141.7100,141.7100,141.7100,0.0100,142.1564,33.9010,141.7187,141.7607,141.7105,0.0609,0.00,0.00,0.00,0.00,0.00,0.00,0.00,0.00
NVDA,1749246134690,141.7200,141.7100,141.7200,300,1400,187045,141.7100,141.7100,141.7100,141.7100,0.0100,142.1564,33.9010,141.7187,141.7607,141.7105,0.0609,0.00,0.00,0.00,0.00,0.00,0.00,0.00,0.00
NVDA,1749246135302,141.7200,141.7100,141.7200,300,1400,187073,141.7100,141.7100,141.7100,141.7100,0.0100,142.1564,33.9010,141.7187,141.7607,141.7105,0.0609,0.00,0.00,0.00,0.00,0.00,0.00,0.00,0.00
NVDA,1749246136009,141.7200,141.7100,141.7200,300,1400,187073,141.7100,141.7100,141.7100,141.7100,0.0100,142.1564,33.9010,141.7187,141.7607,141.7105,0.0609,0.00,0.00,0.00,0.00,0.00,0.00,0.00,0.00
NVDA,1749246137703,141.7200,141.7100,141.7200,300,1400,187073,141.7100,141.7100,141.7100,141.7100,0.0100,142.1564,33.9010,141.7187,141.7607,141.7105,0.0609,0.00,0.00,0.00,0.00,0.00,0.00,0.00,0.00
NVDA,1749246138249,141.7200,141.7100,141.7200,300,1400,187083,141.7100,141.7100,141.7100,141.7100,0.0100,142.1564,33.9010,141.7187,141.7607,141.7105,0.0609,0.00,0.00,0.00,0.00,0.00,0.00,0.00,0.00
NVDA,1749246139197,141.7200,141.7100,141.7200,300,1400,187093,141.7100,141.7100,141.7100,141.7100,0.0100,142.1564,33.9010,141.7187,141.7607,141.7105,0.0609,0.00,0.00,0.00,0.00,0.00,0.00,0.00,0.00
NVDA,1749246139596,141.7100,141.7100,141.7200,300,1400,187163,141.7100,141.7100,141.7100,141.7100,0.0100,142.1564,33.9010,141.7187,141.7607,141.7105,0.0609,0.00,0.00,0.00,0.00,0.00,0.00,0.00,0.00
NVDA,1749246140199,141.7100,141.7100,141.7200,300,1400,187163,141.7100,141.7100,141.7100,141.7100,0.0100,142.1564,33.9010,141.7187,141.7607,141.7105,0.0609,0.00,0.00,0.00,0.00,0.00,0.00,0.00,0.00
NVDA,1749246140694,141.7100,141.7100,141.7200,300,1400,187168,141.7100,141.7100,141.7100,141.7100,0.0100,142.1564,33.9010,141.7187,141.7607,141.7105,0.0609,0.00,0.00,0.00,0.00,0.00,0.00,0.00,0.00
NVDA,1749246141010,141.7100,141.7100,141.7200,300,1400,187168,141.7100,141.7100,141.7100,141.7100,0.0100,142.1564,33.9010,141.7187,141.7607,141.7105,0.0609,0.00,0.00,0.00,0.00,0.00,0.00,0.00,0.00
NVDA,1749246141700,141.7100,141.7100,141.7200,300,1400,187168,141.7100,141.7100,141.7100,141.7100,0.0100,142.1564,33.9010,141.7187,141.7607,141.7105,0.0609,0.00,0.00,0.00,0.00,0.00,0.00,0.00,0.00
NVDA,1749246142306,141.7100,141.7100,141.7200,300,1100,187168,141.7100,141.7100,141.7100,141.7100,0.0100,142.1564,33.9010,141.7187,141.7607,141.7105,0.0609,0.00,0.00,0.00,0.00,0.00,0.00,0.00,0.00
NVDA,1749246142306,141.7200,141.7100,141.7200,300,1100,187430,141.7100,141.7100,141.7100,141.7100,0.0100,142.1564,33.9010,141.7187,141.7607,141.7105,0.0609,0.00,0.00,0.00,0.00,0.00,0.00,0.00,0.00
NVDA,1749246144203,141.7200,141.7100,141.7200,300,1100,187468,141.7100,141.7100,141.7100,141.7100,0.0100,142.1564,33.9010,141.7187,141.7607,141.7105,0.0609,0.00,0.00,0.00,0.00,0.00,0.00,0.00,0.00
NVDA,1749246144707,141.7200,141.7100,141.7200,300,1100,187468,141.7100,141.7100,141.7100,141.7100,0.0100,142.1564,33.9010,141.7187,141.7607,141.7105,0.0609,0.00,0.00,0.00,0.00,0.00,0.00,0.00,0.00
NVDA,1749246144960,141.7100,141.7100,141.7200,300,1100,187469,141.7100,141.7100,141.7100,141.7100,0.0100,142.1564,33.9010,141.7187,141.7607,141.7105,0.0609,0.00,0.00,0.00,0.00,0.00,0.00,0.00,0.00
NVDA,1749246145211,141.7100,141.7100,141.7200,300,1100,187479,141.7100,141.7100,141.7100,141.7100,0.0100,142.1564,33.9010,141.7187,141.7607,141.7105,0.0609,0.00,0.00,0.00,0.00,0.00,0.00,0.00,0.00
NVDA,1749246145545,141.7100,141.7000,141.7200,1300,1100,187479,141.7100,141.7100,141.7100,141.7100,0.0200,142.1564,33.9010,141.7187,141.7607,141.7105,0.0609,0.00,0.00,0.00,0.00,0.00,0.00,0.00,0.00
NVDA,1749246145545,141.7100,141.7000,141.7100,800,5000,187479,141.7100,141.7100,141.7100,141.7100,0.0100,142.1564,33.9010,141.7187,141.7607,141.7105,0.0609,0.00,0.00,0.00,0.00,0.00,0.00,0.00,0.00
NVDA,1749246145545,141.7100,141.7000,141.7100,800,4900,187479,141.7100,141.7100,141.7100,141.7100,0.0100,142.1564,33.9010,141.7187,141.7607,141.7105,0.0609,0.00,0.00,0.00,0.00,0.00,0.00,0.00,0.00
NVDA,1749246145545,141.7000,141.7000,141.7100,800,4900,189159,141.7100,141.7100,141.7100,141.7100,0.0100,142.1564,33.9010,141.7187,141.7607,141.7105,0.0609,0.00,0.00,0.00,0.00,0.00,0.00,0.00,0.00
NVDA,1749246145545,141.6900,141.7000,141.7100,800,4900,189251,141.7100,141.7100,141.7100,141.7100,0.0100,142.1564,33.9010,141.7187,141.7607,141.7105,0.0609,0.00,0.00,0.00,0.00,0.00,0.00,0.00,0.00
NVDA,1749246146017,141.6900,141.7000,141.7100,800,4900,189261,141.7200,141.7200,141.7000,141.7000,0.0100,142.1564,33.9010,141.7187,141.7607,141.7105,0.0609,0.00,0.00,0.00,0.00,0.00,0.00,0.00,0.00
NVDA,1749246146280,141.6900,141.7000,141.7100,800,4900,189261,141.7200,141.7200,141.7000,141.7000,0.0100,142.1564,33.9010,141.7187,141.7607,141.7105,0.0609,0.00,0.00,0.00,0.00,0.00,0.00,0.00,0.00
NVDA,1749246146960,141.7000,141.7000,141.7100,800,4900,189311,141.7200,141.7200,141.7000,141.7000,0.0100,142.1564,33.9010,141.7187,141.7607,141.7105,0.0609,0.00,0.00,0.00,0.00,0.00,0.00,0.00,0.00
NVDA,1749246147465,141.7000,141.7000,141.7100,800,4800,189311,141.7200,141.7200,141.7000,141.7000,0.0100,142.1564,33.9010,141.7187,141.7607,141.7105,0.0609,0.00,0.00,0.00,0.00,0.00,0.00,0.00,0.00
NVDA,1749246148720,141.7000,141.7000,141.7100,800,4800,189311,141.7200,141.7200,141.7000,141.7000,0.0100,142.1564,33.9010,141.7187,141.7607,141.7105,0.0609,0.00,0.00,0.00,0.00,0.00,0.00,0.00,0.00
NVDA,1749246149239,141.7000,141.7000,141.7100,500,4800,189311,141.7200,141.7200,141.7000,141.7000,0.0100,142.1564,33.9010,141.7187,141.7607,141.7105,0.0609,0.00,0.00,0.00,0.00,0.00,0.00,0.00,0.00
NVDA,1749246149239,141.7000,141.6900,141.7100,100,4800,189311,141.7200,141.7200,141.7000,141.7000,0.0200,142.1564,33.9010,141.7187,141.7607,141.7105,0.0609,0.00,0.00,0.00,0.00,0.00,0.00,0.00,0.00
NVDA,1749246151020,141.7000,141.6900,141.7100,100,4800,190111,141.7000,141.7000,141.7000,141.7000,0.0200,142.1564,33.9010,141.7187,141.7607,141.7105,0.0609,0.00,0.00,0.00,0.00,0.00,0.00,0.00,0.00
NVDA,1749246152216,141.7000,141.6900,141.7100,100,4800,190111,141.7000,141.7000,141.7000,141.7000,0.0200,142.1564,33.9010,141.7187,141.7607,141.7105,0.0609,0.00,0.00,0.00,0.00,0.00,0.00,0.00,0.00
NVDA,1749246152905,141.7000,141.6800,141.7000,500,100,190111,141.7000,141.7000,141.7000,141.7000,0.0200,142.1564,33.9010,141.7187,141.7607,141.7105,0.0609,0.00,0.00,0.00,0.00,0.00,0.00,0.00,0.00
NVDA,1749246152905,141.7000,141.6800,141.6900,500,100,190111,141.7000,141.7000,141.7000,141.7000,0.0100,142.1564,33.9010,141.7187,141.7607,141.7105,0.0609,0.00,0.00,0.00,0.00,0.00,0.00,0.00,0.00
NVDA,1749246152905,141.7000,141.6800,141.7000,500,100,190111,141.7000,141.7000,141.7000,141.7000,0.0200,142.1564,33.9010,141.7187,141.7607,141.7105,0.0609,0.00,0.00,0.00,0.00,0.00,0.00,0.00,0.00
NVDA,1749246152905,141.7000,141.6800,141.7100,500,4900,190111,141.7000,141.7000,141.7000,141.7000,0.0300,142.1564,33.9010,141.7187,141.7607,141.7105,0.0609,0.00,0.00,0.00,0.00,0.00,0.00,0.00,0.00
NVDA,1749246152905,141.7000,141.6800,141.7100,500,4800,190111,141.7000,141.7000,141.7000,141.7000,0.0300,142.1564,33.9010,141.7187,141.7607,141.7105,0.0609,0.00,0.00,0.00,0.00,0.00,0.00,0.00,0.00
NVDA,1749246152905,141.7100,141.6800,141.7100,500,4800,190121,141.7000,141.7000,141.7000,141.7000,0.0300,142.1564,33.9010,141.7187,141.7607,141.7105,0.0609,0.00,0.00,0.00,0.00,0.00,0.00,0.00,0.00
NVDA,1749246152905,141.6900,141.6800,141.7100,500,4800,190221,141.7000,141.7000,141.7000,141.7000,0.0300,142.1564,33.9010,141.7187,141.7607,141.7105,0.0609,0.00,0.00,0.00,0.00,0.00,0.00,0.00,0.00
NVDA,1749246152905,141.6700,141.6800,141.7100,500,4800,190311,141.7000,141.7000,141.7000,141.7000,0.0300,142.1564,33.9010,141.7187,141.7607,141.7105,0.0609,0.00,0.00,0.00,0.00,0.00,0.00,0.00,0.00
NVDA,1749246152905,141.6900,141.6800,141.7100,500,4800,190312,141.7000,141.7000,141.7000,141.7000,0.0300,142.1564,33.9010,141.7187,141.7607,141.7105,0.0609,0.00,0.00,0.00,0.00,0.00,0.00,0.00,0.00
NVDA,1749246153223,141.6900,141.6800,141.7100,500,4800,190322,141.7000,141.7000,141.7000,141.7000,0.0300,142.1564,33.9010,141.7187,141.7607,141.7105,0.0609,0.00,0.00,0.00,0.00,0.00,0.00,0.00,0.00
NVDA,1749246153895,141.6900,141.6800,141.6900,100,100,190322,141.7000,141.7000,141.7000,141.7000,0.0100,142.1564,33.9010,141.7187,141.7607,141.7105,0.0609,0.00,0.00,0.00,0.00,0.00,0.00,0.00,0.00
NVDA,1749246153895,141.6900,141.6800,141.7000,100,200,190322,141.7000,141.7000,141.7000,141.7000,0.0200,142.1564,33.9010,141.7187,141.7607,141.7105,0.0609,0.00,0.00,0.00,0.00,0.00,0.00,0.00,0.00
NVDA,1749246153895,141.6900,141.6800,141.7100,100,4800,190322,141.7000,141.7000,141.7000,141.7000,0.0300,142.1564,33.9010,141.7187,141.7607,141.7105,0.0609,0.00,0.00,0.00,0.00,0.00,0.00,0.00,0.00
NVDA,1749246153895,141.7100,141.6800,141.7100,100,4800,190324,141.7000,141.7000,141.7000,141.7000,0.0300,142.1564,33.9010,141.7187,141.7607,141.7105,0.0609,0.00,0.00,0.00,0.00,0.00,0.00,0.00,0.00
NVDA,1749246153895,141.6800,141.6800,141.7100,100,4800,190325,141.7000,141.7000,141.7000,141.7000,0.0300,142.1564,33.9010,141.7187,141.7607,141.7105,0.0609,0.00,0.00,0.00,0.00,0.00,0.00,0.00,0.00
NVDA,1749246153895,141.6600,141.6800,141.7100,100,4800,190954,141.7000,141.7000,141.7000,141.7000,0.0300,142.1564,33.9010,141.7187,141.7607,141.7105,0.0609,0.00,0.00,0.00,0.00,0.00,0.00,0.00,0.00
NVDA,1749246154492,141.6600,141.6800,141.7100,100,4900,191104,141.7000,141.7000,141.7000,141.7000,0.0300,142.1564,33.9010,141.7187,141.7607,141.7105,0.0609,0.00,0.00,0.00,0.00,0.00,0.00,0.00,0.00
NVDA,1749246154492,141.6500,141.6800,141.7100,100,4900,191105,141.7000,141.7000,141.7000,141.7000,0.0300,142.1564,33.9010,141.7187,141.7607,141.7105,0.0609,0.00,0.00,0.00,0.00,0.00,0.00,0.00,0.00
NVDA,1749246156010,141.6500,141.6800,141.7100,100,4900,191105,141.6900,141.6900,141.6600,141.6600,0.0300,142.1564,33.9010,141.7187,141.7607,141.7105,0.0609,0.00,0.00,0.00,0.00,0.00,0.00,0.00,0.00
NVDA,1749246156552,141.6500,141.6800,141.7000,100,300,191105,141.6900,141.6900,141.6600,141.6600,0.0200,142.1564,33.9010,141.7187,141.7607,141.7105,0.0609,0.00,0.00,0.00,0.00,0.00,0.00,0.00,0.00
NVDA,1749246156552,141.6500,141.6800,141.7000,100,500,191105,141.6900,141.6900,141.6600,141.6600,0.0200,142.1564,33.9010,141.7187,141.7607,141.7105,0.0609,0.00,0.00,0.00,0.00,0.00,0.00,0.00,0.00
NVDA,1749246158476,141.6500,141.6800,141.7000,100,500,191105,141.6900,141.6900,141.6600,141.6600,0.0200,142.1564,33.9010,141.7187,141.7607,141.7105,0.0609,0.00,0.00,0.00,0.00,0.00,0.00,0.00,0.00
NVDA,1749246159160,141.7000,141.6800,141.7000,100,500,191106,141.6900,141.6900,141.6600,141.6600,0.0200,142.1564,33.9010,141.7187,141.7607,141.7105,0.0609,0.00,0.00,0.00,0.00,0.00,0.00,0.00,0.00
NVDA,1749246159160,141.7000,141.6800,141.7000,100,700,191106,141.6900,141.6900,141.6600,141.6600,0.0200,142.1564,33.9010,141.7187,141.7607,141.7105,0.0609,0.00,0.00,0.00,0.00,0.00,0.00,0.00,0.00
NVDA,1749246159978,141.7000,141.6800,141.7000,100,700,191106,141.6900,141.6900,141.6600,141.6600,0.0200,142.1564,33.9010,141.7187,141.7607,141.7105,0.0609,0.00,0.00,0.00,0.00,0.00,0.00,0.00,0.00
NVDA,1749246160225,141.7000,141.6800,141.7000,100,700,191106,141.6900,141.6900,141.6600,141.6600,0.0200,142.1564,33.9010,141.7187,141.7607,141.7105,0.0609,0.00,0.00,0.00,0.00,0.00,0.00,0.00,0.00
NVDA,1749246160799,141.7000,141.6800,141.7000,100,700,191108,141.6900,141.6900,141.6600,141.6600,0.0200,142.1564,33.9010,141.7187,141.7607,141.7105,0.0609,0.00,0.00,0.00,0.00,0.00,0.00,0.00,0.00
NVDA,1749246160799,141.6900,141.6800,141.7000,100,700,191109,141.6900,141.6900,141.6600,141.6600,0.0200,142.1564,33.9010,141.7187,141.7607,141.7105,0.0609,0.00,0.00,0.00,0.00,0.00,0.00,0.00,0.00
NVDA,1749246160972,141.6900,141.6800,141.7000,100,700,191109,141.6900,141.6900,141.6600,141.6600,0.0200,142.1564,33.9010,141.7187,141.7607,141.7105,0.0609,0.00,0.00,0.00,0.00,0.00,0.00,0.00,0.00
NVDA,1749246161663,141.6900,141.6800,141.7000,100,700,191110,141.6600,141.6600,141.6600,141.6600,0.0200,142.1564,33.9010,141.7187,141.7607,141.7105,0.0609,0.00,0.00,0.00,0.00,0.00,0.00,0.00,0.00
NVDA,1749246162234,141.6900,141.6800,141.7000,100,700,191110,141.6600,141.6600,141.6600,141.6600,0.0200,142.1564,33.9010,141.7187,141.7607,141.7105,0.0609,0.00,0.00,0.00,0.00,0.00,0.00,0.00,0.00
NVDA,1749246162974,141.7000,141.6800,141.7000,100,700,191160,141.6600,141.6600,141.6600,141.6600,0.0200,142.1564,33.9010,141.7187,141.7607,141.7105,0.0609,0.00,0.00,0.00,0.00,0.00,0.00,0.00,0.00
NVDA,1749246163638,141.7000,141.6800,141.7000,100,700,191161,141.6600,141.6600,141.6600,141.6600,0.0200,142.1564,33.9010,141.7187,141.7607,141.7105,0.0609,0.00,0.00,0.00,0.00,0.00,0.00,0.00,0.00
NVDA,1749246166007,141.7000,141.6800,141.7000,100,700,191161,141.6600,141.6600,141.6600,141.6600,0.0200,142.1564,33.9010,141.7187,141.7607,141.7105,0.0609,0.00,0.00,0.00,0.00,0.00,0.00,0.00,0.00
NVDA,1749246166983,141.7000,141.6800,141.7000,100,700,191161,141.6600,141.6600,141.6600,141.6600,0.0200,142.1564,33.9010,141.7187,141.7607,141.7105,0.0609,0.00,0.00,0.00,0.00,0.00,0.00,0.00,0.00
NVDA,1749246167557,141.6900,141.6800,141.7000,100,700,191162,141.6600,141.6600,141.6600,141.6600,0.0200,142.1564,33.9010,141.7187,141.7607,141.7105,0.0609,0.00,0.00,0.00,0.00,0.00,0.00,0.00,0.00
NVDA,1749246169989,141.6900,141.6800,141.7000,100,700,191162,141.6600,141.6600,141.6600,141.6600,0.0200,142.1564,33.9010,141.7187,141.7607,141.7105,0.0609,0.00,0.00,0.00,0.00,0.00,0.00,0.00,0.00
NVDA,1749246170237,141.6900,141.6800,141.7000,100,700,191162,141.6600,141.6600,141.6600,141.6600,0.0200,142.1564,33.9010,141.7187,141.7607,141.7105,0.0609,0.00,0.00,0.00,0.00,0.00,0.00,0.00,0.00
NVDA,1749246170520,141.6900,141.6800,141.7000,100,700,191163,141.6600,141.6600,141.6600,141.6600,0.0200,142.1564,33.9010,141.7187,141.7607,141.7105,0.0609,0.00,0.00,0.00,0.00,0.00,0.00,0.00,0.00
NVDA,1749246170520,141.7000,141.6800,141.7000,100,700,191164,141.6600,141.6600,141.6600,141.6600,0.0200,142.1564,33.9010,141.7187,141.7607,141.7105,0.0609,0.00,0.00,0.00,0.00,0.00,0.00,0.00,0.00
NVDA,1749246170747,141.7000,141.6800,141.7000,100,700,191164,141.6600,141.6600,141.6600,141.6600,0.0200,142.1564,33.9010,141.7187,141.7607,141.7105,0.0609,0.00,0.00,0.00,0.00,0.00,0.00,0.00,0.00
NVDA,1749246171015,141.7000,141.6800,141.7000,100,700,191164,141.6600,141.6600,141.6600,141.6600,0.0200,142.1564,33.9010,141.7187,141.7607,141.7105,0.0609,0.00,0.00,0.00,0.00,0.00,0.00,0.00,0.00
NVDA,1749246171329,141.7000,141.6800,141.7000,100,700,191264,141.6600,141.6600,141.6600,141.6600,0.0200,142.1564,33.9010,141.7187,141.7607,141.7105,0.0609,0.00,0.00,0.00,0.00,0.00,0.00,0.00,0.00
NVDA,1749246172566,141.7000,141.6700,141.7000,300,700,191264,141.6600,141.6600,141.6600,141.6600,0.0300,142.1564,33.9010,141.7187,141.7607,141.7105,0.0609,0.00,0.00,0.00,0.00,0.00,0.00,0.00,0.00
NVDA,1749246173246,141.7000,141.6700,141.7000,300,700,191264,141.6600,141.6600,141.6600,141.6600,0.0300,142.1564,33.9010,141.7187,141.7607,141.7105,0.0609,0.00,0.00,0.00,0.00,0.00,0.00,0.00,0.00
NVDA,1749246173831,141.7000,141.6700,141.6800,100,100,191264,141.6600,141.6600,141.6600,141.6600,0.0100,142.1564,33.9010,141.7187,141.7607,141.7105,0.0609,0.00,0.00,0.00,0.00,0.00,0.00,0.00,0.00
NVDA,1749246173831,141.7000,141.6700,141.7000,100,700,191264,141.6600,141.6600,141.6600,141.6600,0.0300,142.1564,33.9010,141.7187,141.7607,141.7105,0.0609,0.00,0.00,0.00,0.00,0.00,0.00,0.00,0.00
NVDA,1749246173831,141.6700,141.6700,141.7000,100,700,191464,141.6600,141.6600,141.6600,141.6600,0.0300,142.1564,33.9010,141.7187,141.7607,141.7105,0.0609,0.00,0.00,0.00,0.00,0.00,0.00,0.00,0.00
NVDA,1749246173831,141.6800,141.6700,141.7000,100,700,191467,141.6600,141.6600,141.6600,141.6600,0.0300,142.1564,33.9010,141.7187,141.7607,141.7105,0.0609,0.00,0.00,0.00,0.00,0.00,0.00,0.00,0.00
NVDA,1749246174410,141.6800,141.6700,141.7000,100,800,191472,141.6600,141.6600,141.6600,141.6600,0.0300,142.1564,33.9010,141.7187,141.7607,141.7105,0.0609,0.00,0.00,0.00,0.00,0.00,0.00,0.00,0.00
NVDA,1749246176011,141.6800,141.6700,141.7000,100,800,191472,141.7000,141.7000,141.6700,141.6700,0.0300,142.1564,33.9010,141.7187,141.7607,141.7105,0.0609,0.00,0.00,0.00,0.00,0.00,0.00,0.00,0.00
NVDA,1749246176406,141.6800,141.6700,141.7000,100,600,191472,141.7000,141.7000,141.6700,141.6700,0.0300,142.1564,33.9010,141.7187,141.7607,141.7105,0.0609,0.00,0.00,0.00,0.00,0.00,0.00,0.00,0.00
NVDA,1749246177746,141.6800,141.6700,141.7000,100,600,191472,141.7000,141.7000,141.6700,141.6700,0.0300,142.1564,33.9010,141.7187,141.7607,141.7105,0.0609,0.00,0.00,0.00,0.00,0.00,0.00,0.00,0.00
